split,source,group_key,pramana_label,text_hash
train,ibm_reviewed,topic__We should abandon the use of school uniform,Anumana,4648709995768313297
train,nyaya_synthetic,tmpl__no_template_family,Anumana,1551135799223035602
train,ibm_reviewed,topic__The USA is a good country to live in,Anumana,783707598387547919
train,nyaya_synthetic,tmpl__no_template_family,Anumana,6088662135041821862
train,ibm_reviewed,topic__We should adopt libertarianism,Anumana,8448339383117158736
train,ibm_reviewed,topic__The USA is a good country to live in,Anumana,2514739283258488502
train,nyaya_synthetic,tmpl__no_template_family,Anumana,7123563997110431005
train,aaec_reviewed,essay__essay104,Anumana,3246256628476761807
train,nyaya_synthetic,tmpl__no_template_family,Anumana,1006463021633176622
train,aaec_reviewed,essay__essay062,Upamana,3046538559186040850
train,ibm_reviewed,topic__We should end mandatory retirement,Anumana,6838882532987141078
train,ibm_reviewed,topic__We should ban private military companies,Shabda,4692496668562072980
train,nyaya_synthetic,tmpl__no_template_family,Anumana,8259086417614657395
train,ibm_reviewed,topic__We should ban the use of child actors,Anumana,7549167320508917156
train,nyaya_synthetic,tmpl__in_domain__clinical_triage,Pratyaksha,3723028984816509307
train,nyaya_synthetic,tmpl__no_template_family,Anumana,7223008337758777821
train,aaec_reviewed,essay__essay096,Anumana,2043834361419272712
train,nyaya_synthetic,tmpl__no_template_family,Anumana,5173209070125387531
train,ibm_reviewed,topic__We should abandon the use of school uniform,Anumana,28312276285469457
train,ibm_reviewed,topic__We should subsidize student loans,Anumana,5910520329458934617
train,ibm_reviewed,topic__We should adopt atheism,Anumana,6950549135889353005
train,nyaya_synthetic,tmpl__no_template_family,Anumana,36144137470632471
train,aaec_reviewed,essay__essay379,Anumana,3495180294055023696
train,ibm_reviewed,topic__We should subsidize space exploration,Anumana,2014603446725085501
train,nyaya_synthetic,tmpl__no_template_family,Anumana,2129385885699033249
train,ibm_reviewed,topic__We should legalize prostitution,Anumana,8451179623591520109
train,nyaya_synthetic,tmpl__no_template_family,Shabda,8798136586814124468
train,ibm_reviewed,topic__We should ban the use of child actors,Anumana,2322052430609532856
train,ibm_reviewed,topic__We should subsidize journalism,Shabda,4435857008093590945
train,nyaya_synthetic,tmpl__no_template_family,Anumana,172287034279855569
train,nyaya_synthetic,tmpl__in_domain__school_policy,Pratyaksha,8313395337616948588
train,nyaya_synthetic,tmpl__master_augmentation__politics,Anumana,2727623927567283689
train,nyaya_synthetic,tmpl__no_template_family,Shabda,5454466436046783086
train,nyaya_synthetic,tmpl__no_template_family,Anumana,8259086417614657395
train,ibm_reviewed,topic__We should abandon the use of school uniform,Anumana,7249741513815489237
train,ibm_reviewed,topic__We should adopt an austerity regime,Anumana,2693465134497504113
train,ibm_reviewed,topic__We should end the use of economic sanctions,Anumana,2540880967454551363
train,ibm_reviewed,topic__We should legalize cannabis,Pratyaksha,5609127830382667546
train,aaec_reviewed,essay__essay085,Anumana,436425430438738669
train,aaec_reviewed,essay__essay370,Anumana,2893911862952175476
train,nyaya_synthetic,tmpl__no_template_family,Anumana,6491491988368329038
train,nyaya_synthetic,tmpl__no_template_family,Anumana,6491491988368329038
train,nyaya_synthetic,tmpl__no_template_family,Upamana,8467837375567146360
train,aaec_reviewed,essay__essay304,Upamana,8779126948454115033
train,aaec_reviewed,essay__essay204,Anumana,4710494231562742450
train,aaec_reviewed,essay__essay244,Anumana,2462963598312712411
train,nyaya_synthetic,tmpl__no_template_family,Anumana,2504506374633681770
train,nyaya_synthetic,tmpl__no_template_family,Anumana,7883811074870399014
train,ibm_reviewed,topic__We should abolish capital punishment,Anumana,5307746942898951995
train,nyaya_synthetic,tmpl__in_domain__politics,Pratyaksha,1062849579259470724
train,nyaya_synthetic,tmpl__no_template_family,Anumana,2491578883129729737
train,nyaya_synthetic,tmpl__no_template_family,Anumana,4903358322300538663
train,ibm_reviewed,topic__Entrapment should be legalized,Anumana,8252346872524872354
train,nyaya_synthetic,tmpl__no_template_family,Shabda,1613393580537948868
train,ibm_reviewed,topic__We should subsidize vocational education,Anumana,2919533370913159899
train,nyaya_synthetic,tmpl__no_template_family,Anumana,2476079343168165074
train,nyaya_synthetic,tmpl__no_template_family,Anumana,9007988846954350591
train,nyaya_synthetic,tmpl__no_template_family,Anumana,570614381937558021
train,ibm_reviewed,topic__We should subsidize student loans,Anumana,52758310465777329
train,ibm_reviewed,topic__We should adopt atheism,Anumana,7326123190514141874
train,ibm_reviewed,topic__We should subsidize vocational education,Anumana,7651511199924711424
train,aaec_reviewed,essay__essay311,Anumana,1508976666428057296
train,nyaya_synthetic,tmpl__no_template_family,Shabda,2666886899867018700
train,ibm_reviewed,topic__We should adopt atheism,Anumana,3420245827989100442
train,nyaya_synthetic,tmpl__no_template_family,Anumana,1551135799223035602
train,nyaya_synthetic,tmpl__no_template_family,Shabda,3163756377559107427
train,ibm_reviewed,topic__We should end mandatory retirement,Anumana,3022921102861275397
train,ibm_reviewed,topic__Entrapment should be legalized,Anumana,5385965412370204238
train,nyaya_synthetic,tmpl__no_template_family,Anumana,1326120718262871413
train,nyaya_synthetic,tmpl__no_template_family,Pratyaksha,6872786900724564958
train,aaec_reviewed,essay__essay321,Anumana,5122556547673436134
train,ibm_reviewed,topic__Foster care brings more harm than good,Anumana,2376551916813083365
train,nyaya_synthetic,tmpl__no_template_family,Anumana,3316014568813256074
train,nyaya_synthetic,tmpl__no_template_family,Upamana,8705255565982434596
train,ibm_reviewed,topic__We should end mandatory retirement,Anumana,1007420669046292104
train,ibm_reviewed,topic__We should ban the use of child actors,Anumana,4125083029879719908
train,aaec_reviewed,essay__essay045,Anumana,8747226136511887077
train,ibm_reviewed,topic__We should adopt atheism,Anumana,8965184461014975554
train,nyaya_synthetic,tmpl__no_template_family,Shabda,8814262710402308922
train,nyaya_synthetic,tmpl__no_template_family,Anumana,8609345649543225621
train,aaec_reviewed,essay__essay177,Upamana,5211677728939194494
train,nyaya_synthetic,tmpl__no_template_family,Upamana,7537116999825859185
train,ibm_reviewed,topic__We should end racial profiling,Anumana,818605031409253733
train,ibm_reviewed,topic__We should ban cosmetic surgery,Anumana,3079892115386551844
train,nyaya_synthetic,tmpl__no_template_family,Anumana,7798798547797723491
train,aaec_reviewed,essay__essay358,Anumana,7316700442371463867
train,ibm_reviewed,topic__Entrapment should be legalized,Anumana,7014627778168223337
train,nyaya_synthetic,tmpl__in_domain__urban_planning,Pratyaksha,508920796624024385
train,nyaya_synthetic,tmpl__no_template_family,Shabda,77719018598268592
train,aaec_reviewed,essay__essay119,Anumana,5534233987573530585
train,aaec_reviewed,essay__essay292,Shabda,1761649435020171841
train,ibm_reviewed,topic__We should abolish capital punishment,Anumana,5190524722148795599
train,aaec_reviewed,essay__essay305,Anumana,1931399001121556120
train,nyaya_synthetic,tmpl__no_template_family,Anumana,7096380548221854374
train,nyaya_synthetic,tmpl__no_template_family,Anumana,5070871058365404918
train,nyaya_synthetic,tmpl__no_template_family,Anumana,5374924415142441964
train,nyaya_synthetic,tmpl__no_template_family,Anumana,1537064142059447235
train,aaec_reviewed,essay__essay166,Anumana,1820915253915807766
train,ibm_reviewed,topic__We should adopt atheism,Anumana,5042035916177234241
train,ibm_reviewed,topic__We should subsidize vocational education,Anumana,1316062370345839770
train,ibm_reviewed,topic__We should introduce compulsory voting,Anumana,5551415308903139170
train,ibm_reviewed,topic__We should abolish the three-strikes laws,Anumana,1429059882170202040
train,ibm_reviewed,topic__We should close Guantanamo Bay detention camp,Anumana,5742466242164703075
train,nyaya_synthetic,tmpl__no_template_family,Anumana,7721662394472392984
train,nyaya_synthetic,tmpl__no_template_family,Anumana,8834061985580560798
train,ibm_reviewed,topic__We should abolish the three-strikes laws,Anumana,1928468494008835824
train,nyaya_synthetic,tmpl__no_template_family,Anumana,876850792868586313
train,ibm_reviewed,topic__We should ban private military companies,Anumana,5843061226337063758
train,aaec_reviewed,essay__essay036,Anumana,9027327132535021487
train,nyaya_synthetic,tmpl__no_template_family,Anumana,4389242293809971122
train,nyaya_synthetic,tmpl__no_template_family,Anumana,7821202552107763782
train,nyaya_synthetic,tmpl__no_template_family,Anumana,876850792868586313
train,aaec_reviewed,essay__essay320,Anumana,4245183470244177642
train,nyaya_synthetic,tmpl__in_domain__social_media_discourse,Upamana,8224913829280365313
train,ibm_reviewed,topic__Foster care brings more harm than good,Anumana,7367009115758858785
train,nyaya_synthetic,tmpl__no_template_family,Anumana,1724721623238367942
train,aaec_reviewed,essay__essay359,Anumana,1579942945712106462
train,ibm_reviewed,topic__We should ban the use of child actors,Anumana,4874697931881394041
train,nyaya_synthetic,tmpl__no_template_family,Pratyaksha,5561486168944069506
train,nyaya_synthetic,tmpl__no_template_family,Anumana,7759923579506844727
train,nyaya_synthetic,tmpl__master_augmentation__daily_life,Upamana,6125703669378923628
train,ibm_reviewed,topic__We should subsidize student loans,Anumana,6080540866894357655
train,nyaya_synthetic,tmpl__no_template_family,Anumana,160543578832734347
train,nyaya_synthetic,tmpl__no_template_family,Upamana,349570402684639358
train,nyaya_synthetic,tmpl__no_template_family,Anumana,1981416647463507998
train,nyaya_synthetic,tmpl__no_template_family,Anumana,6088662135041821862
train,nyaya_synthetic,tmpl__no_template_family,Anumana,1030492067429269797
train,nyaya_synthetic,tmpl__no_template_family,Anumana,6946659780282664695
train,nyaya_synthetic,tmpl__no_template_family,Anumana,3630374641286105561
train,ibm_reviewed,topic__We should subsidize student loans,Anumana,7504733334387406898
train,nyaya_synthetic,tmpl__no_template_family,Anumana,7414873411757165997
train,ibm_reviewed,topic__We should end mandatory retirement,Anumana,3781462768888763855
train,nyaya_synthetic,tmpl__no_template_family,Anumana,2744084345372955070
train,ibm_reviewed,topic__Entrapment should be legalized,Anumana,3669349615733062342
train,ibm_reviewed,topic__We should fight for the abolition of nuclear weapons,Anumana,6775274196260109938
train,aaec_reviewed,essay__essay108,Anumana,8978395300171900944
train,ibm_reviewed,topic__We should subsidize vocational education,Anumana,3210586517771569005
train,nyaya_synthetic,tmpl__no_template_family,Anumana,2184808112915024282
train,ibm_reviewed,topic__We should end the use of economic sanctions,Anumana,9216679712560006293
train,nyaya_synthetic,tmpl__no_template_family,Anumana,7223008337758777821
train,ibm_reviewed,topic__We should fight for the abolition of nuclear weapons,Anumana,901300147192639212
train,nyaya_synthetic,tmpl__no_template_family,Shabda,1239870764144792209
train,aaec_reviewed,essay__essay291,Anumana,1251758080006329759
train,ibm_reviewed,topic__We should abolish capital punishment,Anumana,3697417752970926922
train,ibm_reviewed,topic__We should ban cosmetic surgery,Anumana,3565335015165401048
train,nyaya_synthetic,tmpl__no_template_family,Anumana,5173209070125387531
train,nyaya_synthetic,tmpl__no_template_family,Anumana,2233831975047672770
train,nyaya_synthetic,tmpl__no_template_family,Anumana,4886377956040602155
train,ibm_reviewed,topic__We should adopt an austerity regime,Anumana,2355418975411739616
train,ibm_reviewed,topic__We should legalize cannabis,Anumana,3682640151016331249
train,ibm_reviewed,topic__Routine child vaccinations should be mandatory,Anumana,4941591126995526919
train,aaec_reviewed,essay__essay152,Upamana,8871723331550791258
train,nyaya_synthetic,tmpl__no_template_family,Anumana,6202051880037184552
train,aaec_reviewed,essay__essay058,Anumana,9176439546376573021
train,ibm_reviewed,topic__We should adopt an austerity regime,Anumana,2436861857047416821
train,nyaya_synthetic,tmpl__master_augmentation__legal_reasoning,Anumana,6756078520289023521
train,nyaya_synthetic,tmpl__no_template_family,Anumana,1981416647463507998
train,ibm_reviewed,topic__We should legalize cannabis,Pratyaksha,6757141693397022965
train,aaec_reviewed,essay__essay234,Anumana,1127834032800129933
train,ibm_reviewed,topic__We should legalize prostitution,Anumana,5806604621903296381
train,nyaya_synthetic,tmpl__no_template_family,Anumana,244116198961817691
train,ibm_reviewed,topic__We should end the use of economic sanctions,Anumana,2884316915187333455
train,aaec_reviewed,essay__essay140,Anumana,5131531401856990808
train,ibm_reviewed,topic__We should legalize prostitution,Anumana,6273375136956698641
train,nyaya_synthetic,tmpl__no_template_family,Anumana,9007988846954350591
train,nyaya_synthetic,tmpl__no_template_family,Anumana,2289434440779096490
train,ibm_reviewed,topic__We should adopt libertarianism,Anumana,3314309840867897689
train,ibm_reviewed,topic__We should abandon marriage,Anumana,3151480791237697130
train,nyaya_synthetic,tmpl__no_template_family,Anumana,934977937391676435
train,ibm_reviewed,topic__We should introduce compulsory voting,Anumana,8537933867115866178
train,ibm_reviewed,topic__We should ban the use of child actors,Anumana,8108278968273738514
train,ibm_reviewed,topic__We should abolish capital punishment,Anumana,1459194682776918626
train,nyaya_synthetic,tmpl__no_template_family,Upamana,2154093893836599813
train,nyaya_synthetic,tmpl__no_template_family,Anumana,6586614920189627052
train,nyaya_synthetic,tmpl__no_template_family,Anumana,1273249786302030325
train,nyaya_synthetic,tmpl__no_template_family,Pratyaksha,2648783830921870805
train,ibm_reviewed,topic__We should ban the use of child actors,Anumana,1420260522051669653
train,ibm_reviewed,topic__We should ban cosmetic surgery,Anumana,2610255874066535139
train,nyaya_synthetic,tmpl__no_template_family,Shabda,2162333120982535749
train,ibm_reviewed,topic__We should abolish the three-strikes laws,Anumana,5010656819230482472
train,aaec_reviewed,essay__essay381,Anumana,6238177587254591926
train,ibm_reviewed,topic__Homeschooling should be banned,Anumana,5902611058550690144
train,ibm_reviewed,topic__Entrapment should be legalized,Anumana,6752654401874478364
train,nyaya_synthetic,tmpl__no_template_family,Upamana,488911824992428796
train,ibm_reviewed,topic__We should legalize cannabis,Shabda,6109258953556950243
train,ibm_reviewed,topic__Homeschooling should be banned,Anumana,7215396308035270673
train,nyaya_synthetic,tmpl__no_template_family,Anumana,7798798547797723491
train,aaec_reviewed,essay__essay268,Anumana,4364578484389635657
train,aaec_reviewed,essay__essay174,Anumana,7680615424924192348
train,nyaya_synthetic,tmpl__no_template_family,Anumana,6586614920189627052
train,aaec_reviewed,essay__essay091,Anumana,2884970419290485854
train,aaec_reviewed,essay__essay207,Anumana,8987634566992959199
train,nyaya_synthetic,tmpl__no_template_family,Anumana,6946659780282664695
train,nyaya_synthetic,tmpl__no_template_family,Pratyaksha,6542250218637125984
train,ibm_reviewed,topic__Homeschooling should be banned,Anumana,3246974351364369865
train,nyaya_synthetic,tmpl__no_template_family,Pratyaksha,936287865880719304
train,nyaya_synthetic,tmpl__no_template_family,Pratyaksha,2353686398638999348
train,ibm_reviewed,topic__We should ban private military companies,Shabda,2926092288833648555
train,nyaya_synthetic,tmpl__no_template_family,Anumana,5173209070125387531
train,aaec_reviewed,essay__essay172,Anumana,1634063760626013724
train,ibm_reviewed,topic__We should ban cosmetic surgery,Anumana,4331654224511419776
train,ibm_reviewed,topic__We should adopt atheism,Anumana,4580207332875189264
train,ibm_reviewed,topic__We should abandon the use of school uniform,Anumana,1524158910287658648
train,nyaya_synthetic,tmpl__no_template_family,Anumana,6510441274164849382
train,nyaya_synthetic,tmpl__in_domain__science,Upamana,1198384146963548764
train,nyaya_synthetic,tmpl__no_template_family,Upamana,8476456125463093945
train,nyaya_synthetic,tmpl__no_template_family,Anumana,876850792868586313
train,nyaya_synthetic,tmpl__in_domain__science,Upamana,143579350408634185
train,nyaya_synthetic,tmpl__no_template_family,Anumana,2184808112915024282
train,ibm_reviewed,topic__We should close Guantanamo Bay detention camp,Anumana,3759975455260148819
train,aaec_reviewed,essay__essay381,Anumana,1970045127889952064
train,nyaya_synthetic,tmpl__no_template_family,Anumana,7883811074870399014
train,nyaya_synthetic,tmpl__no_template_family,Upamana,5070145316469915150
train,aaec_reviewed,essay__essay028,Anumana,1362718495714928506
train,nyaya_synthetic,tmpl__no_template_family,Anumana,3316014568813256074
train,ibm_reviewed,topic__We should legalize cannabis,Anumana,5270597309148171902
train,ibm_reviewed,topic__We should subsidize journalism,Shabda,1618464390132824731
train,aaec_reviewed,essay__essay194,Anumana,8342878101990064740
train,aaec_reviewed,essay__essay014,Anumana,4231486914550862124
train,nyaya_synthetic,tmpl__no_template_family,Anumana,3630374641286105561
train,ibm_reviewed,topic__We should subsidize journalism,Anumana,46097530933096491
train,ibm_reviewed,topic__We should legalize cannabis,Anumana,3518025950505629886
train,ibm_reviewed,topic__Entrapment should be legalized,Anumana,6733697747256863378
train,ibm_reviewed,topic__We should subsidize journalism,Shabda,5436112111585980921
train,ibm_reviewed,topic__We should ban cosmetic surgery,Anumana,5428680031319606615
train,ibm_reviewed,topic__We should end the use of economic sanctions,Anumana,5743029551470463087
train,nyaya_synthetic,tmpl__no_template_family,Anumana,411110786509147675
train,ibm_reviewed,topic__We should subsidize vocational education,Anumana,7656590167348153898
train,ibm_reviewed,topic__We should legalize prostitution,Anumana,2696384188590468393
train,nyaya_synthetic,tmpl__no_template_family,Anumana,3956180117174906563
train,nyaya_synthetic,tmpl__no_template_family,Pratyaksha,4857893348618070847
train,nyaya_synthetic,tmpl__in_domain__constitutional_law,Pratyaksha,8017107146782022440
train,aaec_reviewed,essay__essay170,Anumana,5686458117801271320
train,nyaya_synthetic,tmpl__in_domain__technology,Pratyaksha,3405687029964426433
train,aaec_reviewed,essay__essay189,Anumana,157545257603981927
train,ibm_reviewed,topic__We should adopt libertarianism,Shabda,7839745218806043528
train,ibm_reviewed,topic__We should subsidize student loans,Anumana,2470066006967564193
train,aaec_reviewed,essay__essay158,Anumana,241040853837846775
train,nyaya_synthetic,tmpl__no_template_family,Shabda,8825360712553044408
train,nyaya_synthetic,tmpl__no_template_family,Anumana,7414873411757165997
train,nyaya_synthetic,tmpl__no_template_family,Shabda,9017654276778114667
train,nyaya_synthetic,tmpl__no_template_family,Anumana,244116198961817691
train,ibm_reviewed,topic__We should end the use of economic sanctions,Anumana,2266415673761160709
train,nyaya_synthetic,tmpl__no_template_family,Anumana,284937007188640745
train,nyaya_synthetic,tmpl__master_augmentation__science,Anumana,5876078593255186956
train,nyaya_synthetic,tmpl__no_template_family,Anumana,2129385885699033249
train,ibm_reviewed,topic__We should abandon marriage,Anumana,674415837721070008
train,ibm_reviewed,topic__Foster care brings more harm than good,Anumana,3035912202932270932
train,nyaya_synthetic,tmpl__no_template_family,Anumana,1724721623238367942
train,nyaya_synthetic,tmpl__no_template_family,Anumana,2129385885699033249
train,ibm_reviewed,topic__We should ban cosmetic surgery,Upamana,4992097606699949567
train,ibm_reviewed,topic__We should adopt an austerity regime,Anumana,2155404257105148274
train,ibm_reviewed,topic__We should adopt an austerity regime,Shabda,4359589320558339336
train,nyaya_synthetic,tmpl__no_template_family,Anumana,6202051880037184552
train,nyaya_synthetic,tmpl__no_template_family,Anumana,4812838184032174511
train,nyaya_synthetic,tmpl__no_template_family,Anumana,4720812874348510428
train,nyaya_synthetic,tmpl__no_template_family,Anumana,2491578883129729737
train,nyaya_synthetic,tmpl__no_template_family,Anumana,8745438693172707158
train,ibm_reviewed,topic__We should abolish capital punishment,Anumana,3969679044855058526
train,ibm_reviewed,topic__We should adopt libertarianism,Anumana,7243540463754116429
train,aaec_reviewed,essay__essay166,Anumana,666925170012172593
train,aaec_reviewed,essay__essay077,Shabda,6572195978303670540
train,nyaya_synthetic,tmpl__no_template_family,Shabda,9075613978641691008
train,nyaya_synthetic,tmpl__master_augmentation__public_debate,Upamana,7224069633512467769
train,ibm_reviewed,topic__We should introduce compulsory voting,Anumana,9039970720148844322
train,ibm_reviewed,topic__We should abandon the use of school uniform,Anumana,4680394973869834521
train,ibm_reviewed,topic__We should end the use of economic sanctions,Anumana,4438162025484563309
train,nyaya_synthetic,tmpl__no_template_family,Shabda,7434887550862364841
train,nyaya_synthetic,tmpl__no_template_family,Anumana,6491491988368329038
train,ibm_reviewed,topic__We should end mandatory retirement,Anumana,8820289023208634379
train,ibm_reviewed,topic__We should fight for the abolition of nuclear weapons,Anumana,8443735036416243937
train,nyaya_synthetic,tmpl__no_template_family,Anumana,4354001306756334277
train,ibm_reviewed,topic__We should abolish the three-strikes laws,Anumana,4469391507645634313
train,nyaya_synthetic,tmpl__no_template_family,Anumana,934977937391676435
train,ibm_reviewed,topic__We should subsidize student loans,Anumana,3555009019671202702
train,nyaya_synthetic,tmpl__no_template_family,Anumana,7396626674944014585
train,nyaya_synthetic,tmpl__no_template_family,Anumana,6517651940977866497
train,ibm_reviewed,topic__Routine child vaccinations should be mandatory,Anumana,6885428945274265406
train,aaec_reviewed,essay__essay132,Anumana,6217106449121724862
train,ibm_reviewed,topic__We should ban private military companies,Anumana,448438359967656966
train,aaec_reviewed,essay__essay273,Anumana,7340987897662557291
train,aaec_reviewed,essay__essay349,Upamana,8001205502133756465
train,aaec_reviewed,essay__essay140,Anumana,5665417928676172246
train,ibm_reviewed,topic__We should subsidize space exploration,Anumana,1330021174745591926
train,ibm_reviewed,topic__We should abandon the use of school uniform,Anumana,346756838605527702
train,aaec_reviewed,essay__essay288,Anumana,1341732884684294119
train,ibm_reviewed,topic__We should end racial profiling,Anumana,5778335947685357101
train,nyaya_synthetic,tmpl__no_template_family,Pratyaksha,1335084615919364326
train,nyaya_synthetic,tmpl__no_template_family,Anumana,2219081318387088777
train,aaec_reviewed,essay__essay349,Anumana,266432760946166919
train,nyaya_synthetic,tmpl__no_template_family,Shabda,6300386434132271042
train,nyaya_synthetic,tmpl__no_template_family,Anumana,9007988846954350591
train,nyaya_synthetic,tmpl__in_domain__social_media_discourse,Upamana,7180952174000326052
train,nyaya_synthetic,tmpl__no_template_family,Anumana,7096380548221854374
train,nyaya_synthetic,tmpl__no_template_family,Pratyaksha,4269226408745167137
train,ibm_reviewed,topic__We should subsidize space exploration,Anumana,6242234851180839404
train,ibm_reviewed,topic__We should end mandatory retirement,Anumana,2326875674558826066
train,nyaya_synthetic,tmpl__no_template_family,Anumana,7821202552107763782
train,nyaya_synthetic,tmpl__no_template_family,Anumana,8609345649543225621
train,ibm_reviewed,topic__Entrapment should be legalized,Anumana,1595362293672773754
train,nyaya_synthetic,tmpl__no_template_family,Upamana,6300519629573609241
train,nyaya_synthetic,tmpl__no_template_family,Shabda,1648021971683607314
train,nyaya_synthetic,tmpl__no_template_family,Anumana,4224502081000084387
train,nyaya_synthetic,tmpl__no_template_family,Anumana,2651069721044115101
train,ibm_reviewed,topic__Foster care brings more harm than good,Anumana,4090943536129940607
train,aaec_reviewed,essay__essay399,Anumana,7175162116620378951
train,nyaya_synthetic,tmpl__no_template_family,Anumana,6586614920189627052
train,aaec_reviewed,essay__essay074,Anumana,1190944887277826168
train,nyaya_synthetic,tmpl__no_template_family,Anumana,284937007188640745
train,nyaya_synthetic,tmpl__master_augmentation__social_media_discourse,Shabda,2910802493277481535
train,nyaya_synthetic,tmpl__no_template_family,Pratyaksha,2382590236968784146
train,ibm_reviewed,topic__We should end the use of economic sanctions,Anumana,3474079723237356826
train,nyaya_synthetic,tmpl__no_template_family,Anumana,1326120718262871413
train,ibm_reviewed,topic__Foster care brings more harm than good,Anumana,6707949793729322307
train,nyaya_synthetic,tmpl__no_template_family,Anumana,1030492067429269797
train,ibm_reviewed,topic__We should abandon marriage,Anumana,6736864659985487982
train,nyaya_synthetic,tmpl__no_template_family,Anumana,1006463021633176622
train,ibm_reviewed,topic__We should ban private military companies,Anumana,544760157643717950
train,aaec_reviewed,essay__essay261,Anumana,8008778233497514769
train,nyaya_synthetic,tmpl__no_template_family,Anumana,2651069721044115101
train,nyaya_synthetic,tmpl__no_template_family,Anumana,7277832682764423201
train,nyaya_synthetic,tmpl__no_template_family,Anumana,7721662394472392984
train,ibm_reviewed,topic__We should adopt atheism,Anumana,5705542865617305684
train,ibm_reviewed,topic__We should introduce compulsory voting,Upamana,736789869402362666
train,nyaya_synthetic,tmpl__no_template_family,Anumana,1724721623238367942
train,ibm_reviewed,topic__Routine child vaccinations should be mandatory,Anumana,8452600180205000789
train,nyaya_synthetic,tmpl__in_domain__politics,Upamana,1148945244980370669
train,nyaya_synthetic,tmpl__no_template_family,Shabda,657933565400471193
train,nyaya_synthetic,tmpl__no_template_family,Anumana,1030492067429269797
train,nyaya_synthetic,tmpl__no_template_family,Anumana,3316014568813256074
train,aaec_reviewed,essay__essay346,Anumana,378115086349222967
train,nyaya_synthetic,tmpl__no_template_family,Anumana,2476079343168165074
train,nyaya_synthetic,tmpl__no_template_family,Anumana,6569592106637267690
train,nyaya_synthetic,tmpl__no_template_family,Anumana,7414873411757165997
train,ibm_reviewed,topic__We should introduce compulsory voting,Anumana,2351595315143804168
train,nyaya_synthetic,tmpl__no_template_family,Anumana,8609345649543225621
train,nyaya_synthetic,tmpl__no_template_family,Pratyaksha,6421384147707756980
train,aaec_reviewed,essay__essay327,Anumana,1651543276521090782
train,ibm_reviewed,topic__We should ban private military companies,Anumana,7059374054436643888
train,aaec_reviewed,essay__essay332,Anumana,36636240537915571
train,ibm_reviewed,topic__We should abolish capital punishment,Anumana,8454360480214833906
train,ibm_reviewed,topic__We should ban the use of child actors,Anumana,557961588427924815
train,ibm_reviewed,topic__We should end mandatory retirement,Anumana,658111027267950200
train,ibm_reviewed,topic__We should adopt an austerity regime,Anumana,2954699160257413219
train,nyaya_synthetic,tmpl__no_template_family,Anumana,8609345649543225621
train,nyaya_synthetic,tmpl__no_template_family,Anumana,36144137470632471
train,nyaya_synthetic,tmpl__no_template_family,Shabda,4347539325361632509
train,nyaya_synthetic,tmpl__no_template_family,Anumana,6491491988368329038
train,nyaya_synthetic,tmpl__master_augmentation__social_media_discourse,Anumana,2910802493277481535
train,ibm_reviewed,topic__We should end racial profiling,Anumana,8703831095311235414
train,ibm_reviewed,topic__We should legalize prostitution,Anumana,7106926731381648986
train,nyaya_synthetic,tmpl__no_template_family,Anumana,570614381937558021
train,nyaya_synthetic,tmpl__no_template_family,Shabda,1074762249798253859
train,aaec_reviewed,essay__essay265,Anumana,751069565247762200
train,ibm_reviewed,topic__We should fight for the abolition of nuclear weapons,Anumana,8366357774209018937
train,ibm_reviewed,topic__We should end racial profiling,Anumana,6818282810619128812
train,nyaya_synthetic,tmpl__no_template_family,Anumana,1551135799223035602
train,ibm_reviewed,topic__We should adopt an austerity regime,Anumana,7579164969868617962
train,ibm_reviewed,topic__Routine child vaccinations should be mandatory,Anumana,2243024750544753685
train,nyaya_synthetic,tmpl__no_template_family,Anumana,7277832682764423201
train,ibm_reviewed,topic__We should adopt libertarianism,Anumana,5622983474557969059
train,ibm_reviewed,topic__We should adopt an austerity regime,Anumana,9071311581155061135
train,ibm_reviewed,topic__We should close Guantanamo Bay detention camp,Anumana,1749904915317829412
train,ibm_reviewed,topic__We should abolish capital punishment,Anumana,7963432654028570835
train,ibm_reviewed,topic__We should subsidize space exploration,Anumana,5056632493316425071
train,nyaya_synthetic,tmpl__no_template_family,Anumana,4720812874348510428
train,ibm_reviewed,topic__We should ban the use of child actors,Anumana,1664419570994325762
train,nyaya_synthetic,tmpl__no_template_family,Anumana,6586614920189627052
train,nyaya_synthetic,tmpl__no_template_family,Anumana,36144137470632471
train,nyaya_synthetic,tmpl__no_template_family,Anumana,4522094379712906839
train,ibm_reviewed,topic__We should abolish capital punishment,Anumana,6615903391031997604
train,nyaya_synthetic,tmpl__no_template_family,Anumana,7721662394472392984
train,ibm_reviewed,topic__We should adopt atheism,Anumana,7591310751223323560
train,aaec_reviewed,essay__essay028,Anumana,7735778908767040809
train,aaec_reviewed,essay__essay369,Anumana,2304728316128494302
train,ibm_reviewed,topic__Foster care brings more harm than good,Anumana,6825527453048719127
train,aaec_reviewed,essay__essay016,Anumana,2699771114303528645
train,nyaya_synthetic,tmpl__no_template_family,Anumana,1327838692032956625
train,ibm_reviewed,topic__The USA is a good country to live in,Anumana,6557325087308594166
train,ibm_reviewed,topic__Routine child vaccinations should be mandatory,Anumana,2563460865673146100
train,ibm_reviewed,topic__Homeschooling should be banned,Anumana,7416104946088354457
train,nyaya_synthetic,tmpl__no_template_family,Pratyaksha,5599547052087985672
train,nyaya_synthetic,tmpl__no_template_family,Anumana,2729171336452047035
train,nyaya_synthetic,tmpl__no_template_family,Shabda,9038003745231493361
train,ibm_reviewed,topic__We should ban cosmetic surgery,Anumana,437515471665374177
train,aaec_reviewed,essay__essay240,Anumana,2274416646077233327
train,aaec_reviewed,essay__essay375,Anumana,8459371632866844529
train,ibm_reviewed,topic__We should legalize prostitution,Anumana,528189559517795884
train,aaec_reviewed,essay__essay354,Anumana,8607746350534529969
train,nyaya_synthetic,tmpl__no_template_family,Anumana,1030492067429269797
train,ibm_reviewed,topic__Entrapment should be legalized,Pratyaksha,7517674235414900412
train,nyaya_synthetic,tmpl__no_template_family,Shabda,7275699825480557584
train,nyaya_synthetic,tmpl__no_template_family,Anumana,2729171336452047035
train,nyaya_synthetic,tmpl__no_template_family,Anumana,2184808112915024282
train,nyaya_synthetic,tmpl__no_template_family,Shabda,137680215118634992
train,nyaya_synthetic,tmpl__master_augmentation__daily_life,Anumana,5028744075464350966
train,ibm_reviewed,topic__We should ban private military companies,Anumana,2945906872566833648
train,ibm_reviewed,topic__We should subsidize student loans,Anumana,2295007757128281393
train,aaec_reviewed,essay__essay318,Anumana,3168492641361021095
train,ibm_reviewed,topic__We should adopt libertarianism,Anumana,7921452853228214307
train,nyaya_synthetic,tmpl__no_template_family,Anumana,876850792868586313
train,nyaya_synthetic,tmpl__master_augmentation__science,Upamana,4571163458294295100
train,aaec_reviewed,essay__essay155,Anumana,8206258690083369506
train,aaec_reviewed,essay__essay109,Anumana,967669496852987175
train,ibm_reviewed,topic__We should fight for the abolition of nuclear weapons,Anumana,5328050706852967298
train,nyaya_synthetic,tmpl__no_template_family,Anumana,2476079343168165074
train,ibm_reviewed,topic__We should adopt libertarianism,Shabda,664555751226538840
train,ibm_reviewed,topic__Entrapment should be legalized,Anumana,4361472392090742372
train,ibm_reviewed,topic__We should adopt atheism,Shabda,1073655614282866927
train,aaec_reviewed,essay__essay259,Anumana,9028845696619067802
train,ibm_reviewed,topic__We should end the use of economic sanctions,Anumana,3285790257362654224
train,nyaya_synthetic,tmpl__no_template_family,Shabda,808182770241585524
train,ibm_reviewed,topic__We should legalize cannabis,Anumana,8583626621930970974
train,nyaya_synthetic,tmpl__no_template_family,Shabda,5217101882230892591
train,ibm_reviewed,topic__We should abolish capital punishment,Pratyaksha,8403422637877607540
train,nyaya_synthetic,tmpl__no_template_family,Anumana,570614381937558021
train,aaec_reviewed,essay__essay314,Anumana,8627281194649294983
train,nyaya_synthetic,tmpl__no_template_family,Anumana,7798798547797723491
train,ibm_reviewed,topic__We should subsidize space exploration,Anumana,6655278115796025192
train,nyaya_synthetic,tmpl__no_template_family,Anumana,4522094379712906839
train,aaec_reviewed,essay__essay321,Anumana,8192792345098438450
train,nyaya_synthetic,tmpl__no_template_family,Anumana,2504506374633681770
train,nyaya_synthetic,tmpl__no_template_family,Anumana,3557370726208369202
train,ibm_reviewed,topic__Routine child vaccinations should be mandatory,Anumana,4367733240505246418
train,nyaya_synthetic,tmpl__in_domain__news_analysis,Upamana,404725983970181643
train,ibm_reviewed,topic__We should end the use of economic sanctions,Anumana,6539724556986559009
train,nyaya_synthetic,tmpl__no_template_family,Anumana,7396626674944014585
train,aaec_reviewed,essay__essay251,Anumana,982828793530792631
train,nyaya_synthetic,tmpl__no_template_family,Anumana,1030492067429269797
train,nyaya_synthetic,tmpl__no_template_family,Shabda,3015219775947507319
train,ibm_reviewed,topic__Homeschooling should be banned,Anumana,2771685179642670333
train,nyaya_synthetic,tmpl__no_template_family,Anumana,9007988846954350591
train,ibm_reviewed,topic__We should introduce compulsory voting,Anumana,4009652635522528117
train,aaec_reviewed,essay__essay336,Anumana,7756720510829563176
train,ibm_reviewed,topic__We should subsidize journalism,Shabda,2936524078494814545
train,ibm_reviewed,topic__We should subsidize vocational education,Anumana,1959649577521809497
train,nyaya_synthetic,tmpl__no_template_family,Anumana,2504506374633681770
train,nyaya_synthetic,tmpl__no_template_family,Anumana,2476079343168165074
train,nyaya_synthetic,tmpl__no_template_family,Upamana,3508431071534970806
train,nyaya_synthetic,tmpl__no_template_family,Anumana,6604008320655243607
train,ibm_reviewed,topic__We should abolish capital punishment,Anumana,6384446693563006848
train,ibm_reviewed,topic__We should legalize prostitution,Anumana,8934849086848620201
train,ibm_reviewed,topic__We should abandon the use of school uniform,Anumana,2791312106627252721
train,ibm_reviewed,topic__We should adopt atheism,Anumana,6804157882925395581
train,nyaya_synthetic,tmpl__no_template_family,Anumana,284937007188640745
train,aaec_reviewed,essay__essay085,Anumana,3430523467749517379
train,nyaya_synthetic,tmpl__no_template_family,Anumana,4522094379712906839
train,nyaya_synthetic,tmpl__no_template_family,Anumana,7883811074870399014
train,ibm_reviewed,topic__We should close Guantanamo Bay detention camp,Anumana,8662822828840967921
train,nyaya_synthetic,tmpl__no_template_family,Anumana,8536301551912016671
train,nyaya_synthetic,tmpl__no_template_family,Anumana,5786449492629262043
train,ibm_reviewed,topic__We should abolish the three-strikes laws,Anumana,4719050211959716267
train,nyaya_synthetic,tmpl__no_template_family,Pratyaksha,3705341085863560507
train,ibm_reviewed,topic__We should abandon marriage,Anumana,5966367563357977120
train,nyaya_synthetic,tmpl__no_template_family,Shabda,2090030465447185739
train,nyaya_synthetic,tmpl__no_template_family,Shabda,6683208930271276062
train,aaec_reviewed,essay__essay068,Anumana,6351241903989640671
train,nyaya_synthetic,tmpl__no_template_family,Pratyaksha,5139190410011201144
train,nyaya_synthetic,tmpl__no_template_family,Shabda,1790222641298545529
train,nyaya_synthetic,tmpl__no_template_family,Shabda,2688033706899526170
train,nyaya_synthetic,tmpl__no_template_family,Anumana,7994056454429841927
train,aaec_reviewed,essay__essay044,Anumana,750488019873333109
train,ibm_reviewed,topic__We should subsidize space exploration,Anumana,7224996388473057140
train,aaec_reviewed,essay__essay122,Anumana,4794587106855530344
train,nyaya_synthetic,tmpl__no_template_family,Anumana,6604008320655243607
train,nyaya_synthetic,tmpl__no_template_family,Anumana,7994056454429841927
train,ibm_reviewed,topic__We should ban cosmetic surgery,Anumana,2341178638884268282
train,ibm_reviewed,topic__We should abolish the three-strikes laws,Anumana,4834639542323376878
train,nyaya_synthetic,tmpl__no_template_family,Anumana,1137550802202904026
train,ibm_reviewed,topic__We should close Guantanamo Bay detention camp,Anumana,4021735657012255557
train,ibm_reviewed,topic__We should end mandatory retirement,Anumana,7144572884135772134
train,nyaya_synthetic,tmpl__no_template_family,Anumana,5065853569970417056
train,ibm_reviewed,topic__Foster care brings more harm than good,Anumana,6016904333794437630
train,nyaya_synthetic,tmpl__no_template_family,Anumana,4812838184032174511
train,nyaya_synthetic,tmpl__no_template_family,Anumana,6752615042413276520
train,nyaya_synthetic,tmpl__no_template_family,Anumana,160543578832734347
train,nyaya_synthetic,tmpl__no_template_family,Anumana,8745438693172707158
train,ibm_reviewed,topic__We should end racial profiling,Anumana,5665537365441661125
train,nyaya_synthetic,tmpl__no_template_family,Anumana,8745438693172707158
train,nyaya_synthetic,tmpl__no_template_family,Upamana,1255907105470694720
train,nyaya_synthetic,tmpl__no_template_family,Anumana,7149087877807089426
train,ibm_reviewed,topic__We should adopt atheism,Anumana,2164807523628793433
train,nyaya_synthetic,tmpl__no_template_family,Pratyaksha,617437425231935558
train,nyaya_synthetic,tmpl__no_template_family,Anumana,6752615042413276520
train,nyaya_synthetic,tmpl__no_template_family,Anumana,6088662135041821862
train,nyaya_synthetic,tmpl__no_template_family,Anumana,7414873411757165997
train,nyaya_synthetic,tmpl__no_template_family,Anumana,7883811074870399014
train,nyaya_synthetic,tmpl__no_template_family,Shabda,3564794516033785041
train,ibm_reviewed,topic__We should subsidize student loans,Anumana,2271855349664689490
train,nyaya_synthetic,tmpl__no_template_family,Anumana,2129385885699033249
train,nyaya_synthetic,tmpl__no_template_family,Anumana,7821202552107763782
train,nyaya_synthetic,tmpl__no_template_family,Shabda,7801097480548442865
train,aaec_reviewed,essay__essay345,Anumana,3165218115301999033
train,ibm_reviewed,topic__We should close Guantanamo Bay detention camp,Anumana,333948268515672017
train,ibm_reviewed,topic__We should adopt atheism,Anumana,8270146083899778860
train,nyaya_synthetic,tmpl__no_template_family,Shabda,4337417363401780462
train,ibm_reviewed,topic__We should abandon the use of school uniform,Anumana,4910164368182788620
train,nyaya_synthetic,tmpl__no_template_family,Anumana,5786449492629262043
train,aaec_reviewed,essay__essay277,Anumana,9046548158523167902
train,aaec_reviewed,essay__essay124,Anumana,679575477278328518
train,ibm_reviewed,topic__We should ban the use of child actors,Anumana,648808209250257248
train,ibm_reviewed,topic__We should adopt libertarianism,Anumana,5301819651752241457
train,nyaya_synthetic,tmpl__no_template_family,Upamana,6448405699502416701
train,nyaya_synthetic,tmpl__no_template_family,Shabda,4554390336880685271
train,ibm_reviewed,topic__We should abolish the three-strikes laws,Anumana,1547816029930419841
train,aaec_reviewed,essay__essay115,Anumana,3267018693775373715
train,nyaya_synthetic,tmpl__in_domain__climate_modeling,Pratyaksha,5996519737872451565
train,aaec_reviewed,essay__essay199,Anumana,2939042361224786653
train,nyaya_synthetic,tmpl__no_template_family,Shabda,8915240636356359995
train,nyaya_synthetic,tmpl__no_template_family,Anumana,4903358322300538663
train,nyaya_synthetic,tmpl__no_template_family,Anumana,7883811074870399014
train,ibm_reviewed,topic__We should adopt libertarianism,Anumana,5270183555479644688
train,ibm_reviewed,topic__We should fight for the abolition of nuclear weapons,Anumana,5900372732784725244
train,nyaya_synthetic,tmpl__no_template_family,Pratyaksha,6664012065922015783
train,ibm_reviewed,topic__The USA is a good country to live in,Anumana,5312441913435715514
train,nyaya_synthetic,tmpl__no_template_family,Shabda,6575499775789991994
train,ibm_reviewed,topic__The USA is a good country to live in,Anumana,333846310232985602
train,nyaya_synthetic,tmpl__in_domain__news_analysis,Pratyaksha,7503816612745536918
train,nyaya_synthetic,tmpl__in_domain__science,Pratyaksha,2797657323207270960
train,nyaya_synthetic,tmpl__no_template_family,Anumana,7096380548221854374
train,aaec_reviewed,essay__essay286,Anumana,1435224849288120315
train,ibm_reviewed,topic__We should ban cosmetic surgery,Anumana,7006808041378876732
train,nyaya_synthetic,tmpl__no_template_family,Shabda,5708571616465407628
train,ibm_reviewed,topic__We should subsidize space exploration,Shabda,3611791765798166368
train,nyaya_synthetic,tmpl__no_template_family,Shabda,6799810964900103809
train,nyaya_synthetic,tmpl__no_template_family,Anumana,4224502081000084387
train,aaec_reviewed,essay__essay107,Upamana,3067992303855518756
train,ibm_reviewed,topic__We should legalize prostitution,Anumana,3934697527265354946
train,aaec_reviewed,essay__essay151,Upamana,6225624257414588527
train,nyaya_synthetic,tmpl__no_template_family,Shabda,8553791204846352101
train,aaec_reviewed,essay__essay141,Anumana,1535006131385151752
train,nyaya_synthetic,tmpl__no_template_family,Upamana,900352377681569618
train,ibm_reviewed,topic__We should abandon marriage,Anumana,1161115721318058179
train,nyaya_synthetic,tmpl__no_template_family,Anumana,3557370726208369202
train,nyaya_synthetic,tmpl__no_template_family,Pratyaksha,5168708396212224700
train,ibm_reviewed,topic__Routine child vaccinations should be mandatory,Anumana,1344962070207154506
train,aaec_reviewed,essay__essay341,Anumana,3761536040264547052
train,aaec_reviewed,essay__essay134,Anumana,7674116026734385240
train,ibm_reviewed,topic__We should ban the use of child actors,Anumana,2531902515137734214
train,nyaya_synthetic,tmpl__in_domain__technology,Upamana,3927350005977262797
train,ibm_reviewed,topic__We should end mandatory retirement,Anumana,4329931866243708395
train,nyaya_synthetic,tmpl__no_template_family,Upamana,4522654175476102352
train,ibm_reviewed,topic__We should end racial profiling,Anumana,7339549091618503710
train,nyaya_synthetic,tmpl__no_template_family,Shabda,3963693689852491354
train,nyaya_synthetic,tmpl__no_template_family,Upamana,2848691559232798836
train,ibm_reviewed,topic__We should end racial profiling,Anumana,4302014148531551191
train,ibm_reviewed,topic__We should end mandatory retirement,Anumana,4450025256482377887
train,nyaya_synthetic,tmpl__no_template_family,Anumana,1326120718262871413
train,aaec_reviewed,essay__essay325,Anumana,4148420466944683041
train,aaec_reviewed,essay__essay307,Upamana,2104813798912180366
train,ibm_reviewed,topic__We should abolish the three-strikes laws,Anumana,6985191589348881555
train,ibm_reviewed,topic__Homeschooling should be banned,Anumana,4385617579283441294
train,nyaya_synthetic,tmpl__no_template_family,Anumana,6752615042413276520
train,aaec_reviewed,essay__essay212,Anumana,2104095800541582449
train,nyaya_synthetic,tmpl__no_template_family,Shabda,1794874768063134514
train,aaec_reviewed,essay__essay311,Anumana,1561349816320547988
train,ibm_reviewed,topic__We should abolish the three-strikes laws,Anumana,7341037157953773854
train,nyaya_synthetic,tmpl__no_template_family,Anumana,7123563997110431005
train,nyaya_synthetic,tmpl__no_template_family,Shabda,7564209308592646034
train,ibm_reviewed,topic__We should end racial profiling,Anumana,1599262685460320394
train,aaec_reviewed,essay__essay374,Anumana,3896105113841003711
train,nyaya_synthetic,tmpl__no_template_family,Anumana,36144137470632471
train,ibm_reviewed,topic__We should close Guantanamo Bay detention camp,Anumana,7926870348181925124
train,ibm_reviewed,topic__We should abandon the use of school uniform,Anumana,3740398064654898350
train,nyaya_synthetic,tmpl__no_template_family,Anumana,4224502081000084387
train,aaec_reviewed,essay__essay397,Anumana,5527571178549019667
train,nyaya_synthetic,tmpl__no_template_family,Pratyaksha,5222559314874322993
train,nyaya_synthetic,tmpl__no_template_family,Anumana,9007988846954350591
train,ibm_reviewed,topic__We should abandon marriage,Anumana,4435615987206466825
train,aaec_reviewed,essay__essay295,Anumana,1614472863034979340
train,aaec_reviewed,essay__essay318,Anumana,5738717168560852053
train,nyaya_synthetic,tmpl__no_template_family,Anumana,36144137470632471
train,ibm_reviewed,topic__We should subsidize vocational education,Anumana,6045409641137336394
train,nyaya_synthetic,tmpl__no_template_family,Anumana,1326120718262871413
train,nyaya_synthetic,tmpl__no_template_family,Pratyaksha,236972717691615807
train,nyaya_synthetic,tmpl__in_domain__politics,Upamana,5164477019505286426
train,ibm_reviewed,topic__We should subsidize space exploration,Anumana,4118807929795581239
train,ibm_reviewed,topic__Foster care brings more harm than good,Anumana,8687226731310903673
train,aaec_reviewed,essay__essay234,Anumana,7970062968168950890
train,nyaya_synthetic,tmpl__no_template_family,Anumana,1273249786302030325
train,nyaya_synthetic,tmpl__no_template_family,Anumana,3630374641286105561
train,nyaya_synthetic,tmpl__no_template_family,Anumana,7994056454429841927
train,nyaya_synthetic,tmpl__no_template_family,Anumana,7414873411757165997
train,ibm_reviewed,topic__We should ban cosmetic surgery,Anumana,2132708666284938847
train,nyaya_synthetic,tmpl__no_template_family,Anumana,7249448071253059193
train,nyaya_synthetic,tmpl__no_template_family,Anumana,2129385885699033249
train,ibm_reviewed,topic__We should introduce compulsory voting,Anumana,1980011302553421427
train,ibm_reviewed,topic__We should legalize prostitution,Anumana,2760455200108683567
train,ibm_reviewed,topic__Routine child vaccinations should be mandatory,Anumana,6440785006298593343
train,nyaya_synthetic,tmpl__no_template_family,Anumana,1954498759752672135
train,nyaya_synthetic,tmpl__no_template_family,Upamana,6465181763696830296
train,ibm_reviewed,topic__We should legalize prostitution,Anumana,8450668452365223551
train,ibm_reviewed,topic__We should subsidize journalism,Shabda,9177238684922708756
train,ibm_reviewed,topic__We should abandon marriage,Anumana,6195077619219989776
train,aaec_reviewed,essay__essay059,Anumana,2152487777618119496
train,nyaya_synthetic,tmpl__no_template_family,Upamana,1721546637436942168
train,nyaya_synthetic,tmpl__no_template_family,Shabda,4153097043150483741
train,nyaya_synthetic,tmpl__no_template_family,Shabda,7789946043718564916
train,aaec_reviewed,essay__essay278,Anumana,1868970531238196564
train,ibm_reviewed,topic__We should legalize cannabis,Anumana,2157197758805993812
train,nyaya_synthetic,tmpl__no_template_family,Pratyaksha,425321257770986398
train,ibm_reviewed,topic__We should legalize cannabis,Anumana,4405179224211980677
train,nyaya_synthetic,tmpl__no_template_family,Anumana,4903358322300538663
train,ibm_reviewed,topic__We should ban cosmetic surgery,Anumana,4002310877278848481
train,nyaya_synthetic,tmpl__no_template_family,Shabda,743700378537579269
train,nyaya_synthetic,tmpl__no_template_family,Anumana,2184808112915024282
train,nyaya_synthetic,tmpl__no_template_family,Pratyaksha,4163002378787613521
train,ibm_reviewed,topic__Entrapment should be legalized,Anumana,1719102102962344930
train,nyaya_synthetic,tmpl__no_template_family,Anumana,7798798547797723491
train,nyaya_synthetic,tmpl__no_template_family,Anumana,1551135799223035602
train,ibm_reviewed,topic__We should legalize prostitution,Anumana,1016769975634688302
train,ibm_reviewed,topic__We should subsidize journalism,Shabda,8679467649457712515
train,nyaya_synthetic,tmpl__no_template_family,Anumana,934977937391676435
train,nyaya_synthetic,tmpl__no_template_family,Anumana,5786449492629262043
train,ibm_reviewed,topic__We should introduce compulsory voting,Anumana,1680363946073833141
train,ibm_reviewed,topic__We should fight for the abolition of nuclear weapons,Anumana,786571577842867041
train,aaec_reviewed,essay__essay179,Anumana,1887515205012983070
train,nyaya_synthetic,tmpl__no_template_family,Shabda,7470917649296596136
train,ibm_reviewed,topic__The USA is a good country to live in,Anumana,7702524633928292611
train,nyaya_synthetic,tmpl__in_domain__technology,Upamana,9034405369388242527
train,nyaya_synthetic,tmpl__no_template_family,Anumana,4417330375143655846
train,aaec_reviewed,essay__essay321,Anumana,5693142050881338278
train,ibm_reviewed,topic__We should adopt an austerity regime,Anumana,6620574312973570530
train,nyaya_synthetic,tmpl__in_domain__supply_chains,Pratyaksha,6352919512592327517
train,nyaya_synthetic,tmpl__no_template_family,Upamana,2504086540505628600
train,aaec_reviewed,essay__essay084,Anumana,294515589884552359
train,nyaya_synthetic,tmpl__no_template_family,Anumana,7123563997110431005
train,ibm_reviewed,topic__We should end racial profiling,Anumana,3975945657418547123
train,nyaya_synthetic,tmpl__no_template_family,Anumana,6517651940977866497
train,nyaya_synthetic,tmpl__no_template_family,Pratyaksha,816402689259038780
train,nyaya_synthetic,tmpl__master_augmentation__social_media_discourse,Shabda,2910802493277481535
train,aaec_reviewed,essay__essay308,Anumana,4979236167884954937
train,ibm_reviewed,topic__We should subsidize journalism,Anumana,7035018458343940049
train,nyaya_synthetic,tmpl__no_template_family,Anumana,5173209070125387531
train,nyaya_synthetic,tmpl__no_template_family,Anumana,5173209070125387531
train,aaec_reviewed,essay__essay356,Anumana,4998580972129091946
train,aaec_reviewed,essay__essay386,Anumana,4620748870240833857
train,ibm_reviewed,topic__We should adopt an austerity regime,Anumana,6874115009360700053
train,nyaya_synthetic,tmpl__no_template_family,Anumana,6491491988368329038
train,nyaya_synthetic,tmpl__no_template_family,Anumana,4812838184032174511
train,nyaya_synthetic,tmpl__in_domain__daily_life,Pratyaksha,404609078399306313
train,ibm_reviewed,topic__We should adopt an austerity regime,Shabda,7074389397851052350
train,ibm_reviewed,topic__Entrapment should be legalized,Anumana,3349050658361196632
train,nyaya_synthetic,tmpl__no_template_family,Anumana,411110786509147675
train,nyaya_synthetic,tmpl__no_template_family,Anumana,1006463021633176622
train,nyaya_synthetic,tmpl__no_template_family,Anumana,2729171336452047035
train,nyaya_synthetic,tmpl__no_template_family,Anumana,8609345649543225621
train,ibm_reviewed,topic__Routine child vaccinations should be mandatory,Anumana,3837703352619529684
train,ibm_reviewed,topic__We should end mandatory retirement,Anumana,2019231491655849114
train,aaec_reviewed,essay__essay215,Anumana,6854053449279376883
train,nyaya_synthetic,tmpl__no_template_family,Anumana,1273249786302030325
train,ibm_reviewed,topic__We should adopt libertarianism,Anumana,5097585221384944015
train,nyaya_synthetic,tmpl__master_augmentation__politics,Pratyaksha,7060832355297493963
train,nyaya_synthetic,tmpl__no_template_family,Shabda,9007724029149758076
train,ibm_reviewed,topic__We should close Guantanamo Bay detention camp,Anumana,546771171565476650
train,ibm_reviewed,topic__We should abandon marriage,Anumana,4340824060556642542
train,aaec_reviewed,essay__essay300,Anumana,1892476806150850092
train,ibm_reviewed,topic__We should abolish the three-strikes laws,Anumana,5744026705609015792
train,aaec_reviewed,essay__essay076,Anumana,6384828524664018823
train,ibm_reviewed,topic__We should ban cosmetic surgery,Anumana,6207751091193304041
train,nyaya_synthetic,tmpl__no_template_family,Anumana,3584674078146882513
train,nyaya_synthetic,tmpl__master_augmentation__science,Upamana,937937766106376560
train,nyaya_synthetic,tmpl__no_template_family,Anumana,6088662135041821862
train,nyaya_synthetic,tmpl__no_template_family,Anumana,3557370726208369202
train,ibm_reviewed,topic__We should ban private military companies,Anumana,1514127766056638639
train,ibm_reviewed,topic__We should subsidize student loans,Anumana,6482464353940114824
train,nyaya_synthetic,tmpl__no_template_family,Anumana,4720812874348510428
train,ibm_reviewed,topic__We should abandon the use of school uniform,Anumana,1118339830836163869
train,ibm_reviewed,topic__Homeschooling should be banned,Anumana,3557914725306227370
train,nyaya_synthetic,tmpl__no_template_family,Anumana,8745438693172707158
train,aaec_reviewed,essay__essay104,Anumana,837805596427524331
train,nyaya_synthetic,tmpl__master_augmentation__science,Upamana,7351337626966716318
train,aaec_reviewed,essay__essay161,Upamana,955790131955193106
train,nyaya_synthetic,tmpl__no_template_family,Anumana,876850792868586313
train,ibm_reviewed,topic__We should end the use of economic sanctions,Anumana,818311344127965424
train,nyaya_synthetic,tmpl__no_template_family,Pratyaksha,4974699768556668972
train,ibm_reviewed,topic__We should subsidize student loans,Anumana,1701234679043735
train,nyaya_synthetic,tmpl__no_template_family,Anumana,1981416647463507998
train,aaec_reviewed,essay__essay066,Anumana,890726039018469915
train,aaec_reviewed,essay__essay352,Anumana,6572357306107637083
train,nyaya_synthetic,tmpl__no_template_family,Anumana,4720812874348510428
train,nyaya_synthetic,tmpl__no_template_family,Upamana,4151457589198089558
train,ibm_reviewed,topic__We should legalize prostitution,Anumana,5291309914111036738
train,ibm_reviewed,topic__We should abandon marriage,Anumana,5710980419151597962
train,ibm_reviewed,topic__We should legalize cannabis,Anumana,296368275502787775
train,ibm_reviewed,topic__We should abolish capital punishment,Anumana,4390354236589255345
train,ibm_reviewed,topic__We should end racial profiling,Anumana,6213802819495242293
train,nyaya_synthetic,tmpl__no_template_family,Anumana,1981416647463507998
train,ibm_reviewed,topic__We should subsidize vocational education,Anumana,5456274822541362842
train,aaec_reviewed,essay__essay248,Upamana,9034331952000306730
train,nyaya_synthetic,tmpl__no_template_family,Anumana,6202051880037184552
train,nyaya_synthetic,tmpl__no_template_family,Anumana,5376049435961362942
train,ibm_reviewed,topic__The USA is a good country to live in,Anumana,1038848972292393952
train,nyaya_synthetic,tmpl__no_template_family,Anumana,2705489762954046738
train,nyaya_synthetic,tmpl__no_template_family,Anumana,3316014568813256074
train,nyaya_synthetic,tmpl__no_template_family,Anumana,7396626674944014585
train,nyaya_synthetic,tmpl__no_template_family,Anumana,4626475342626435066
train,aaec_reviewed,essay__essay342,Anumana,4233500335169080222
train,aaec_reviewed,essay__essay254,Anumana,1526188809212418908
train,ibm_reviewed,topic__We should subsidize space exploration,Anumana,1357788581849348737
train,nyaya_synthetic,tmpl__no_template_family,Shabda,8723580116550124849
train,aaec_reviewed,essay__essay138,Upamana,6946970735774817745
train,nyaya_synthetic,tmpl__no_template_family,Shabda,8043901719659277124
train,nyaya_synthetic,tmpl__no_template_family,Anumana,1724721623238367942
train,nyaya_synthetic,tmpl__no_template_family,Anumana,3316014568813256074
train,nyaya_synthetic,tmpl__no_template_family,Anumana,3557370726208369202
train,nyaya_synthetic,tmpl__no_template_family,Anumana,1326120718262871413
train,aaec_reviewed,essay__essay195,Anumana,2654198218146013194
train,nyaya_synthetic,tmpl__no_template_family,Anumana,7721662394472392984
train,ibm_reviewed,topic__We should ban cosmetic surgery,Anumana,7851305355894164825
train,ibm_reviewed,topic__We should legalize cannabis,Anumana,6742658932659397091
train,nyaya_synthetic,tmpl__no_template_family,Anumana,2504506374633681770
train,aaec_reviewed,essay__essay195,Anumana,8826898634565005718
train,ibm_reviewed,topic__We should ban private military companies,Anumana,4577058600913033756
train,ibm_reviewed,topic__Homeschooling should be banned,Anumana,8314178379157717122
train,aaec_reviewed,essay__essay176,Anumana,5199490909017457793
train,aaec_reviewed,essay__essay276,Anumana,5147261700732992968
train,nyaya_synthetic,tmpl__no_template_family,Anumana,5070871058365404918
train,nyaya_synthetic,tmpl__no_template_family,Anumana,1981416647463507998
train,nyaya_synthetic,tmpl__master_augmentation__politics,Upamana,87677217046615043
train,ibm_reviewed,topic__Routine child vaccinations should be mandatory,Anumana,656373811897096148
train,nyaya_synthetic,tmpl__master_augmentation__social_media_discourse,Shabda,2910802493277481535
train,ibm_reviewed,topic__We should subsidize student loans,Anumana,3286732983543516768
train,nyaya_synthetic,tmpl__no_template_family,Anumana,4705712655519004911
train,nyaya_synthetic,tmpl__no_template_family,Anumana,4705712655519004911
train,nyaya_synthetic,tmpl__no_template_family,Anumana,6842643732540478316
train,ibm_reviewed,topic__We should ban the use of child actors,Anumana,5403854022220407737
train,ibm_reviewed,topic__We should ban private military companies,Shabda,3916249778724228367
train,nyaya_synthetic,tmpl__in_domain__daily_life,Upamana,6542634732922833420
train,ibm_reviewed,topic__We should adopt libertarianism,Anumana,5002342751811307237
train,aaec_reviewed,essay__essay083,Anumana,4729569123996926701
train,aaec_reviewed,essay__essay043,Anumana,1661401471364394401
train,nyaya_synthetic,tmpl__no_template_family,Shabda,3118352126676202447
train,nyaya_synthetic,tmpl__no_template_family,Shabda,4584803289897337038
train,nyaya_synthetic,tmpl__no_template_family,Anumana,2651069721044115101
train,nyaya_synthetic,tmpl__no_template_family,Anumana,5786449492629262043
train,aaec_reviewed,essay__essay199,Anumana,2588964308150794814
train,nyaya_synthetic,tmpl__no_template_family,Anumana,7821202552107763782
train,ibm_reviewed,topic__We should ban private military companies,Anumana,4999480339155200957
train,nyaya_synthetic,tmpl__no_template_family,Anumana,8605331448619353959
train,aaec_reviewed,essay__essay021,Anumana,5630541586003970882
train,ibm_reviewed,topic__Foster care brings more harm than good,Anumana,1035057862099076268
train,nyaya_synthetic,tmpl__no_template_family,Anumana,7821202552107763782
train,ibm_reviewed,topic__We should subsidize journalism,Shabda,1672701253722073456
train,nyaya_synthetic,tmpl__no_template_family,Anumana,2491578883129729737
train,ibm_reviewed,topic__We should adopt libertarianism,Anumana,2206350974861069061
train,aaec_reviewed,essay__essay365,Anumana,6343202732116806612
train,nyaya_synthetic,tmpl__no_template_family,Shabda,1159903248117010162
train,nyaya_synthetic,tmpl__no_template_family,Anumana,7223008337758777821
train,nyaya_synthetic,tmpl__in_domain__technology,Anumana,3318097769593868077
train,nyaya_synthetic,tmpl__no_template_family,Anumana,6202051880037184552
train,ibm_reviewed,topic__We should fight for the abolition of nuclear weapons,Anumana,6537917126260137124
train,ibm_reviewed,topic__We should adopt atheism,Anumana,7942729243412329617
train,nyaya_synthetic,tmpl__no_template_family,Anumana,2184808112915024282
train,nyaya_synthetic,tmpl__no_template_family,Anumana,641113513170230278
train,aaec_reviewed,essay__essay083,Anumana,720617212769733712
train,ibm_reviewed,topic__We should abandon marriage,Anumana,6205266047376582618
train,ibm_reviewed,topic__We should abolish capital punishment,Anumana,8321980677629990792
train,nyaya_synthetic,tmpl__no_template_family,Anumana,2256704615317761442
train,nyaya_synthetic,tmpl__no_template_family,Anumana,7277832682764423201
train,nyaya_synthetic,tmpl__no_template_family,Pratyaksha,8897298775412928263
train,ibm_reviewed,topic__We should end racial profiling,Anumana,3985894177387523064
train,aaec_reviewed,essay__essay236,Anumana,1817981295176898633
train,nyaya_synthetic,tmpl__no_template_family,Anumana,4417330375143655846
train,nyaya_synthetic,tmpl__no_template_family,Anumana,2729171336452047035
train,ibm_reviewed,topic__We should end the use of economic sanctions,Anumana,510700098027734359
train,nyaya_synthetic,tmpl__no_template_family,Shabda,499922658519864276
train,nyaya_synthetic,tmpl__no_template_family,Anumana,3630374641286105561
train,nyaya_synthetic,tmpl__no_template_family,Anumana,1006463021633176622
train,ibm_reviewed,topic__We should subsidize vocational education,Anumana,6012739606793371544
train,nyaya_synthetic,tmpl__no_template_family,Anumana,6088662135041821862
train,nyaya_synthetic,tmpl__no_template_family,Anumana,4417330375143655846
train,aaec_reviewed,essay__essay311,Anumana,7073140067312812960
train,aaec_reviewed,essay__essay336,Anumana,9149603327279006084
train,ibm_reviewed,topic__We should adopt libertarianism,Shabda,8695962255744670145
train,ibm_reviewed,topic__Routine child vaccinations should be mandatory,Anumana,6703288351613738463
train,nyaya_synthetic,tmpl__no_template_family,Anumana,4903358322300538663
train,nyaya_synthetic,tmpl__no_template_family,Anumana,5376049435961362942
train,ibm_reviewed,topic__Homeschooling should be banned,Anumana,5009129815031817566
train,aaec_reviewed,essay__essay159,Anumana,6401466928630807168
train,nyaya_synthetic,tmpl__no_template_family,Anumana,6088662135041821862
train,nyaya_synthetic,tmpl__no_template_family,Anumana,4522094379712906839
train,nyaya_synthetic,tmpl__no_template_family,Shabda,2526149276109130338
train,ibm_reviewed,topic__We should abandon marriage,Anumana,2352592186895141919
train,ibm_reviewed,topic__We should ban the use of child actors,Anumana,6541994086809330553
train,nyaya_synthetic,tmpl__no_template_family,Anumana,3316014568813256074
train,nyaya_synthetic,tmpl__master_augmentation__legal_reasoning,Shabda,1851753711047974159
train,nyaya_synthetic,tmpl__no_template_family,Anumana,7223008337758777821
train,nyaya_synthetic,tmpl__no_template_family,Anumana,1006463021633176622
train,nyaya_synthetic,tmpl__no_template_family,Anumana,7223008337758777821
train,nyaya_synthetic,tmpl__no_template_family,Anumana,2651069721044115101
train,ibm_reviewed,topic__We should abolish the three-strikes laws,Anumana,7294396329808383347
train,ibm_reviewed,topic__We should introduce compulsory voting,Anumana,5404179365626554067
train,aaec_reviewed,essay__essay183,Anumana,5480056028915292961
train,ibm_reviewed,topic__We should subsidize space exploration,Anumana,3172145007617853300
train,aaec_reviewed,essay__essay133,Upamana,390207520190984535
train,nyaya_synthetic,tmpl__no_template_family,Anumana,7994056454429841927
train,aaec_reviewed,essay__essay180,Anumana,433186203323849279
train,aaec_reviewed,essay__essay189,Anumana,8480663353175453538
train,ibm_reviewed,topic__The USA is a good country to live in,Anumana,8509127036456214088
train,aaec_reviewed,essay__essay320,Anumana,6106196562150309008
train,ibm_reviewed,topic__Homeschooling should be banned,Anumana,7261499164311511807
train,ibm_reviewed,topic__Entrapment should be legalized,Anumana,5497590353033427887
train,ibm_reviewed,topic__We should abolish the three-strikes laws,Anumana,2862682680444675670
train,nyaya_synthetic,tmpl__no_template_family,Anumana,1724721623238367942
train,nyaya_synthetic,tmpl__no_template_family,Anumana,411110786509147675
train,ibm_reviewed,topic__We should subsidize space exploration,Anumana,7783706200644875654
train,ibm_reviewed,topic__We should end the use of economic sanctions,Anumana,6898106194494267868
train,nyaya_synthetic,tmpl__no_template_family,Anumana,411110786509147675
train,nyaya_synthetic,tmpl__no_template_family,Anumana,7223008337758777821
train,nyaya_synthetic,tmpl__in_domain__legal_reasoning,Pratyaksha,3751927619862230014
train,ibm_reviewed,topic__We should close Guantanamo Bay detention camp,Anumana,3945318191147772859
train,aaec_reviewed,essay__essay019,Anumana,5839873677097029809
train,nyaya_synthetic,tmpl__no_template_family,Anumana,7721662394472392984
train,nyaya_synthetic,tmpl__no_template_family,Anumana,2184808112915024282
train,ibm_reviewed,topic__We should subsidize student loans,Shabda,5043861999616384185
train,nyaya_synthetic,tmpl__no_template_family,Anumana,4705712655519004911
train,ibm_reviewed,topic__We should ban cosmetic surgery,Anumana,1526521353976154069
train,ibm_reviewed,topic__We should close Guantanamo Bay detention camp,Anumana,859204249625563436
train,aaec_reviewed,essay__essay032,Anumana,6621482974353644120
train,nyaya_synthetic,tmpl__no_template_family,Anumana,2604214188701098652
train,nyaya_synthetic,tmpl__no_template_family,Anumana,2729171336452047035
train,nyaya_synthetic,tmpl__no_template_family,Upamana,5461734008789022443
train,ibm_reviewed,topic__We should introduce compulsory voting,Anumana,1801609613252046008
train,ibm_reviewed,topic__Foster care brings more harm than good,Anumana,4459088257922060558
train,nyaya_synthetic,tmpl__no_template_family,Shabda,4701996337681238010
train,nyaya_synthetic,tmpl__no_template_family,Anumana,7414873411757165997
train,aaec_reviewed,essay__essay389,Anumana,2483421024961713705
train,nyaya_synthetic,tmpl__no_template_family,Pratyaksha,2982924889885702157
train,nyaya_synthetic,tmpl__no_template_family,Anumana,1724721623238367942
train,ibm_reviewed,topic__Homeschooling should be banned,Anumana,6620833687366645830
train,nyaya_synthetic,tmpl__no_template_family,Anumana,6517651940977866497
train,nyaya_synthetic,tmpl__no_template_family,Shabda,4856207906927390881
train,ibm_reviewed,topic__The USA is a good country to live in,Anumana,3275541816707280937
train,nyaya_synthetic,tmpl__no_template_family,Anumana,4705712655519004911
train,nyaya_synthetic,tmpl__no_template_family,Shabda,2502171684875793124
train,nyaya_synthetic,tmpl__no_template_family,Anumana,2491578883129729737
train,nyaya_synthetic,tmpl__no_template_family,Pratyaksha,3896753704120392369
train,nyaya_synthetic,tmpl__no_template_family,Upamana,3303465415039617687
train,aaec_reviewed,essay__essay396,Upamana,7775434185572084841
train,nyaya_synthetic,tmpl__no_template_family,Anumana,244116198961817691
train,nyaya_synthetic,tmpl__no_template_family,Anumana,4705712655519004911
train,aaec_reviewed,essay__essay015,Anumana,4471824591106574552
train,nyaya_synthetic,tmpl__master_augmentation__science,Anumana,7775625833669844668
train,nyaya_synthetic,tmpl__no_template_family,Anumana,1030492067429269797
train,nyaya_synthetic,tmpl__no_template_family,Anumana,4836860835814475686
train,aaec_reviewed,essay__essay266,Anumana,2664620954654916723
train,nyaya_synthetic,tmpl__master_augmentation__social_media_discourse,Shabda,2910802493277481535
train,nyaya_synthetic,tmpl__in_domain__politics,Anumana,3607066775488553639
train,nyaya_synthetic,tmpl__in_domain__social_media_discourse,Anumana,5709278583412340525
train,aaec_reviewed,essay__essay285,Anumana,8428924717233122644
train,ibm_reviewed,topic__We should close Guantanamo Bay detention camp,Anumana,1503222397482066508
train,nyaya_synthetic,tmpl__no_template_family,Pratyaksha,8601557711772139881
train,nyaya_synthetic,tmpl__no_template_family,Anumana,4522094379712906839
train,aaec_reviewed,essay__essay140,Anumana,2434097612211372561
train,ibm_reviewed,topic__We should adopt an austerity regime,Shabda,9013774991253216402
train,ibm_reviewed,topic__We should adopt an austerity regime,Anumana,5175543460635776775
train,nyaya_synthetic,tmpl__no_template_family,Anumana,4812838184032174511
train,nyaya_synthetic,tmpl__no_template_family,Anumana,6604008320655243607
train,nyaya_synthetic,tmpl__in_domain__daily_life,Anumana,1138141062295211192
train,nyaya_synthetic,tmpl__no_template_family,Upamana,5678922538298205989
train,aaec_reviewed,essay__essay383,Anumana,5793478925567163552
train,aaec_reviewed,essay__essay356,Anumana,7292258310529307948
train,aaec_reviewed,essay__essay390,Upamana,9043688659074248098
train,ibm_reviewed,topic__We should fight for the abolition of nuclear weapons,Anumana,424172316733560945
train,nyaya_synthetic,tmpl__no_template_family,Upamana,2320682966913936673
train,ibm_reviewed,topic__We should abandon the use of school uniform,Anumana,3894227945718253469
train,nyaya_synthetic,tmpl__no_template_family,Shabda,5152651516082405696
train,nyaya_synthetic,tmpl__no_template_family,Anumana,4522094379712906839
train,nyaya_synthetic,tmpl__master_augmentation__public_debate,Pratyaksha,6264720145033525165
train,nyaya_synthetic,tmpl__no_template_family,Anumana,5070871058365404918
train,aaec_reviewed,essay__essay354,Anumana,124202067090995532
train,nyaya_synthetic,tmpl__no_template_family,Pratyaksha,3176408425132794442
train,aaec_reviewed,essay__essay389,Anumana,5326529401563667664
train,ibm_reviewed,topic__We should legalize prostitution,Anumana,2027087471838196197
train,nyaya_synthetic,tmpl__no_template_family,Upamana,5770906548327389135
train,ibm_reviewed,topic__Routine child vaccinations should be mandatory,Shabda,4289201829535165685
train,ibm_reviewed,topic__We should ban the use of child actors,Anumana,5822547666390277148
train,nyaya_synthetic,tmpl__no_template_family,Anumana,5776385577669498647
train,nyaya_synthetic,tmpl__no_template_family,Anumana,8609345649543225621
train,nyaya_synthetic,tmpl__no_template_family,Anumana,3630374641286105561
train,nyaya_synthetic,tmpl__master_augmentation__social_media_discourse,Anumana,2910802493277481535
train,nyaya_synthetic,tmpl__no_template_family,Anumana,5070871058365404918
train,nyaya_synthetic,tmpl__no_template_family,Anumana,6752615042413276520
train,ibm_reviewed,topic__Routine child vaccinations should be mandatory,Anumana,6380379411076415951
train,nyaya_synthetic,tmpl__no_template_family,Anumana,5376049435961362942
train,ibm_reviewed,topic__We should ban the use of child actors,Anumana,4813232065015180920
train,ibm_reviewed,topic__We should fight for the abolition of nuclear weapons,Anumana,5989770020393323419
train,aaec_reviewed,essay__essay087,Anumana,6755965453586024999
train,nyaya_synthetic,tmpl__no_template_family,Anumana,160543578832734347
train,nyaya_synthetic,tmpl__no_template_family,Anumana,160543578832734347
train,nyaya_synthetic,tmpl__no_template_family,Anumana,2504506374633681770
train,nyaya_synthetic,tmpl__no_template_family,Anumana,2504506374633681770
train,nyaya_synthetic,tmpl__no_template_family,Anumana,6912971709255103134
train,ibm_reviewed,topic__Entrapment should be legalized,Anumana,4745712008681104323
train,nyaya_synthetic,tmpl__no_template_family,Upamana,5498104133871729497
train,ibm_reviewed,topic__We should end racial profiling,Anumana,8176790303738183768
train,nyaya_synthetic,tmpl__no_template_family,Anumana,6848441949254318022
train,nyaya_synthetic,tmpl__no_template_family,Anumana,8745438693172707158
train,nyaya_synthetic,tmpl__in_domain__news_analysis,Anumana,3617045127042866530
train,aaec_reviewed,essay__essay251,Anumana,4656208726505722285
train,aaec_reviewed,essay__essay054,Anumana,5390225939140295370
train,nyaya_synthetic,tmpl__no_template_family,Anumana,6946659780282664695
train,ibm_reviewed,topic__We should ban private military companies,Anumana,7473636934656336546
train,nyaya_synthetic,tmpl__no_template_family,Anumana,4417330375143655846
train,nyaya_synthetic,tmpl__no_template_family,Shabda,2714370053414043644
train,nyaya_synthetic,tmpl__no_template_family,Upamana,1979961249814697408
train,nyaya_synthetic,tmpl__master_augmentation__daily_life,Upamana,1793905073469408949
train,ibm_reviewed,topic__We should ban private military companies,Anumana,7264586367208187372
train,ibm_reviewed,topic__Foster care brings more harm than good,Anumana,326100349376749426
train,ibm_reviewed,topic__We should end mandatory retirement,Anumana,3489658828280555456
train,ibm_reviewed,topic__We should abandon marriage,Anumana,8436015099497232719
train,aaec_reviewed,essay__essay271,Anumana,1569071834386291430
train,nyaya_synthetic,tmpl__in_domain__legal_reasoning,Upamana,836052552717555229
train,nyaya_synthetic,tmpl__in_domain__journalism_ethics,Pratyaksha,6247820325993145612
train,aaec_reviewed,essay__essay270,Anumana,2671075312808002809
train,nyaya_synthetic,tmpl__no_template_family,Anumana,4417330375143655846
train,nyaya_synthetic,tmpl__master_augmentation__public_debate,Anumana,7215709822461973937
train,nyaya_synthetic,tmpl__no_template_family,Upamana,411961677403634290
train,ibm_reviewed,topic__Homeschooling should be banned,Anumana,360785358294457846
train,nyaya_synthetic,tmpl__no_template_family,Upamana,2317623099470338475
train,nyaya_synthetic,tmpl__no_template_family,Anumana,7396626674944014585
train,nyaya_synthetic,tmpl__no_template_family,Anumana,7994056454429841927
train,ibm_reviewed,topic__We should legalize cannabis,Anumana,6692742898472065229
train,ibm_reviewed,topic__We should end the use of economic sanctions,Anumana,8757019644985509578
train,nyaya_synthetic,tmpl__no_template_family,Anumana,4417330375143655846
train,ibm_reviewed,topic__We should fight for the abolition of nuclear weapons,Anumana,718740147804619683
train,aaec_reviewed,essay__essay384,Anumana,5987957463690097006
train,ibm_reviewed,topic__We should abandon marriage,Anumana,5217136572563306266
train,ibm_reviewed,topic__Homeschooling should be banned,Anumana,7910836999832174870
train,ibm_reviewed,topic__We should subsidize student loans,Anumana,6159049384880908499
train,nyaya_synthetic,tmpl__no_template_family,Anumana,7277832682764423201
train,ibm_reviewed,topic__We should abolish capital punishment,Anumana,3970979347935663140
train,ibm_reviewed,topic__We should adopt an austerity regime,Shabda,3180355215760253830
train,nyaya_synthetic,tmpl__no_template_family,Anumana,6604008320655243607
train,nyaya_synthetic,tmpl__no_template_family,Anumana,7123563997110431005
train,nyaya_synthetic,tmpl__no_template_family,Anumana,7396626674944014585
train,nyaya_synthetic,tmpl__no_template_family,Anumana,2476079343168165074
train,aaec_reviewed,essay__essay061,Anumana,6595449031888237942
train,aaec_reviewed,essay__essay136,Anumana,2288045459012145097
train,nyaya_synthetic,tmpl__in_domain__astrobiology,Pratyaksha,8670881075892641367
train,ibm_reviewed,topic__We should fight for the abolition of nuclear weapons,Anumana,3784431554833210778
train,nyaya_synthetic,tmpl__no_template_family,Anumana,4224502081000084387
train,nyaya_synthetic,tmpl__no_template_family,Anumana,6510441274164849382
train,nyaya_synthetic,tmpl__no_template_family,Anumana,8745438693172707158
train,nyaya_synthetic,tmpl__no_template_family,Anumana,3630374641286105561
train,nyaya_synthetic,tmpl__no_template_family,Anumana,1326120718262871413
train,ibm_reviewed,topic__We should abandon the use of school uniform,Anumana,7373356408841802645
train,nyaya_synthetic,tmpl__no_template_family,Anumana,570614381937558021
train,aaec_reviewed,essay__essay134,Anumana,6375853630790014055
train,nyaya_synthetic,tmpl__no_template_family,Anumana,934977937391676435
train,nyaya_synthetic,tmpl__no_template_family,Shabda,2260173429963812150
train,aaec_reviewed,essay__essay206,Anumana,447299978516037699
train,nyaya_synthetic,tmpl__no_template_family,Anumana,7096380548221854374
train,nyaya_synthetic,tmpl__no_template_family,Anumana,5173209070125387531
train,nyaya_synthetic,tmpl__no_template_family,Anumana,284937007188640745
train,nyaya_synthetic,tmpl__no_template_family,Anumana,6510441274164849382
train,ibm_reviewed,topic__We should subsidize journalism,Shabda,6082292289978473376
train,nyaya_synthetic,tmpl__no_template_family,Anumana,6510441274164849382
train,nyaya_synthetic,tmpl__no_template_family,Anumana,8904727819840698883
train,ibm_reviewed,topic__The USA is a good country to live in,Anumana,3473084072203907255
train,ibm_reviewed,topic__We should legalize cannabis,Anumana,1259584246487057968
train,nyaya_synthetic,tmpl__no_template_family,Anumana,2491578883129729737
train,ibm_reviewed,topic__We should subsidize student loans,Anumana,3631009951982519439
train,ibm_reviewed,topic__We should end racial profiling,Anumana,6203957914430709514
train,nyaya_synthetic,tmpl__no_template_family,Anumana,4224502081000084387
train,aaec_reviewed,essay__essay254,Upamana,207071017670263580
train,nyaya_synthetic,tmpl__no_template_family,Anumana,7396626674944014585
train,ibm_reviewed,topic__We should close Guantanamo Bay detention camp,Anumana,326079455442907944
train,ibm_reviewed,topic__Foster care brings more harm than good,Anumana,7061050616333129428
train,nyaya_synthetic,tmpl__no_template_family,Shabda,2993968245764251827
train,nyaya_synthetic,tmpl__no_template_family,Upamana,3912586570897543951
train,ibm_reviewed,topic__We should introduce compulsory voting,Anumana,556064087973354100
train,nyaya_synthetic,tmpl__in_domain__social_media_discourse,Pratyaksha,9202102259619016870
train,nyaya_synthetic,tmpl__no_template_family,Anumana,36144137470632471
train,nyaya_synthetic,tmpl__no_template_family,Anumana,6752615042413276520
train,ibm_reviewed,topic__We should close Guantanamo Bay detention camp,Anumana,2816255918626760444
train,nyaya_synthetic,tmpl__no_template_family,Anumana,244116198961817691
train,nyaya_synthetic,tmpl__no_template_family,Shabda,4332252185963899359
train,nyaya_synthetic,tmpl__no_template_family,Pratyaksha,5021057680272015258
train,ibm_reviewed,topic__We should adopt libertarianism,Anumana,4720697097376679006
train,nyaya_synthetic,tmpl__no_template_family,Pratyaksha,924925826615402960
train,ibm_reviewed,topic__We should fight for the abolition of nuclear weapons,Anumana,1857119177778595517
train,nyaya_synthetic,tmpl__master_augmentation__politics,Pratyaksha,6630683492268817572
train,nyaya_synthetic,tmpl__no_template_family,Anumana,3297219255900023814
train,ibm_reviewed,topic__We should ban cosmetic surgery,Anumana,1745091602570581649
train,ibm_reviewed,topic__Routine child vaccinations should be mandatory,Anumana,3626860702309229887
train,nyaya_synthetic,tmpl__no_template_family,Anumana,1440510907669933766
train,nyaya_synthetic,tmpl__no_template_family,Shabda,6536172518410753830
train,nyaya_synthetic,tmpl__no_template_family,Upamana,1811650787342987147
train,nyaya_synthetic,tmpl__no_template_family,Anumana,8259086417614657395
train,nyaya_synthetic,tmpl__no_template_family,Anumana,6946659780282664695
train,ibm_reviewed,topic__We should end the use of economic sanctions,Anumana,6502227355189301279
train,ibm_reviewed,topic__We should introduce compulsory voting,Anumana,1141947334509132389
train,ibm_reviewed,topic__We should introduce compulsory voting,Anumana,3023680100570849206
train,ibm_reviewed,topic__We should close Guantanamo Bay detention camp,Anumana,8482124599255353696
train,nyaya_synthetic,tmpl__no_template_family,Pratyaksha,7949495625590563435
train,nyaya_synthetic,tmpl__no_template_family,Pratyaksha,703632198801037749
train,ibm_reviewed,topic__We should subsidize space exploration,Anumana,1837945878025931737
train,ibm_reviewed,topic__We should ban private military companies,Anumana,333055562421164547
train,ibm_reviewed,topic__The USA is a good country to live in,Anumana,4763812409642489530
train,nyaya_synthetic,tmpl__no_template_family,Anumana,6510441274164849382
train,nyaya_synthetic,tmpl__no_template_family,Shabda,2540129717393356889
train,nyaya_synthetic,tmpl__no_template_family,Anumana,4812838184032174511
train,nyaya_synthetic,tmpl__no_template_family,Anumana,5786449492629262043
train,ibm_reviewed,topic__We should end mandatory retirement,Anumana,8705491894836339444
train,ibm_reviewed,topic__Entrapment should be legalized,Anumana,6613318751030705352
train,nyaya_synthetic,tmpl__no_template_family,Shabda,7992374175655620034
train,aaec_reviewed,essay__essay252,Anumana,541031090194916134
train,nyaya_synthetic,tmpl__no_template_family,Anumana,7135556542283053436
train,nyaya_synthetic,tmpl__no_template_family,Upamana,364149413292550135
train,nyaya_synthetic,tmpl__no_template_family,Anumana,411110786509147675
train,nyaya_synthetic,tmpl__no_template_family,Anumana,5841698156059749819
train,ibm_reviewed,topic__We should subsidize vocational education,Anumana,675240997801017142
train,nyaya_synthetic,tmpl__no_template_family,Anumana,2377440080096540113
train,nyaya_synthetic,tmpl__no_template_family,Shabda,2173356478692665668
train,nyaya_synthetic,tmpl__in_domain__news_analysis,Upamana,6082322707850894579
train,aaec_reviewed,essay__essay097,Anumana,620189977764367016
train,ibm_reviewed,topic__We should abolish capital punishment,Anumana,3027732834429337004
train,nyaya_synthetic,tmpl__no_template_family,Anumana,7096380548221854374
train,nyaya_synthetic,tmpl__no_template_family,Anumana,5841236011643959276
train,aaec_reviewed,essay__essay397,Anumana,8092961644130124712
train,ibm_reviewed,topic__We should abolish the three-strikes laws,Anumana,5532928666408224880
train,aaec_reviewed,essay__essay222,Upamana,2343479092335172627
train,ibm_reviewed,topic__We should adopt atheism,Anumana,573897787062587210
train,nyaya_synthetic,tmpl__no_template_family,Anumana,570614381937558021
train,nyaya_synthetic,tmpl__no_template_family,Upamana,4421435750491651194
train,ibm_reviewed,topic__We should subsidize space exploration,Anumana,4732350896117916285
train,aaec_reviewed,essay__essay214,Anumana,4926359908837620614
train,nyaya_synthetic,tmpl__no_template_family,Upamana,4386036302592328858
train,ibm_reviewed,topic__We should subsidize vocational education,Anumana,2934498295730037028
train,nyaya_synthetic,tmpl__no_template_family,Anumana,7721662394472392984
train,nyaya_synthetic,tmpl__no_template_family,Anumana,5484582047951194084
train,nyaya_synthetic,tmpl__no_template_family,Anumana,2651069721044115101
train,ibm_reviewed,topic__We should abandon the use of school uniform,Anumana,137630706170854496
train,ibm_reviewed,topic__We should subsidize journalism,Shabda,1671997158241003617
train,nyaya_synthetic,tmpl__no_template_family,Anumana,7277832682764423201
train,nyaya_synthetic,tmpl__no_template_family,Anumana,6517651940977866497
train,ibm_reviewed,topic__We should subsidize journalism,Shabda,7827542256446125785
train,nyaya_synthetic,tmpl__no_template_family,Anumana,6202051880037184552
train,nyaya_synthetic,tmpl__no_template_family,Anumana,6946659780282664695
train,nyaya_synthetic,tmpl__no_template_family,Anumana,6586614920189627052
train,nyaya_synthetic,tmpl__no_template_family,Anumana,5376049435961362942
train,nyaya_synthetic,tmpl__in_domain__cybersecurity_operations,Pratyaksha,3741436703278965609
train,nyaya_synthetic,tmpl__no_template_family,Anumana,7798798547797723491
train,nyaya_synthetic,tmpl__no_template_family,Anumana,244116198961817691
train,nyaya_synthetic,tmpl__no_template_family,Anumana,934977937391676435
train,aaec_reviewed,essay__essay237,Upamana,6134834431171387666
train,nyaya_synthetic,tmpl__no_template_family,Anumana,7821202552107763782
train,ibm_reviewed,topic__We should fight for the abolition of nuclear weapons,Anumana,3751050125468233326
train,ibm_reviewed,topic__The USA is a good country to live in,Anumana,7072315044367026985
train,nyaya_synthetic,tmpl__no_template_family,Anumana,284937007188640745
train,nyaya_synthetic,tmpl__no_template_family,Anumana,4903358322300538663
train,ibm_reviewed,topic__Homeschooling should be banned,Anumana,6143102635748570157
train,aaec_reviewed,essay__essay311,Anumana,6856586660014444060
train,nyaya_synthetic,tmpl__no_template_family,Anumana,4710599931499451796
train,aaec_reviewed,essay__essay085,Anumana,5158548742071279849
train,nyaya_synthetic,tmpl__no_template_family,Anumana,160543578832734347
train,ibm_reviewed,topic__We should close Guantanamo Bay detention camp,Anumana,7152406252446076198
train,ibm_reviewed,topic__We should introduce compulsory voting,Anumana,2922831067399405330
train,ibm_reviewed,topic__We should end the use of economic sanctions,Shabda,8273988634150517432
train,ibm_reviewed,topic__We should adopt an austerity regime,Anumana,5331293104941279006
train,ibm_reviewed,topic__We should subsidize journalism,Shabda,3834085358777127826
train,nyaya_synthetic,tmpl__no_template_family,Anumana,2491578883129729737
train,nyaya_synthetic,tmpl__no_template_family,Anumana,6491491988368329038
train,ibm_reviewed,topic__We should abolish the three-strikes laws,Anumana,7075488315578121439
train,aaec_reviewed,essay__essay295,Anumana,2196074204691813604
train,aaec_reviewed,essay__essay273,Upamana,3203383349791411673
train,nyaya_synthetic,tmpl__no_template_family,Pratyaksha,2349063626683542351
train,ibm_reviewed,topic__We should end racial profiling,Pratyaksha,3703401272141863904
train,ibm_reviewed,topic__We should introduce compulsory voting,Anumana,109630311770199791
train,ibm_reviewed,topic__We should abandon marriage,Anumana,2273831101648802944
train,nyaya_synthetic,tmpl__master_augmentation__social_media_discourse,Upamana,2910802493277481535
train,ibm_reviewed,topic__We should abandon the use of school uniform,Anumana,667098885705596969
train,nyaya_synthetic,tmpl__no_template_family,Anumana,570614381937558021
train,nyaya_synthetic,tmpl__no_template_family,Anumana,9205073518950540808
train,ibm_reviewed,topic__We should end mandatory retirement,Anumana,4180068976916611724
train,nyaya_synthetic,tmpl__no_template_family,Anumana,5070871058365404918
train,ibm_reviewed,topic__We should ban the use of child actors,Anumana,8269233243807715714
train,nyaya_synthetic,tmpl__no_template_family,Upamana,7851010411653591431
train,ibm_reviewed,topic__We should legalize prostitution,Anumana,2466422525660741456
train,nyaya_synthetic,tmpl__no_template_family,Anumana,1551135799223035602
train,ibm_reviewed,topic__We should legalize cannabis,Anumana,5383374888192154143
train,nyaya_synthetic,tmpl__no_template_family,Anumana,6517651940977866497
train,ibm_reviewed,topic__Homeschooling should be banned,Anumana,4678507031963580860
train,aaec_reviewed,essay__essay027,Anumana,91320575334255104
train,nyaya_synthetic,tmpl__master_augmentation__legal_reasoning,Anumana,12796218970306085
train,ibm_reviewed,topic__We should fight for the abolition of nuclear weapons,Anumana,7536668938202047991
train,nyaya_synthetic,tmpl__no_template_family,Anumana,2129385885699033249
train,ibm_reviewed,topic__We should subsidize vocational education,Anumana,7192715008798839694
train,nyaya_synthetic,tmpl__no_template_family,Anumana,8760338410398385003
train,nyaya_synthetic,tmpl__in_domain__science,Anumana,3382328323414594256
train,ibm_reviewed,topic__We should abandon the use of school uniform,Anumana,743774177674795085
train,aaec_reviewed,essay__essay371,Anumana,6722402842833121991
train,nyaya_synthetic,tmpl__no_template_family,Anumana,6517651940977866497
train,ibm_reviewed,topic__The USA is a good country to live in,Anumana,4710803844515194385
train,nyaya_synthetic,tmpl__no_template_family,Anumana,5376049435961362942
train,aaec_reviewed,essay__essay201,Anumana,1028727225048128259
train,nyaya_synthetic,tmpl__no_template_family,Anumana,1273249786302030325
train,ibm_reviewed,topic__We should subsidize vocational education,Anumana,6971763374438729377
train,nyaya_synthetic,tmpl__no_template_family,Anumana,6752615042413276520
train,ibm_reviewed,topic__We should abolish capital punishment,Anumana,671448344232970973
train,aaec_reviewed,essay__essay321,Anumana,2643824714444273894
train,ibm_reviewed,topic__We should adopt libertarianism,Anumana,534067121356345626
train,nyaya_synthetic,tmpl__no_template_family,Shabda,3375093999413203446
train,ibm_reviewed,topic__We should subsidize journalism,Shabda,8463780685426273340
train,aaec_reviewed,essay__essay129,Anumana,6247220035750083269
train,nyaya_synthetic,tmpl__no_template_family,Anumana,4903358322300538663
train,aaec_reviewed,essay__essay209,Anumana,2968131476764465390
train,nyaya_synthetic,tmpl__no_template_family,Anumana,6586614920189627052
train,nyaya_synthetic,tmpl__no_template_family,Anumana,2651069721044115101
train,ibm_reviewed,topic__We should subsidize vocational education,Anumana,5842637502487781799
train,nyaya_synthetic,tmpl__in_domain__daily_life,Upamana,7508483185043778959
train,nyaya_synthetic,tmpl__no_template_family,Shabda,7206678336659330885
train,nyaya_synthetic,tmpl__no_template_family,Anumana,7798798547797723491
train,ibm_reviewed,topic__We should abandon marriage,Anumana,6180112211618892415
train,nyaya_synthetic,tmpl__no_template_family,Anumana,6202051880037184552
train,nyaya_synthetic,tmpl__no_template_family,Anumana,411110786509147675
train,ibm_reviewed,topic__The USA is a good country to live in,Anumana,1962634553272855874
train,nyaya_synthetic,tmpl__no_template_family,Shabda,4693073571440932502
train,ibm_reviewed,topic__We should subsidize space exploration,Anumana,6999644839961006514
train,nyaya_synthetic,tmpl__master_augmentation__social_media_discourse,Upamana,2910802493277481535
train,nyaya_synthetic,tmpl__no_template_family,Anumana,5786449492629262043
train,ibm_reviewed,topic__Routine child vaccinations should be mandatory,Anumana,8630145966502506081
train,aaec_reviewed,essay__essay209,Anumana,7596327588012036617
train,ibm_reviewed,topic__Foster care brings more harm than good,Anumana,1072617464676662923
train,ibm_reviewed,topic__We should legalize cannabis,Anumana,8506531194512938074
train,nyaya_synthetic,tmpl__no_template_family,Shabda,4548703485285063246
train,ibm_reviewed,topic__We should subsidize journalism,Shabda,7922299539910526945
train,nyaya_synthetic,tmpl__no_template_family,Anumana,4812838184032174511
train,ibm_reviewed,topic__We should ban private military companies,Anumana,5675583674698434282
train,nyaya_synthetic,tmpl__no_template_family,Anumana,7096380548221854374
train,aaec_reviewed,essay__essay315,Anumana,7082111825044825099
train,nyaya_synthetic,tmpl__no_template_family,Anumana,1981416647463507998
train,nyaya_synthetic,tmpl__in_domain__legal_reasoning,Anumana,5983379831960434787
train,aaec_reviewed,essay__essay279,Anumana,3155631050272333111
train,ibm_reviewed,topic__We should end mandatory retirement,Anumana,5245037437028401710
train,ibm_reviewed,topic__Foster care brings more harm than good,Anumana,8567742755817881750
train,aaec_reviewed,essay__essay269,Anumana,100760729399191211
train,nyaya_synthetic,tmpl__no_template_family,Anumana,1273249786302030325
train,nyaya_synthetic,tmpl__no_template_family,Anumana,4720812874348510428
train,nyaya_synthetic,tmpl__in_domain__legal_reasoning,Upamana,4335722149550538852
train,nyaya_synthetic,tmpl__no_template_family,Anumana,6604008320655243607
train,nyaya_synthetic,tmpl__no_template_family,Anumana,16051813438077739
val,ibm_reviewed,topic__Assisted suicide should be a criminal offence,Anumana,1748862270314732546
val,ibm_reviewed,topic__Assisted suicide should be a criminal offence,Anumana,7236447769864763362
val,ibm_reviewed,topic__The vow of celibacy should be abandoned,Anumana,4619269003655657714
val,ibm_reviewed,topic__We should abolish intellectual property rights,Anumana,2358560067095563707
val,ibm_reviewed,topic__We should ban algorithmic trading,Anumana,8693180853197330060
val,aaec_reviewed,essay__essay057,Anumana,5911560115953177649
val,ibm_reviewed,topic__Assisted suicide should be a criminal offence,Anumana,4734199830291892075
val,ibm_reviewed,topic__We should ban human cloning,Anumana,7729024886902579173
val,ibm_reviewed,topic__Assisted suicide should be a criminal offence,Anumana,5639905913926111392
val,nyaya_synthetic,tmpl__in_domain__econometrics,Pratyaksha,6215014951640237026
val,aaec_reviewed,essay__essay181,Anumana,5519976109999483269
val,ibm_reviewed,topic__We should prohibit flag burning,Anumana,6891896058480439829
val,aaec_reviewed,essay__essay030,Anumana,7597748486288534585
val,ibm_reviewed,topic__We should abolish intellectual property rights,Anumana,1524729885942367698
val,aaec_reviewed,essay__essay105,Anumana,6768429396169735137
val,aaec_reviewed,essay__essay029,Anumana,8586771533559040512
val,ibm_reviewed,topic__The vow of celibacy should be abandoned,Anumana,956549397886943553
val,nyaya_synthetic,tmpl__master_augmentation__philosophy,Upamana,5293355676793363042
val,ibm_reviewed,topic__We should ban algorithmic trading,Anumana,3459828881749164610
val,aaec_reviewed,essay__essay163,Upamana,3038978338187970301
val,ibm_reviewed,topic__We should prohibit flag burning,Anumana,1152675721819510827
val,aaec_reviewed,essay__essay079,Anumana,8673792523742998308
val,aaec_reviewed,essay__essay280,Anumana,1530158768510886663
val,aaec_reviewed,essay__essay137,Anumana,9119597427458735096
val,aaec_reviewed,essay__essay246,Anumana,8459142550493461458
val,nyaya_synthetic,tmpl__in_domain__philosophy,Upamana,7970621323997168173
val,ibm_reviewed,topic__We should ban algorithmic trading,Anumana,5053509376234445926
val,ibm_reviewed,topic__We should abolish intellectual property rights,Anumana,7794599185024173930
val,ibm_reviewed,topic__The vow of celibacy should be abandoned,Anumana,4268396559775316188
val,ibm_reviewed,topic__Assisted suicide should be a criminal offence,Anumana,188909464658607271
val,ibm_reviewed,topic__The vow of celibacy should be abandoned,Anumana,3552485853479639178
val,ibm_reviewed,topic__We should prohibit flag burning,Anumana,3016443517227811502
val,ibm_reviewed,topic__We should abolish intellectual property rights,Anumana,4744797323165657349
val,ibm_reviewed,topic__Social media platforms should be regulated by the government,Anumana,3605250672308349313
val,aaec_reviewed,essay__essay100,Upamana,205160146905441369
val,ibm_reviewed,topic__Social media platforms should be regulated by the government,Shabda,7055582332398923947
val,ibm_reviewed,topic__We should ban human cloning,Anumana,48832391932585096
val,ibm_reviewed,topic__We should ban human cloning,Anumana,9011779403515405270
val,ibm_reviewed,topic__We should abolish intellectual property rights,Anumana,8097989967797088676
val,ibm_reviewed,topic__We should ban algorithmic trading,Anumana,9099232161934419760
val,aaec_reviewed,essay__essay280,Anumana,9102424710070231271
val,ibm_reviewed,topic__The vow of celibacy should be abandoned,Anumana,4004450111510954954
val,ibm_reviewed,topic__We should prohibit flag burning,Anumana,4116698629695101188
val,ibm_reviewed,topic__We should ban algorithmic trading,Anumana,993142830299888720
val,nyaya_synthetic,tmpl__master_augmentation__philosophy,Pratyaksha,2305871730413444695
val,aaec_reviewed,essay__essay235,Anumana,6619508022907075985
val,ibm_reviewed,topic__We should prohibit flag burning,Shabda,229645696178483683
val,aaec_reviewed,essay__essay099,Anumana,178903036422888912
val,nyaya_synthetic,tmpl__in_domain__philosophy,Upamana,9115302685134206243
val,ibm_reviewed,topic__We should abolish intellectual property rights,Anumana,3599348566753829832
val,ibm_reviewed,topic__Social media platforms should be regulated by the government,Anumana,539216560470489528
val,aaec_reviewed,essay__essay163,Anumana,7280474354088041073
val,ibm_reviewed,topic__We should abolish intellectual property rights,Anumana,9087142656103011599
val,ibm_reviewed,topic__We should ban algorithmic trading,Anumana,2982538193137005387
val,aaec_reviewed,essay__essay012,Anumana,9163380816009076126
val,aaec_reviewed,essay__essay079,Anumana,7637725797777801085
val,ibm_reviewed,topic__We should prohibit flag burning,Anumana,124320423169925514
val,ibm_reviewed,topic__The vow of celibacy should be abandoned,Anumana,4557909409883968880
val,ibm_reviewed,topic__Social media platforms should be regulated by the government,Shabda,2634327143140067043
val,ibm_reviewed,topic__We should ban human cloning,Shabda,7540541289220334797
val,aaec_reviewed,essay__essay233,Anumana,9171358305008718624
val,ibm_reviewed,topic__The vow of celibacy should be abandoned,Anumana,1787159323277732287
val,aaec_reviewed,essay__essay102,Anumana,1453835065704180902
val,ibm_reviewed,topic__Social media platforms should be regulated by the government,Anumana,407482102872316105
val,ibm_reviewed,topic__The vow of celibacy should be abandoned,Anumana,1805568435027481472
val,ibm_reviewed,topic__We should abolish intellectual property rights,Anumana,8714368909722934670
val,aaec_reviewed,essay__essay046,Anumana,433447442941458457
val,ibm_reviewed,topic__We should ban algorithmic trading,Anumana,8668164280357683452
val,ibm_reviewed,topic__Assisted suicide should be a criminal offence,Anumana,3024246105313169811
val,aaec_reviewed,essay__essay392,Anumana,3764431108558677492
val,ibm_reviewed,topic__Social media platforms should be regulated by the government,Anumana,2242038126226076644
val,ibm_reviewed,topic__Assisted suicide should be a criminal offence,Anumana,5922409907091285190
val,ibm_reviewed,topic__We should abolish intellectual property rights,Anumana,5340779613944374615
val,ibm_reviewed,topic__We should ban human cloning,Anumana,6608543742170781729
val,ibm_reviewed,topic__We should ban algorithmic trading,Anumana,8521155222368365164
val,aaec_reviewed,essay__essay190,Anumana,6568909156592148969
val,ibm_reviewed,topic__We should ban human cloning,Anumana,8077590519118141307
val,ibm_reviewed,topic__Assisted suicide should be a criminal offence,Anumana,5305279922886607194
val,aaec_reviewed,essay__essay113,Anumana,4643798884473368478
val,aaec_reviewed,essay__essay284,Anumana,7578963779358872403
val,ibm_reviewed,topic__Social media platforms should be regulated by the government,Anumana,1249108551021791761
val,ibm_reviewed,topic__We should prohibit flag burning,Anumana,347013781370658755
val,aaec_reviewed,essay__essay005,Anumana,1774129801710675390
val,ibm_reviewed,topic__We should ban algorithmic trading,Anumana,1508356794004107606
val,nyaya_synthetic,tmpl__in_domain__medicine,Upamana,6691118746205202060
val,nyaya_synthetic,tmpl__master_augmentation__philosophy,Shabda,7693529257330759763
val,ibm_reviewed,topic__The vow of celibacy should be abandoned,Anumana,3673024775407513731
val,ibm_reviewed,topic__We should ban human cloning,Anumana,730780914341707632
val,nyaya_synthetic,tmpl__master_augmentation__philosophy,Upamana,7186821741405111293
val,ibm_reviewed,topic__We should abolish intellectual property rights,Anumana,8495725621933653377
val,ibm_reviewed,topic__We should prohibit flag burning,Anumana,3811912220591072782
val,aaec_reviewed,essay__essay002,Upamana,7724926465065471426
val,ibm_reviewed,topic__Social media platforms should be regulated by the government,Anumana,6195953584063812003
val,ibm_reviewed,topic__Social media platforms should be regulated by the government,Shabda,7563887698431761739
val,ibm_reviewed,topic__Social media platforms should be regulated by the government,Anumana,3748765101970189239
val,ibm_reviewed,topic__We should abolish intellectual property rights,Anumana,6350103833184237816
val,nyaya_synthetic,tmpl__in_domain__education,Upamana,1076581806528751632
val,nyaya_synthetic,tmpl__in_domain__medicine,Pratyaksha,325835413765376452
val,nyaya_synthetic,tmpl__in_domain__medicine,Upamana,7546670959964222780
val,ibm_reviewed,topic__We should ban human cloning,Anumana,2552953232831693121
val,aaec_reviewed,essay__essay190,Anumana,3357753252654944004
val,nyaya_synthetic,tmpl__in_domain__philosophy,Pratyaksha,6456396810743704066
val,ibm_reviewed,topic__Social media platforms should be regulated by the government,Shabda,2828351915129907296
val,ibm_reviewed,topic__We should ban human cloning,Anumana,7940101232197383173
val,aaec_reviewed,essay__essay139,Shabda,843497096089970927
val,ibm_reviewed,topic__We should prohibit flag burning,Anumana,8249524774757694742
val,ibm_reviewed,topic__We should prohibit flag burning,Shabda,5351709289592184300
val,aaec_reviewed,essay__essay162,Anumana,4543349196093617298
val,ibm_reviewed,topic__We should ban human cloning,Anumana,774712638598738913
val,aaec_reviewed,essay__essay264,Anumana,5667659315006771183
val,ibm_reviewed,topic__We should ban human cloning,Anumana,5545300121634810421
val,ibm_reviewed,topic__We should prohibit flag burning,Anumana,1062841516472594665
val,ibm_reviewed,topic__Social media platforms should be regulated by the government,Shabda,8894983176473234266
val,ibm_reviewed,topic__Assisted suicide should be a criminal offence,Anumana,5432165417340011012
val,ibm_reviewed,topic__We should ban algorithmic trading,Anumana,185580815559390246
val,ibm_reviewed,topic__We should prohibit flag burning,Shabda,7630992921180937617
val,nyaya_synthetic,tmpl__in_domain__education,Anumana,2221927006305153298
val,nyaya_synthetic,tmpl__master_augmentation__philosophy,Pratyaksha,281101237887375055
val,ibm_reviewed,topic__We should ban algorithmic trading,Anumana,7822671015794967691
val,aaec_reviewed,essay__essay231,Anumana,3478081689807811011
val,ibm_reviewed,topic__Assisted suicide should be a criminal offence,Anumana,1657640573666200757
val,aaec_reviewed,essay__essay246,Anumana,6938917039622306193
val,ibm_reviewed,topic__We should abolish intellectual property rights,Anumana,294335120363692761
val,ibm_reviewed,topic__The vow of celibacy should be abandoned,Anumana,5100367092363011946
val,aaec_reviewed,essay__essay260,Upamana,4085951085908218879
val,aaec_reviewed,essay__essay029,Anumana,353469227074467631
val,aaec_reviewed,essay__essay226,Anumana,2136404549842746002
val,ibm_reviewed,topic__We should prohibit flag burning,Anumana,6896910161654738889
val,ibm_reviewed,topic__The vow of celibacy should be abandoned,Anumana,181392738601749304
val,ibm_reviewed,topic__The vow of celibacy should be abandoned,Anumana,3436661885195254645
val,ibm_reviewed,topic__We should abolish intellectual property rights,Anumana,6470632021655410400
val,ibm_reviewed,topic__We should ban human cloning,Anumana,441786661925856587
val,ibm_reviewed,topic__Assisted suicide should be a criminal offence,Anumana,6351846730885087135
val,ibm_reviewed,topic__We should ban human cloning,Anumana,4733941400707050991
val,nyaya_synthetic,tmpl__in_domain__education,Upamana,2329139922508052987
val,ibm_reviewed,topic__We should abolish intellectual property rights,Anumana,2904193827757948963
val,ibm_reviewed,topic__We should ban human cloning,Anumana,6101249389354506546
val,ibm_reviewed,topic__We should ban algorithmic trading,Anumana,4339804080996934024
val,aaec_reviewed,essay__essay181,Anumana,4674276123647189880
val,ibm_reviewed,topic__We should abolish intellectual property rights,Anumana,2087483811763678139
val,nyaya_synthetic,tmpl__in_domain__philosophy,Anumana,8300332034334073489
val,ibm_reviewed,topic__The vow of celibacy should be abandoned,Anumana,1254204275293889486
val,aaec_reviewed,essay__essay301,Anumana,8307797782575925818
val,nyaya_synthetic,tmpl__in_domain__medicine,Anumana,5939882843228215945
val,aaec_reviewed,essay__essay005,Anumana,8571218187087037412
val,ibm_reviewed,topic__We should ban human cloning,Anumana,1704672029739384382
val,ibm_reviewed,topic__The vow of celibacy should be abandoned,Anumana,7668698628586618971
val,ibm_reviewed,topic__Assisted suicide should be a criminal offence,Anumana,590726451938131405
val,ibm_reviewed,topic__We should ban algorithmic trading,Anumana,1618210381001455239
val,ibm_reviewed,topic__Social media platforms should be regulated by the government,Shabda,5661297096453829252
val,ibm_reviewed,topic__We should ban algorithmic trading,Anumana,7495871358416595564
val,ibm_reviewed,topic__We should prohibit flag burning,Anumana,7792011590464253701
val,ibm_reviewed,topic__Social media platforms should be regulated by the government,Shabda,2031982897617964024
val,nyaya_synthetic,tmpl__in_domain__education,Pratyaksha,6878411266655746805
val,aaec_reviewed,essay__essay163,Anumana,366826871338199204
val,ibm_reviewed,topic__We should prohibit flag burning,Anumana,5640954665393373357
val,ibm_reviewed,topic__Assisted suicide should be a criminal offence,Anumana,6356329031223824170
val,aaec_reviewed,essay__essay226,Anumana,2316045133880080551
val,ibm_reviewed,topic__We should ban algorithmic trading,Anumana,2102734246542396054
val,ibm_reviewed,topic__Assisted suicide should be a criminal offence,Anumana,1641358223336450425
test,ibm_reviewed,topic__The use of public defenders should be mandatory,Anumana,1463272254955771823
test,ibm_reviewed,topic__We should prohibit women in combat,Upamana,3809539159140247875
test,ibm_reviewed,topic__The use of public defenders should be mandatory,Anumana,6638592352870115562
test,nyaya_synthetic,tmpl__in_domain__software_reliability,Pratyaksha,8936161575045154222
test,ibm_reviewed,topic__We should adopt a zero-tolerance policy in schools,Anumana,4329012806253877071
test,aaec_reviewed,essay__essay216,Anumana,4666342152594693709
test,ibm_reviewed,topic__We should abolish the right to keep and bear arms,Anumana,2486177717283145471
test,ibm_reviewed,topic__We should abolish the right to keep and bear arms,Anumana,5974029649873707370
test,ibm_reviewed,topic__We should legalize sex selection,Anumana,1514411161936217694
test,nyaya_synthetic,tmpl__in_domain__history_of_science,Pratyaksha,1680521869493822788
test,aaec_reviewed,essay__essay024,Anumana,7736350274110973358
test,ibm_reviewed,topic__We should end affirmative action,Anumana,4525258810798850518
test,aaec_reviewed,essay__essay038,Anumana,8958587763429418242
test,ibm_reviewed,topic__We should fight urbanization,Anumana,2729895181558899272
test,aaec_reviewed,essay__essay330,Anumana,5119405039889453850
test,aaec_reviewed,essay__essay144,Anumana,1612237494056888725
test,ibm_reviewed,topic__The use of public defenders should be mandatory,Anumana,6158914524987768783
test,ibm_reviewed,topic__We should abolish the right to keep and bear arms,Anumana,2617644992525686434
test,nyaya_synthetic,tmpl__master_augmentation__education,Pratyaksha,7570283960316809466
test,ibm_reviewed,topic__We should fight urbanization,Anumana,5038976520386015037
test,ibm_reviewed,topic__We should adopt a zero-tolerance policy in schools,Anumana,3383324980784511733
test,aaec_reviewed,essay__essay228,Upamana,2338526093704763181
test,aaec_reviewed,essay__essay344,Anumana,1740704426570768752
test,aaec_reviewed,essay__essay232,Anumana,8088039497759125600
test,aaec_reviewed,essay__essay255,Anumana,8308213251913664511
test,ibm_reviewed,topic__We should legalize sex selection,Anumana,2358699890147649776
test,ibm_reviewed,topic__We should end affirmative action,Anumana,158720682275604609
test,ibm_reviewed,topic__The use of public defenders should be mandatory,Anumana,1695731477856265878
test,nyaya_synthetic,tmpl__master_augmentation__news_analysis,Shabda,4246986288878814357
test,ibm_reviewed,topic__We should abolish the right to keep and bear arms,Anumana,5708225881150834590
test,nyaya_synthetic,tmpl__master_augmentation__education,Shabda,2112275800800380150
test,ibm_reviewed,topic__We should fight urbanization,Anumana,3555774720836387378
test,ibm_reviewed,topic__The use of public defenders should be mandatory,Anumana,1935639263932332855
test,ibm_reviewed,topic__We should end affirmative action,Anumana,4662171600090803277
test,ibm_reviewed,topic__The use of public defenders should be mandatory,Anumana,4473797758145885233
test,ibm_reviewed,topic__We should legalize sex selection,Anumana,5338831027299207949
test,ibm_reviewed,topic__We should abolish the right to keep and bear arms,Anumana,9153305509258523703
test,ibm_reviewed,topic__We should prohibit women in combat,Anumana,273911404203630572
test,ibm_reviewed,topic__We should fight urbanization,Anumana,1385666558744738746
test,ibm_reviewed,topic__The use of public defenders should be mandatory,Anumana,499179657586231645
test,aaec_reviewed,essay__essay135,Anumana,847538815240965175
test,ibm_reviewed,topic__The use of public defenders should be mandatory,Anumana,7585636145088650211
test,ibm_reviewed,topic__We should fight urbanization,Anumana,6336702510061918714
test,nyaya_synthetic,tmpl__master_augmentation__news_analysis,Upamana,7026631865337122095
test,ibm_reviewed,topic__We should prohibit women in combat,Anumana,8527693915458662797
test,ibm_reviewed,topic__We should fight urbanization,Anumana,2558591345250084788
test,aaec_reviewed,essay__essay123,Anumana,4565385909618052325
test,ibm_reviewed,topic__The use of public defenders should be mandatory,Anumana,6802896865837342766
test,nyaya_synthetic,tmpl__master_augmentation__news_analysis,Anumana,7939251508751703780
test,aaec_reviewed,essay__essay017,Anumana,7723023450783690383
test,ibm_reviewed,topic__We should fight urbanization,Anumana,2079664208311801732
test,ibm_reviewed,topic__We should fight urbanization,Anumana,7004533381543015513
test,nyaya_synthetic,tmpl__master_augmentation__news_analysis,Upamana,6986774510129490544
test,aaec_reviewed,essay__essay060,Anumana,2881134882712222770
test,ibm_reviewed,topic__We should legalize sex selection,Anumana,1285330473294470521
test,ibm_reviewed,topic__We should adopt a zero-tolerance policy in schools,Anumana,3382424164100774026
test,ibm_reviewed,topic__We should prohibit women in combat,Anumana,8432182085160161873
test,aaec_reviewed,essay__essay164,Anumana,4735278949108431040
test,aaec_reviewed,essay__essay188,Anumana,6401296541691734843
test,ibm_reviewed,topic__We should end affirmative action,Anumana,2702733482302721197
test,ibm_reviewed,topic__We should abolish the right to keep and bear arms,Anumana,7825239549258527535
test,ibm_reviewed,topic__We should fight urbanization,Anumana,7657877951647848782
test,aaec_reviewed,essay__essay193,Anumana,6255662448936262453
test,ibm_reviewed,topic__We should adopt a zero-tolerance policy in schools,Shabda,2089612962199995656
test,aaec_reviewed,essay__essay123,Upamana,4629037773514403557
test,ibm_reviewed,topic__We should legalize sex selection,Anumana,6198152365086922978
test,nyaya_synthetic,tmpl__master_augmentation__news_analysis,Pratyaksha,6093822958162017024
test,aaec_reviewed,essay__essay313,Upamana,5924800444415455715
test,ibm_reviewed,topic__We should adopt a zero-tolerance policy in schools,Anumana,2490660961635008551
test,ibm_reviewed,topic__We should end affirmative action,Anumana,754900618167534513
test,ibm_reviewed,topic__We should prohibit women in combat,Anumana,1648707615845542131
test,ibm_reviewed,topic__We should legalize sex selection,Anumana,3197236596653313460
test,aaec_reviewed,essay__essay299,Anumana,3502040276588770807
test,ibm_reviewed,topic__We should prohibit women in combat,Anumana,2559552908263053133
test,nyaya_synthetic,tmpl__in_domain__public_debate,Anumana,2837221174602076722
test,aaec_reviewed,essay__essay024,Anumana,3569124042409058275
test,aaec_reviewed,essay__essay053,Upamana,3858090675098164040
test,ibm_reviewed,topic__We should adopt a zero-tolerance policy in schools,Anumana,5732603200677908888
test,ibm_reviewed,topic__We should prohibit women in combat,Upamana,6648364486479885986
test,ibm_reviewed,topic__We should legalize sex selection,Shabda,2975026655635769637
test,ibm_reviewed,topic__We should adopt a zero-tolerance policy in schools,Anumana,5859750083261025211
test,nyaya_synthetic,tmpl__master_augmentation__medicine,Upamana,8445827250210729161
test,ibm_reviewed,topic__The use of public defenders should be mandatory,Anumana,2473865625770336311
test,ibm_reviewed,topic__We should prohibit women in combat,Anumana,7460508753506164648
test,ibm_reviewed,topic__We should adopt a zero-tolerance policy in schools,Anumana,2567562511704262815
test,ibm_reviewed,topic__We should end affirmative action,Anumana,3310694571696100307
test,ibm_reviewed,topic__We should fight urbanization,Anumana,6288532907766632167
test,aaec_reviewed,essay__essay257,Anumana,7128701993709366951
test,ibm_reviewed,topic__We should abolish the right to keep and bear arms,Anumana,1786335146394426130
test,ibm_reviewed,topic__We should adopt a zero-tolerance policy in schools,Anumana,2672778841631418379
test,ibm_reviewed,topic__We should end affirmative action,Anumana,4188116204410450257
test,ibm_reviewed,topic__We should legalize sex selection,Anumana,1090075616786600166
test,ibm_reviewed,topic__We should abolish the right to keep and bear arms,Anumana,6802753265241104700
test,ibm_reviewed,topic__We should end affirmative action,Anumana,3176747635356032949
test,aaec_reviewed,essay__essay022,Anumana,2304208490889430212
test,ibm_reviewed,topic__We should abolish the right to keep and bear arms,Anumana,6776945467367286167
test,nyaya_synthetic,tmpl__in_domain__public_debate,Upamana,1973284360985226869
test,ibm_reviewed,topic__We should prohibit women in combat,Upamana,6487331943061851672
test,ibm_reviewed,topic__We should prohibit women in combat,Upamana,4562690639142016331
test,ibm_reviewed,topic__We should legalize sex selection,Anumana,4044738922779285373
test,ibm_reviewed,topic__We should fight urbanization,Anumana,9069076970272819623
test,aaec_reviewed,essay__essay065,Anumana,4383408360839429960
test,ibm_reviewed,topic__We should prohibit women in combat,Anumana,5652523024251647148
test,aaec_reviewed,essay__essay330,Anumana,4529887662253268939
test,ibm_reviewed,topic__We should prohibit women in combat,Anumana,7547328413062405857
test,ibm_reviewed,topic__We should fight urbanization,Anumana,9097751464964382866
test,ibm_reviewed,topic__We should adopt a zero-tolerance policy in schools,Anumana,387166373044375965
test,ibm_reviewed,topic__We should legalize sex selection,Anumana,6009881574241978831
test,ibm_reviewed,topic__We should legalize sex selection,Anumana,3037337900844324272
test,nyaya_synthetic,tmpl__master_augmentation__medicine,Anumana,9171867990938772298
test,nyaya_synthetic,tmpl__master_augmentation__education,Anumana,2018175195981472491
test,ibm_reviewed,topic__We should legalize sex selection,Anumana,5194436843589588245
test,aaec_reviewed,essay__essay317,Upamana,9060404375399872000
test,aaec_reviewed,essay__essay040,Anumana,3173646365078971036
test,ibm_reviewed,topic__We should end affirmative action,Anumana,3854008785599574290
test,ibm_reviewed,topic__The use of public defenders should be mandatory,Anumana,3720774730500996875
test,aaec_reviewed,essay__essay092,Anumana,7676174997392800745
test,aaec_reviewed,essay__essay031,Anumana,7473804969105679555
test,ibm_reviewed,topic__We should prohibit women in combat,Anumana,804278196796508199
test,ibm_reviewed,topic__We should fight urbanization,Anumana,6881799222084790454
test,ibm_reviewed,topic__The use of public defenders should be mandatory,Anumana,4486253499886440338
test,aaec_reviewed,essay__essay317,Anumana,8690395560281144933
test,nyaya_synthetic,tmpl__master_augmentation__education,Anumana,4648651714683392552
test,ibm_reviewed,topic__We should abolish the right to keep and bear arms,Anumana,7045533704075182672
test,aaec_reviewed,essay__essay303,Anumana,5863807708644378256
test,ibm_reviewed,topic__We should adopt a zero-tolerance policy in schools,Shabda,8868373425277360355
test,ibm_reviewed,topic__We should end affirmative action,Anumana,2426732003855375493
test,ibm_reviewed,topic__We should adopt a zero-tolerance policy in schools,Anumana,1976208143360588296
test,ibm_reviewed,topic__We should end affirmative action,Anumana,7304340170233044656
test,ibm_reviewed,topic__We should abolish the right to keep and bear arms,Anumana,2911055409303187663
test,ibm_reviewed,topic__We should end affirmative action,Anumana,7189879841386657877
test,nyaya_synthetic,tmpl__in_domain__public_debate,Pratyaksha,4861669134660123538
test,ibm_reviewed,topic__We should end affirmative action,Anumana,1872537701075381119
test,ibm_reviewed,topic__We should prohibit women in combat,Anumana,2276790175635885333
test,ibm_reviewed,topic__We should legalize sex selection,Anumana,4310109297253886769
test,aaec_reviewed,essay__essay294,Anumana,8567807081999660028
test,ibm_reviewed,topic__We should end affirmative action,Anumana,3323772646305724892
test,nyaya_synthetic,tmpl__master_augmentation__medicine,Upamana,5597178275277247834
test,ibm_reviewed,topic__The use of public defenders should be mandatory,Shabda,1497521560496133717
test,ibm_reviewed,topic__We should prohibit women in combat,Anumana,651730390828276429
test,nyaya_synthetic,tmpl__in_domain__public_debate,Upamana,6038126966147893874
test,aaec_reviewed,essay__essay232,Anumana,8098002354837364520
test,ibm_reviewed,topic__We should end affirmative action,Anumana,1185881139690144607
test,ibm_reviewed,topic__The use of public defenders should be mandatory,Anumana,1048614571512729997
test,ibm_reviewed,topic__We should abolish the right to keep and bear arms,Anumana,3087178849108520409
test,ibm_reviewed,topic__We should abolish the right to keep and bear arms,Anumana,9045369406000960115
test,ibm_reviewed,topic__We should adopt a zero-tolerance policy in schools,Anumana,6442300961998364238
test,ibm_reviewed,topic__We should legalize sex selection,Anumana,7428614949459688321
test,ibm_reviewed,topic__We should fight urbanization,Anumana,1920661957277434046
test,ibm_reviewed,topic__We should adopt a zero-tolerance policy in schools,Anumana,4309221120661718761
test,nyaya_synthetic,tmpl__master_augmentation__medicine,Pratyaksha,7036418053811083019
test,aaec_reviewed,essay__essay366,Anumana,408303002944271541
test,ibm_reviewed,topic__We should fight urbanization,Anumana,230689500484791431
test,ibm_reviewed,topic__We should abolish the right to keep and bear arms,Shabda,2830251449610937703
test,aaec_reviewed,essay__essay050,Anumana,3617595687761042240
test,ibm_reviewed,topic__We should legalize sex selection,Anumana,4798309595331776326
test,ibm_reviewed,topic__We should abolish the right to keep and bear arms,Shabda,2176946578967686036
