essay_id,component_id,component_type,text
essay001,T1,MajorClaim,we should attach more importance to cooperation during primary education
essay001,T2,MajorClaim,a more cooperative attitudes towards life is more profitable in one's success
essay001,T3,Claim,"through cooperation, children can learn about interpersonal skills which are significant in the future life of all students"
essay001,T4,Premise,"What we acquired from team work is not only how to achieve the same goal with others but more importantly, how to get along with others"
essay001,T5,Premise,"During the process of cooperation, children can learn about how to listen to opinions of others, how to communicate with others, how to think comprehensively, and even how to compromise with other team members when conflicts occurred"
essay001,T6,Premise,All of these skills help them to get on well with other people and will benefit them for the whole life
essay001,T7,Claim,competition makes the society more effective
essay001,T8,Premise,the significance of competition is that how to become more excellence to gain the victory
essay001,T9,Premise,"when we consider about the question that how to win the game, we always find that we need the cooperation"
essay001,T10,Premise,"Take Olympic games which is a form of competition for instance, it is hard to imagine how an athlete could win the game without the training of his or her coach, and the help of other professional staffs such as the people who take care of his diet, and those who are in charge of the medical care"
essay001,T11,Claim,"without the cooperation, there would be no victory of competition"
essay002,T1,MajorClaim,they are able to sustain their cultural identities and doing so help they keep their origin values
essay002,T2,MajorClaim,sustaining the traditions will make the immigrated people keep their cultural identity and give them confident among the many culture society
essay002,T3,Premise,maintaining one’s cultural identity is a key important rule to help individuals emerge in the new multicultural environments
essay002,T4,Claim,sustaining the cultural values of immigrants is paramount essential
essay002,T5,Premise,"Take Australia for example, immigrants from varieties of nations have a day called multicultural day where people from each country prepare their food and traditional activities for displaying in the public venues"
essay002,T6,Premise,"Many Australians come this day to enjoy the shows, learn about the cultures and admire the diverse values"
essay002,T7,Premise,"These feedbacks, in turn, help raise one’s pride of their cultures and help people understand each other more"
essay002,T8,Premise,it is crucial to keep one’s identity
essay002,T9,Premise,they need a connection back to their country as well as teach their children their value of origin
essay002,T10,Claim,keeping the cultural traditions in the destination countries is tremendous important
essay002,T11,Premise,children immigrated to a new country will face social troubles in school with new friends
essay002,T12,Premise,"In this new environment, parent should find friends coming from their same country so that they can socialize in a very familiar manner as feeling being home"
essay002,T13,Premise,"Fail to create this familiarity makes them felt isolated, in the extreme can lead to social disorder like autism"
essay002,T14,Claim,there are opposing ideas of neglecting one’s cultural values to adapt in the new cultures
essay003,T1,MajorClaim,it has contributed to the economic development as well as preserved the culture and environment of the tourist destinations
essay003,T2,MajorClaim,international tourism has both triggered economic development and maintained cultural and environment values of the tourist countries
essay003,T3,Claim,tourism has clearly improved lives in the tourist country
essay003,T4,Premise,international tourism promotes many aspects of the destination country’s economy in order to serve various demands of tourists
essay003,T5,Premise,"Take Cambodia for example, a large number of visitors coming to visit the Angkowat ancient temple need services like restaurants, hotels, souvenir shops and other stores"
essay003,T6,Premise,These demands trigger related business in the surrounding settings which in turn create many jobs for local people improve infrastructure and living standard
essay003,T7,Premise,"through tourism industry, many cultural values have been preserved and natural environments have been protected"
essay003,T8,Claim,tourism has survived many non-tangible cultural values and beauty scenes
essay003,T9,Premise,"in Vietnam, many cultural costumes and natural scenes, namely ‘Trong Dong’ drum performance and ‘Ha Long’ bay, are being encouraged to preserve and funded by the tourism ministry"
essay003,T10,Premise,"Without this support and profit from tourism, many traditional cultures would disappear due to its low income works"
essay004,T1,MajorClaim,this industry has affected the cultural attributes and damaged the natural environment of the tourist destinations
essay004,T2,MajorClaim,the tourism has created threatening pressure on both the sociocultural and natural environments
essay004,T3,Claim,the tourism bring large profit for the destination countries
essay004,T4,Claim,international tourism can create negative impacts on the destination countries
essay004,T5,Claim,tourism has threatened the nature environments
essay004,T6,Premise,tourists from different cultures will probably cause changes to the cultural identity of the tourist destinations
essay004,T7,Premise,"Take Thailand for example, in the Vietnam War, many American soldiers came to Thailand for a break and involved in sexual and drug activities, these huge demands caused many local businesses opened and expanded, even illegally involved in under-age prostitutes to maximize their profits"
essay004,T8,Premise,This was due to the lack of adequate controls by authorities and lead to a bad image of Thailand tourism
essay004,T9,Premise,tourism increasingly create harms to the natural habitats of the destination appeals
essay004,T10,Premise,"As the Australia’s Great Barrier Reef has shown, the billion visitors per annum has generated immense destruction to this nature wonder, namely breaking the corals caused by walking or throwing boat’s anchors, dropping fuel and other sorts of pollutions"
essay004,T11,Premise,"many marine lives have been endangered, in the extremes part of the reef become uninhabitable for these marine species"
essay005,T1,MajorClaim,one who studies overseas will gain many skills throughout this experience
essay005,T2,MajorClaim,living and studying overseas gives the individual a new perspective on the subject that is studied or in general life
essay005,T3,Claim,studying at an overseas university gives individuals the opportunity to improve social skills by interacting and communicating with students from different origins and cultures
essay005,T4,Claim,living and studying overseas is an irreplaceable experience when it comes to learn standing on your own feet
essay005,T5,Claim,one who has studied and lived overseas will become more eligible for the job than his/her peers
essay005,T6,Premise,"Compared to the peers studying in the home country, it will be more likely for the one who is living overseas to be successful in adapting himself/herself into new environments and situations in life"
essay005,T7,Premise,"One who is living overseas will of course struggle with loneliness, living away from family and friends"
essay005,T8,Premise,those difficulties will turn into valuable experiences in the following steps of life
essay005,T9,Premise,the one will learn living without depending on anyone else
essay005,T10,Premise,employers are mostly looking for people who have international and language skills
essay005,T11,Premise,Becoming successful in this study will give the student an edge in job market
essay005,T12,Claim,there are many difficulties a student might face when studying and living overseas
essay006,T1,MajorClaim,studying abroad has many advantages
essay006,T2,MajorClaim,"studying abroad does not only have advantages, but also can change us in a very positive way"
essay006,T3,Claim,"Students gain a lot out of the experience personally, academically, and culturally"
essay006,T4,Claim,students who study outside their countries can get a lot of experience living in a foreign country
essay006,T5,Claim,the new academic experience that the students can obtain at the institution where they are pursuing their studies
essay006,T6,Claim,Most important is the cultural aspect of the experience
essay006,T7,Premise,Living in a new country requires a great amount of flexibility and adaptability in one's character
essay006,T8,Premise,students might face many challenges in the host country
essay006,T9,Premise,they should be able to deal with the obstacles that they may encounter
essay006,T10,Premise,Overcoming problems teaches the students how to be more mature and self-independence
essay006,T11,Premise,they will get exposed to a different educational system
essay006,T12,Premise,They will meet new professors and new classmates which makes the academic experience different from that in their home country
essay006,T13,Premise,"While living in a foreign country, students can learn a lot about the culture of that country"
essay006,T14,Premise,they can meet different people of the country
essay006,T15,Premise,"They can learn about their way of thinking, their customs and traditions, and way of life"
essay006,T16,Premise,Learning about others' cultures is so important
essay006,T17,Premise,It contributes in building a new understanding in us of how we see the world
essay006,T18,Premise,"It makes us more open, and willing to accept different ideas and thoughts"
essay006,T19,Premise,it educates us about the world we are living in
essay007,T1,MajorClaim,newspapers have lost their competitive advantage to sustain their prolonged existence
essay007,T2,Claim,the print media has failed to keep its important role in the provision of information
essay007,T3,Premise,"to obtain information, using the internet is quicker and more convenient than reading newspapers"
essay007,T4,Premise,"Contrary to the past when people had to wait long hours to take a daily newspaper, nowadays, they can acquire latest news updated every second through their mobile phones or computers connected to the internet, everywhere and at anytime"
essay007,T5,Premise,"As can be seen, these devices and machines are very common in all parts of the world, making it easier for people to read a number of things that newspapers can not provide in only some pages"
essay007,T6,Claim,"the number of people reading newspapers may continue falling sharply, possibly leading to the close-downs of many in the coming time"
essay007,T7,Premise,"from the economic aspect, buying newspapers appears to be a waste of money when the internet becomes available for every one"
essay007,T8,Premise,the internet service is being provided at a low cost or even free in many countries
essay007,T9,Premise,"The answer, perhaps, is that hardly would rational people do so"
essay007,T10,Claim,newspapers' production will have to face environmentalists on its way to be alive
essay007,T11,Premise,"when taking environment into consideration, people must conceive that the more newspapers are published, the more trees are cut down"
essay007,T12,Premise,This is simply the contributor to the deforestation which is happening all over the world today
essay008,T1,MajorClaim,a government is supposed to offer sufficient financial support for both
essay008,T2,MajorClaim,a government should spare effort on young children education as well as universities
essay008,T3,Claim,both are crucial on the way to a brighter future
essay008,T4,Claim,"if countries, especially the developing countries, are determined to take off, one of the key points governments should set on agenda is to educate more qualified future citizens through elementary education"
essay008,T5,Premise,"a lack of well-established primary education goes hand in hand with a high rate of illiteracy, and this interplay seriously compromises a country's future development"
essay008,T6,Premise,"elementary education, like the base of a architecture, is the fundamental requirement to be a qualified citizen in today's society"
essay008,T7,Premise,government should guarantee that all people have equal and convenient access to it
essay008,T8,Claim,government's big budget on universities may attract more excellent intellectuals and researchers into the country and enjoy a higher reputation worldwide
essay008,T9,Premise,Researches into humanities and art still need large amount of money
essay008,T10,Premise,"for higher education, which represent the cutting edge of a country's academic achievements, act as the vanguard in economic and social advance"
essay008,T11,Premise,The high technology and new ideas applied into practice may not only lead a country to flourish but also elevate its status in the international community
essay008,T12,Premise,Some may argue that universities can support themselve well by donation or invention
essay008,T13,Premise,this argument is invalid
essay009,T1,MajorClaim,"Consideration and communication, in my personal opinion, are the most important quality"
essay009,T2,MajorClaim,the most important quality of roommates is being considered
essay009,T3,MajorClaim,communication is also another essential particularity of a good roommate
essay009,T4,Premise,Consideration is always important in relationship
essay009,T5,Premise,roommate turns down the music or television volume at night time
essay009,T6,Premise,Sometimes we will not know what we have done until we have a taste of our own medicine
essay009,T7,Premise,"At all times, think about the other's feeling before doing any self-centered action would help to improve the roommate relationship tremendously"
essay009,T8,Claim,having a considered roommate is significantly imperative to our school life
essay009,T9,Premise,It will not only prevent conflicts but also to have a friend or even a family member
essay009,T10,Premise,communication is as well making a good roommate
essay009,T11,Premise,"Through communication, bonded are build and we could have better understanding of each others"
essay009,T12,Claim,communication is very important
essay009,T13,Premise,"People have different habit in daily life, such as tidy the blanket in the morning"
essay009,T14,Premise,One might think this is a piece of cake while other would consider it as immense project
essay009,T15,Premise,If one requested to move out just because his roommate do not tidy up the blanket in the morning might be crying over split milk
essay009,T16,Premise,it would clear up the misinterpretation
essay010,T3,MajorClaim,"governments spend more money on buses, trains, and subways investment"
essay010,T4,Claim,they help alleviate traffic congestion and decrease the amount of carbon released into the air
essay010,T5,Premise,Such public vehicles are used to serve a large number of people in society
essay010,T1,Claim,the policy that concentrates money on developing public transportation brings an advantageous impact on earth
essay010,T2,Premise,"if there are more good buses, trains, or subways, people are inclined to use less private vehicles, which decreases the amount of carbon released"
essay010,T6,Premise,carbon emission cut is significantly essential for protecting the atmosphere
essay010,T7,Premise,"the more cars and motorbikes are on roads, the more seriously the ozone layer is damaged"
essay010,T8,Premise,"If governments use more money to improve roads, there is a strong likelihood that more people drive their private cars work"
essay010,T9,Claim,"This is sure to lead to more carbon emitted into the atmosphere, which can cause skin cancer and destroy the natural environment"
essay010,T10,Premise,there are a great number of vehicles flowing on roads
essay010,T11,Premise,It is quiet clear that traffic congestion is a serious problem in many big cities
essay010,T12,Claim,governments have to turn people' attention on public vehicles to reduce cars and motorbikes
essay010,T13,Premise,There is the possibility that improving roads and highways does not seem to reach the major cause of traffic congestion
essay010,T14,Premise,the policy would play a pivotal part in relieving traffic jam
essay010,T15,Claim,high-quality roads and highways make it easier to move around
essay010,T16,MajorClaim,public transportation systems even have more important advantages
essay010,T17,Claim,They not only ease traffic jam but also protect the atmosphere
essay011,T1,MajorClaim,the physical education part should not be outweighed
essay011,T2,Claim,"Physical exercises help to create healthy nation, assist to learning through direct observation and finally aid to financial development of a country"
essay011,T3,MajorClaim,"the more attention is withdrawn to a problem of physical education, the more influence we can get on academic success of students"
essay011,T4,Claim,"if the entire nation, from their school ages begin going for sports and try doing that everyday, eventually it may help to build healthy nation"
essay011,T5,Premise,healthy body is basis for healthy soul
essay011,T6,Premise,There is a direct linkage between people's health and the frequency of doing physical exercises
essay011,T7,Premise,"The more we practice, the better we feel"
essay011,T8,Premise,"there is a fact that one can improve health conditions with everyday physical activity: gradually, step by step we change physical condition to better"
essay011,T9,Claim,"when we practice outdoors and indoors sports, many aspects are getting clearer"
essay011,T10,Premise,"when a person goes jogging everyday, eventually he can understand his own body through direct observation"
essay011,T11,Premise,the school basketball team gains more knowledge on how to succeed in some particular kind of throwing the ball into hoot practicing rather than learning theoretically
essay011,T12,Premise,"almost all natural science discoveries were made by direct observation, which is a part of physical education"
essay011,T13,Claim,financial sustainability of a region mostly depends on how healthy the population is
essay011,T14,Premise,the money invested into physical education program can save allocations into healthcare
essay011,T15,Premise,the nation is comparatively healthy
essay011,T16,Premise,physically healthy people can contribute more both into economical and social development
essay011,T17,Premise,"the better a person feels, the better his brain works"
essay011,T18,Claim,putting physical activities in early steps of human development would finally lead to mentally healthy society
essay011,T19,Premise,it ends up with financially competitive country
essay012,T3,Claim,email can be count as one of the most beneficial results of modern technology
essay012,T4,Premise,"Many years ago, peoples had to pay a great deal of money to post their letters, and their payements were related to the weight of their letters or boxes, and many accidents may cause problem that the post could not be delivered"
essay012,T5,Premise,"nowadays, all people can take advantage of internet to have their own email free, and send their emails to everyone in no time, besides they can be sure if their emails have been delivered or not"
essay012,T6,Premise,Another important aspect on technology is transferring money
essay012,T7,Premise,"Today, students can apply for foreign universities much easier than before"
essay012,T1,Claim,"with the advent of internet and online paying systems, you can do many thing at your home easily"
essay012,T2,MajorClaim,technology has helped us to have more comfortable life
essay012,T8,Claim,"You can see its effects on transportation, communication, medicine and so forth"
essay012,T9,Premise,"Not only with the help of sending email, but also using credit cards to pay all necessary fees online"
essay012,T10,Premise,"But now, biomedical engineers can make artificial heart valves which works well and doctors can implant them easily"
essay012,T11,Premise,"In the past time doctors used pig heart's valve to implant, but the patient could not be alive more than 3 years after the replacement"
essay012,T12,Premise,one of their inventions was related to artificial heart valves which can be count as a turning point in heart surgeries
essay012,T13,Premise,Biomedical engineers could make a significant effect on increasing life expectancy the world
essay012,T14,Claim,Another technological innovations which help people around the world is related to medical equipments
essay013,T1,MajorClaim,technology makes children even more creative
essay013,T2,Claim,technology may have some negative effects on children
essay013,T3,Claim,technology may have negative effects on children
essay013,T4,Premise,Technology has made life too easy for most children
essay013,T5,Premise,"In comfortable conditions, children may be satisfied with the world around them and refuse to make a change"
essay013,T6,Premise,technology inspires children to create new things
essay013,T7,Premise,technology widen children's knowledge
essay013,T8,Premise,"when they come across a high-tech product like a cellphone, they will be obsessed with its mysterious functions and eager to know how it works"
essay013,T9,Premise,Children are curious about everything around them
essay013,T10,Premise,"Bill Gates was attracted by the original huge computer, then he did everything he could to understand how it worked"
essay013,T11,Premise,"After he had figured out all the stuff, he then began to promote the computer"
essay013,T12,Premise,"In the end, he successfully invented a computer that was easy to use and lightweight"
essay013,T13,Claim,"instead of interfering children's creativity, technology actually encourages children to learn and to create"
essay013,T14,Premise,"In the past, children were only able to see things from one perspective"
essay013,T15,Premise,they will be able to learn about different cultures and different ways of thinking
essay013,T16,Premise,"with highly advanced technology, children are able to get information from foreign countries and even communicate with foreign friends"
essay013,T17,Premise,Knowledge is the base of creativity
essay013,T18,Claim,"The diverse knowledge that children gained from different parts of the world, inspires children and encourage them to create new things"
essay013,T19,MajorClaim,They kept researching new technology and became successful at a very young age
essay013,T20,Premise,"with the development of technology, increasingly more young people become obsessed with high-tech products"
essay014,T1,Claim,students at schools and universities still learn much more from lessons with teachers
essay014,T2,Premise,"teachers teach students how to write, read and calculate since they are in kindergarten"
essay014,T3,Premise,"And when they are in primary school, teachers teach them more further knowledge, like writing skills and using computers"
essay014,T4,Premise,It is teachers that help them with obstacles in schooling
essay014,T5,Premise,students gain most of the knowledge through teachers and learn what is right and wrong with the assistance of teachers
essay014,T7,MajorClaim,students learn far more from their teachers than from other source
essay014,T8,Claim,teachers teach us knowledge but also the skills to tell right from wrong
essay014,T9,Premise,"They can only input some key words and google it, and then there are numberless articles and websites related to it"
essay014,T10,Premise,students learn things easily
essay014,T11,Premise,they contend that good television programs do teach students
essay014,T12,Premise,Discovery Channel has many instructive episodes
essay014,T13,Premise,"Students have knowledge of others cultures, outer space etc"
essay014,T6,Claim,"students learn far more from other sources, such as the Internet and television"
essay014,T14,Premise,within this sources students learn lots of things which they can't learn in classes
essay015,T1,MajorClaim,they may be factors decreasing the position of written language
essay015,T2,Claim,"it is easy to point out many benefits users can get from email and text messaging, which answers to the question of their great popularity"
essay015,T3,MajorClaim,we cannot deny the threat from email and text messaging to the status of written language because their obvious popularity
essay015,T4,Premise,"Before email and mobile phone, human beings communicated by meeting directly, sending letters or later, calling from home phones"
essay015,T5,Premise,"Such ways usually made people have troubles for the expensiveness, difficulties in far communication or emergency and the loss of information"
essay015,T6,Premise,People can send or receive electronic letters anywhere and anytime they want
essay015,T7,Premise,"thanks to the function provided by email and text messaging (SMS), it is cheaper and faster to transfer a lot of information, even to many people at the same time"
essay015,T8,Premise,They are so convenient that the majority of population prefer to use them instead of some traditional ways
essay015,T9,Premise,email and cell phones have improved the obstacles above
essay015,T10,Claim,"The popularity of email and text messaging, as a result, leads to the losing of written language's position"
essay015,T11,Premise,People tend to use slangs and abbreviated words to shorten their writing and save more time in communicating for other activities
essay015,T12,Premise,language in writing is not in its original form
essay015,T13,Premise,"people compose a message with only emoticons (the expressions by face created by service providers), which means there is no room for writing or typing texts"
essay015,T14,Premise,"it is more dangerous that youngsters sometimes use such new languages in their studying, writing assignments"
essay015,T15,Premise,"If that tendency continues at a rapid pace, written language may face up to a real problem about its stand"
essay016,T1,Claim,there is some disadvantages of animals' profits
essay016,T2,MajorClaim,the merits of animal experiments still outweigh the demerits
essay016,T3,MajorClaim,it is a dramatically cruel activity to humanity if the latest foods or medicines are allowed to sold without testing on animals
essay016,T5,Claim,doing this various testing is a hazard of human's future and next generation
essay016,T4,Premise,animals are friendly and vital for people
essay016,T6,Premise,"if there are no animals in the world, the balance of nature will broke down, and we, human, will die out as well"
essay016,T7,Premise,The animal experiments accelerate the vanishing of some categories of animals
essay016,T8,Premise,animal experiments have negative impact on the natural balance
essay016,T9,Premise,it is necessary to make sure that people can live a long life
essay016,T10,Claim,"it is indisputable that every new kind food or pill may be noxious, and scientists must do something to insure that the new invention benefits people instead of making people ill or even dying"
essay016,T11,Premise,The new foods or medicines are invented to promote the quantity of human's life
essay016,T12,Premise,even if they are volunteers; they cannot take the place of animals to test the new foods or medicines
essay016,T13,Premise,it also have potentially harm for human's health without any testing
essay017,T1,MajorClaim,television devastate families ties
essay017,T2,Claim,most of people do not have a plan for make a limitation or schedule for watching television
essay017,T3,MajorClaim,it is a global problem to solve this problem and it is need global contribution to find a solution
essay017,T4,Claim,"killing our time, making us lazy, and advertising negative behaviors are just only few reasons to show how television is destructive"
essay017,T5,Claim,"In spite of enjoying watching television shows, it is really time consuming task"
essay017,T6,Premise,Emergence of new television channels or shows are not surprising
essay017,T7,Premise,We kill time by tracking these channels so at the end of the day we understand it is late for doing any other activities
essay017,T8,Premise,This is a problem that suffers all of us everyday
essay017,T9,Premise,there is no time for call to our parents or friends
essay017,T10,Claim,watching television programs makes us lazy
essay017,T11,Premise,We usually spend our times in front of television for at least three ours a day when we come back home after eight-hour working in the office
essay017,T12,Premise,we do not have time to spend for healthy activity such as going to a gym or doing other sports
essay017,T13,Premise,This makes us a lazy person who prefers to do sedentary activities like watching television shows rather than be active and sociable
essay017,T14,Claim,some television programs have a negative effect on viewers
essay017,T15,Premise,Some thriller or action movies advertise negative activities such as doing criminal activity
essay017,T16,Premise,These genre of programs has more negative effects on our teenagers
essay017,T17,Premise,They usually try to mimic what they see on movies in their daily behaviors
essay018,T1,MajorClaim,universities must open choice for everyone to select his subject
essay018,T2,Claim,we must give them opportunity to achieve their goal
essay018,T3,Premise,Our youth has become very confident towards his career
essay018,T4,Premise,They are not ready to be bound in certain limitations
essay018,T5,Premise,Female candidates also do not care about any restriction posed by the society and the employer
essay018,T6,Claim,Universities should accept equal numbers of students of both genders
essay018,T7,Premise,women have proved themselves in every field whether it is indoor or outdoor
essay018,T8,Premise,nowadays women are working in home as well as in the sky
essay018,T9,Premise,They are acting as a good housewife and they are flying planes also
essay018,T10,Premise,university authority must not be biased on ground of the gender discrimination
essay018,T11,Premise,They must consider the academic record of the student as main criteria of admission
essay018,T12,Claim,universities follow the requirement of job providers and decide subject suitable for particular gender
essay018,T13,Premise,the current job market affects the decision of universities
essay018,T14,Premise,Every university designs its courses according to the need of employers
essay018,T15,Premise,The job selection criteria are pre decided
essay018,T16,Premise,employers need male candidates for the heavy work such as repairing and installation of heavy machine
essay018,T17,Premise,They prefer male staff for night shifts
essay018,T18,Premise,"They want female candidates for soft natured work like counseling, teaching, designing etc"
essay019,T1,MajorClaim,for the young adults it will be better to live with their parents
essay019,T2,Claim,"their lives are going to be more difficult, when they are away from home"
essay019,T3,Premise,They will have to pay a lot of bills
essay019,T4,Premise,"they will have to find a lodging or at least a place where to live and in order to have less expenses they will have to find a co-tenant, who they may not like"
essay019,T5,Claim,They will not need to worry about financial problems or if they will get on well with their roommate
essay019,T6,Claim,Living in their own houses will save the young adults a lot of money
essay019,T7,Premise,"If they live separate from their parents they will have to pay for a loan, electricity, water or even for a meal"
essay019,T8,Premise,If the young adults still study they will have to combine studying with working
essay019,T9,Premise,they will not have money to pay for everything
essay019,T10,Premise,There will not be such worries when young adults live in their own home
essay019,T11,Premise,parents will take care for them
essay019,T12,Premise,parents will give their children money in order they to focus only on studying
essay019,T13,Claim,"Another problem that the young adults may encounter is to find a co-tenant, who they do not like"
essay019,T14,Premise,"His habits may be totally different from theirs, his behavior may be inappropriate, but they will have to live with him or even share a room, in order to have less expenses"
essay019,T15,Premise,Living with such a person may be a huge problem for the young adults
essay019,T16,Premise,"When the co-tenant do not share their interests and points of view, they will not be able to ask him for advice"
essay019,T17,Premise,"they are most likely to quarrel every day, instead of to help each other"
essay020,T1,MajorClaim,more responsibilities should put on private individuals and companies such as paying to clean up air pollution
essay020,T2,MajorClaim,both companies and private individuals should take the main part to clean up the air pollution
essay020,T3,Claim,governments are responsible to provide a healthy environment for their inhabitants and they should be responsible from cleaning up the air pollution
essay020,T4,Claim,"If these companies were obliged to pay to clean up the air pollution, they would at least make an effort to reduce the amount of air pollution they cause"
essay020,T5,Premise,"in most industrialized countries, there is a number of companies that holds heavy factories in their constitutions"
essay020,T6,Premise,The waste products and harmful gases produced by these factories cause a significant amount of air pollution
essay020,T7,Premise,"While these companies make a huge amount of money from their businesses, most of them are not considering to take precautions to reduce the amount of air pollution"
essay020,T8,Claim,"by charging private individuals for causing air pollution, that will at least contribute to reduce the amount of the pollution"
essay020,T9,Premise,private individuals cause air pollution in several ways such as inessential use of cars and house heating
essay020,T10,Premise,"As house heating is a major need in the winter time, some households do not consider to use filters to reduce the amount of pollution that the heating causes"
essay020,T11,Premise,some expensive vehicles cause a huge amount of pollution
essay020,T12,Claim,governments should restrict the use of products that cause air pollution for both individuals and companies
essay020,T13,Claim,"Governments also should use an amount of money from their budgets to clean up the air, instead of putting all the responsibility to companies and private individuals"
essay021,T1,MajorClaim,advertising is the major reason for high sales of a product
essay021,T2,MajorClaim,high sales are obviously a reflection of the powerful advertisements
essay021,T3,Claim,The most effective way to convince consumers to purchase a product is through advertising
essay021,T4,Premise,it is not sufficient in itself
essay021,T5,Premise,The product also should satisfy the needs of the consumers
essay021,T6,Claim,advertisers push the limits of creativity to dispose the consumers to purchase the product
essay021,T7,Claim,Advertisement is the most effective way to create a well-known product
essay021,T8,Claim,They make the product preferable
essay021,T9,Premise,We are mainly introduced to products through advertisements
essay021,T10,Premise,"When the consumers are impressed by the way a product is advertised, they can be convinced to consider that the product is a need in some cases"
essay021,T11,Premise,"Recently, there is a very creative advertisements of a soft drink product on TV"
essay021,T12,Premise,The story delivers a desired call to drink that soft drink that people tend to drink when the weather is too hot
essay021,T13,Premise,the number of that product being sold will increases
essay021,T14,Premise,"the more an advertisement of a product takes place in mass media, the more popular the product becomes"
essay021,T15,Premise,Consumers tend to purchase the most known product when it comes to picking one out of two different brands of the same product
essay021,T16,Premise,"When a product is commonly used, it becomes trustworthy for the society, no matter what quality it is"
essay021,T17,Premise,it also has to be affordable for the consumer
essay021,T18,Premise,advertisements have undeniable affects on the society about the product being advertised
essay022,T1,MajorClaim,the benefits of learning in universities are the vital factor in creating more possibilities for the development of society through advancing academic fulfillment and the young generation who have experiences and challenges
essay022,T2,Claim,higher education does not guarantee young students' success
essay022,T3,Claim,"it is a loss of national productivity that young people spend much time on searching for high salary jobs, even can be a sheer time-consuming"
essay022,T4,Premise,"there are numerous job opportunities for those who do not have the certification of university graduation, such as mechanics, sales persons, or engineers"
essay022,T5,Premise,labors for graduates are in short supply
essay022,T6,Premise,the labor market for highly educated students is now too competitive to get a job after finishing their studying
essay022,T7,Claim,"universities provide not only skills for careers, but also academic knowledge for the human race, such as bio science, politics, and medicine"
essay022,T8,Premise,These academic values are necessary to the progress of the world
essay022,T9,Premise,many researches in the ivory-tower have created ingenious discoveries and achievements for the development of modern society
essay022,T10,Premise,diverse experiences in the campus life can make the young generation more competently
essay022,T11,Premise,"there are a number of chances through internships, deeper discussion, independent life, and exchange scholarships"
essay023,T3,MajorClaim,I do not think these disadvantages will outweigh the advantages brought by cell phones
essay023,T1,MajorClaim,The contribution of the mobile phone to our modern society is prominent and people's dependence on it is irreversible
essay023,T2,Claim,it has a number of problems that should be well handled
essay023,T4,Claim,almost everything that changed our lifestyle a lot will also cause some social problems
essay023,T5,Premise,"Speaking loudly on the phone in public areas, such as schools, libraries and hospitals appears to be very impolite and offensive"
essay023,T6,Premise,some students utilize their cell phones as an effective cheating tools in examinations in which they can send and receive answers by texting each other
essay023,T7,Premise,"it is not impossible to solve these problems, as long as some regulations and rules can be effectively implemented"
essay023,T9,Claim,some harmful effects on our health are lethal
essay023,T10,Premise,"It has been proved that overusing of the electronic devices including mobile phones could lead to higher possibility of suffering hearing loss and even cancers, although the further investigation are needed"
essay023,T11,Claim,There is panic among people that their conversation can be intercepted by the third party
essay023,T12,Premise,This possibility exists all the time
essay023,T13,Premise,a more efficient and reliable system can also be invented to guarantee the private information of users
essay023,T14,Claim,the mobile phone has become a dispensable multifunctional tools in people's daily life
essay023,T15,Premise,"Not only used for communication, but it also functions as an Internet browser, a music player, a personal organizer and so forth"
essay024,T1,MajorClaim,"it still has its bad side, especially for children"
essay024,T2,Claim,it is undeniable that computer is a crucial part of human life
essay024,T3,Claim,using computer constantly has bad influence on children's eyes
essay024,T4,Premise,"When they concentrate on computer for too long, their eyes will get tired, which is the main reason for some eyes problems, typically shortsighted"
essay024,T5,Premise,children who play games too much on computer can seriously lack communicating skills
essay024,T6,Claim,"people who are addicted to games, especially online games, can eventually bear dangerous consequences"
essay024,T7,Premise,"several teenagers play games without rest, which leads to health depression"
essay024,T8,Premise,"a typical example is the death of Korean gamer, who had a non-stop playing for 3 days"
essay024,T9,Claim,even people who are not interested in online game can still be negatively affected by using computer too much
essay024,T10,Premise,"Some social surveys have shown that a few children use computer for studying purpose, most of them are attracted by facebook, blog, etc. instead"
essay024,T11,Premise,they will have a bad result in school
essay024,T12,Premise,"when they can not live without internet, they will have no time for their studying"
essay024,T13,Premise,they will know little about the outside life
essay025,T1,MajorClaim,"the advantages of building a factory will outweigh its disadvantages, if we tackle the environmental problems brought by factories"
essay025,T2,Claim,a large factory can stimulate local economic growth and reduce the unemployment rate
essay025,T3,Premise,"To manufacture goods, there must be the demand of laborers, from which the local residents can benefit"
essay025,T4,Premise,"the factory is not isolated, other industries and business will be quickly established, resulting in economic growth of local area"
essay025,T5,Premise,the estate industry will be boosted in order to satisfy the workers' accommodation need
essay025,T6,Premise,"It is true that some area are suffering the dire consequences caused by overdeveloping the industry, such as water pollution, overcrowded traffic and medical problems"
essay025,T7,Premise,"in some industrial cities, a large proportion of the workers are suffering various breathing problems, such as asthma which can be caused by waste ashes and certain chemical substances"
essay025,T8,Claim,The main disadvantage is contamination
essay025,T9,Claim,how to improve the disadvantages of building a factory would be more important than whether to build it
essay025,T10,Premise,it is inevitable that there will be more factories built with the development of our society
essay025,T11,Premise,most problems can be avoidable if the factories put in real and great effort to manage their waste well
essay026,T3,MajorClaim,"it is obvious that prepared food can bring about some negative influence result from utilizing the artificial ingredients, ignoring the nutrition of food and modifying people's eating habits"
essay026,T4,Claim,it can effectively save time which is considered as money in our modern society
essay026,T5,Claim,easy-to-cook foods sometimes could be dangerous for human's health
essay026,T6,Premise,"to make their food easier to prepare and taste delicious, almost every producer adds a wide range of artificial ingredients in to the food that is now purchased by most people"
essay026,T7,Premise,ingredients being added have caused dire consequences
essay026,T8,Premise,there are usually some articles in newspapers and magazines which report the relationship between certain chemical components in some food and diseases
essay026,T9,Claim,Not cooking fresh food will also lead to the lack of nutrition
essay026,T10,Premise,"Whereas some research has apparently demonstrated that prepared food is unable to support enough nutrients we need, especially for children who are growing up"
essay026,T1,Claim,the invention of prepared foods definitely satisfies the demand of some people who are busy in their work
essay026,T2,MajorClaim,it is not a good thing
essay026,T11,Claim,The more prepared food we eat the more cooking skills we lose
essay026,T12,Premise,"At the increasing living pace, the majority of people tend to choose microwave as their unique cooker that help them prepare a dish in five minutes"
essay026,T13,Premise,"rare people have been aware that this has contributed to a modification of cooking habits, which may cause the loss of our custom and culture about cooking"
essay027,T1,MajorClaim,financial aid is not the only way to assist poor countries
essay027,T2,Claim,it has been proven that developing education and improving national technology and science level are the path they have to undergo if they really want to alter current situation
essay027,T3,Premise,the critical method to improve the condition of poor countries is to help them build up a complete educational system instead of financial aid
essay027,T4,Premise,education is an essential part in development
essay027,T5,Premise,"most developing countries are lack of educational resources, such as experienced teachers, evaluation systems and teaching facilities, which is usually neglected by local authorities"
essay027,T6,Claim,"if the developed countries are unwilling to share their successful experience in education, the developing countries will remain undeveloped, even though they gain a great deal of economic support"
essay027,T7,Claim,developing countries should not totally depend on the financial support from powerful countries
essay027,T8,Premise,some powerful countries provide financial support in order to acquire the right to exploit the local resources and target the local labour market
essay027,T9,Premise,they rarely provide local residents with any technological aid and even cause contamination in some areas
essay027,T10,MajorClaim,it is disagreed that this can be the best and only way to assist developing countries
essay028,T1,MajorClaim,Society does need an advertising but it is our responsibility to control the content and what kind of goods and services we would like to offer to our customers
essay028,T2,MajorClaim,modern society needs advertising
essay028,T3,Claim,Ads will keep us well informed about new products and services
essay028,T4,Claim,advertising cigarettes and alcohol will definitely affect our children in negative way
essay028,T5,Claim,"advertising alcohol, cigarettes, goods and services with adult content should be prohibited"
essay028,T6,Premise,these kind of ads will have negative effect to our children
essay028,T7,Premise,Youngsters might be tempted to buy cigarettes or alcohol and later to start consume it on a daily basis
essay028,T8,Premise,"some countries take this issue seriously and advertising alcohol, cigarettes and materials with adult content is banned on those countries"
essay028,T9,Claim,"by advertising companies, businesses, firms and individuals promote their goods and services"
essay028,T10,Premise,"Thanks to ads we learn about new products, we can compare them and choose what’s the best for us"
essay028,T11,Claim,"These days, not only many businesses, but also governments have to rely on advertising"
essay028,T12,Premise,tourism makes up one-third of the Czech Republic's economy
essay028,T13,Premise,"In order to promote the country's attractions, the Czech government has to advertise and sell its services to foreign consumers"
essay028,T14,Premise,Only well planned and well targeted advertising will bring more foreign tourists to the country
essay029,T1,MajorClaim,married women nowadays have right to take up jobs like men when employment discrimination based on gender have been erased significantly
essay029,T2,Claim,Working outside home will bring a lot of benefits to both married woman and their household
essay029,T3,Claim,it is a normal practice for women to be helpmates in earning money
essay029,T4,MajorClaim,married women could go to work in order to enjoy the working life outside the home
essay029,T5,Claim,a well-organized home does not need the housewife's presence the whole day long
essay029,T6,Premise,extra income that women earn will contribute to their family's expenses
essay029,T7,Premise,"By taking up a job, a wife can earn more money to support her family life"
essay029,T8,Premise,This is really necessary in cases of her husband's low salary and the difficulty of getting a good job at the present
essay029,T9,Claim,it is no doubt that they play roles as a mother and as a wife better
essay029,T10,Premise,"working outside the house creates opportunities for married women to contact with the outer world, strengthen their character and show their capacity"
essay029,T11,Premise,"These things in turn will make them more confident, independent"
essay029,T12,Premise,These women will set a good example for their children
essay029,T13,Claim,there are many supporting conditions that help women balance housework and work
essay029,T14,Premise,"Besides the gorvernment's policies on limited families and their husbands' sharing in the housework, many employers are willing to offer part-time jobs for women"
essay030,T12,Claim,this will encourage all the parents to think of the way to help their children to achieve more in their lives
essay030,T13,Premise,they need to make some contribution too for their children future
essay030,T14,MajorClaim,government should not pay for the university fees
essay030,T15,Claim,this will make both the parents and students in charge for their future themselves not just depend on the government to do all their responsibilities for them
essay030,T1,MajorClaim,"government should provide those education to their people; however, for the more higher education like university, the students or their parents should pay for the fees"
essay030,T2,Claim,Some parents might not have enough money to pay for their children university fees
essay030,T3,Claim,I don't think it is also fair for the government as the government has been paying a lot of money for their students' primary and secondary education
essay030,T4,Premise,It is better for them to use the money to pay for the other students' education so that all people in their country could receive the same education
essay030,T5,Premise,students that already have a basic knowledge and education can get a part-time job and they can pay for their own studies when their parent could not afford to pay it
essay030,T6,Claim,They will be more responsible with their studies when they pay the fees themselves
essay030,T7,Premise,the students will become more independent and it will build their characters in the marketplace as well
essay031,T1,MajorClaim,alternative means of transportation and international laws in controlling automobiles should be introduced
essay031,T2,MajorClaim,alternative forms of transport and international laws on controlling automobiles are necessary due to the environmental protection and the alleviation of traffic congestion
essay031,T3,Claim,some people claim the convenience of automobile
essay031,T4,Claim,it is crucial to alter automobiles to the other means of transportation and to legislate to control automobiles
essay031,T5,Premise,an increase in the number of automobiles brings about environmental pollution
essay031,T6,Premise,automobile exhaust and carbon dioxides emission have bad impacts on the air
essay031,T7,Premise,the air gets to be polluted and it causes respiratory disease of the local inhabitants
essay031,T8,Claim,the methods to reduce the number of automobiles and to control car ownership and use should be immediately planned and implemented
essay031,T9,Premise,an increase in the number of automobiles causes terrible traffic congestion
essay031,T10,Premise,"Once we get into the traffic jam, it forces us to waste our time for a while"
essay031,T11,Premise,"traffic congestion irritates drivers and as a result, it leads to an increase of traffic accidents"
essay031,T12,Premise,alternative forms which emit less carbon dioxides and gasses than automobiles are ideal
essay031,T13,Premise,rental bicycle system has been introduced in several European countries
essay031,T14,Premise,"This system is that at the corner of each district, the rental bicycles are placed and the people can ride it to the other districts with a small fee"
essay031,T15,Premise,bicycle expels neither carbon dioxides nor harmful gasses
essay031,T16,Premise,it is a better form to protect environment than automobile
essay031,T17,Claim,alternative forms of transportation and international laws to control automobiles ownership and use can work effectively
essay031,T18,Premise,these attempts to reduce automobiles can ease traffic congestion and environmental pollution
essay031,T19,Premise,the introduction of international laws can be also effective
essay031,T20,Premise,there are some regulations to limit the use of automobiles by time and to allow the people possess one car only
essay032,T1,MajorClaim,"aiding poor countries has positive effects, overweighing its side-effects for the several reasons"
essay032,T2,MajorClaim,"being a global neighbor by aiding poor countries would be continues by many organizations and volunteers, and it will make the earth a better place to live"
essay032,T3,Claim,"there are abovementioned three key points of positive effects of aid; supporting poor countries to make its economy strong and building humane concepts to people, keeping strong global economy"
essay032,T4,Claim,just giving aid to impoverished countries could be manipulated by big power countries
essay032,T5,Claim,a great amount of materials and money have poor countries being corrupted and politically dependent on other countries
essay032,T6,Claim,Aiding help poor countries in this situation solve their economical problems and run their own business
essay032,T7,Premise,poor counties suffer from shortage of basic materials and facilities to start businesses and make it richer
essay032,T8,Premise,"To be out of poverty, it is fundamental to support basic industry related factors such as light, electricity, load, highways, natural resources, technology and buildings for companies"
essay032,T9,Premise,republic of Korea used to be the poorest country even compared to others in Africa in 1960's
essay032,T10,Premise,Now that it has became strong economy country aiding poor countries after 10 years of aid from other counties
essay032,T11,Claim,aiding campaign gives a chance to considerate about poor people
essay032,T12,Premise,"If people in rich countries ponder poor people suffering from poverty and diseases, they would never take their abundance for granted"
essay032,T13,Premise,"It not only raises the notice the meaning of harmony and love, but also be a good chance to learn humane doctrine of globalization"
essay032,T14,Claim,the campaigns might include practical benefits
essay032,T15,Premise,"In globalized world, the economies of several countries are in a big network and must influence on each others"
essay032,T16,Premise,"When America mortgage loan system went bad, several economies of European and Asian countries fluctuated, even any countries had to be gotten international supports to block its bankrupt"
essay033,T1,MajorClaim,I would rather classify myself in the proponents of globalization as a speeding factor of global progress
essay033,T2,Premise,the idea of globalization put their inherited culture in danger of uncontrolled change and make them vulnerable against the attack of imperialistic governments
essay033,T3,Claim,Some people prefer to recognize globalization as a threat to ethnic and religious values of people of their country
essay033,T4,Claim,globalization contribute effectively to the global improvement of the world in many aspects
essay033,T5,Premise,"Developing globalization, people can have more access to many natural resources of the world and it leads to increasing the pace of scientific and economic promotions of the entire world"
essay033,T6,Premise,they admit that globalization can be considered a chance for people of each country to promote their lifestyle through the stuffs and services imported from other countries
essay033,T7,Claim,globalization results in considerable decrease in global tension
essay033,T8,Premise,convergence of benefits of people of the world which is a natural consequence of globalization
essay034,T1,MajorClaim,student have to be forced to study at school
essay034,T2,MajorClaim,students should study at school
essay034,T3,Claim,there are some advantages of leaving school to find a job
essay034,T4,Premise,studying at school is always the best choice for children's future
essay034,T5,Premise,There are many ways that can train children to learn independent and social skills instead of getting a job
essay034,T6,Claim,they have more opprotunities to find a job and to be successful in the future
essay034,T7,Premise,employer always prefer to hire an employee of high degree who have professional skills
essay034,T8,Premise,schools offer to students a good environment with experienced professors and high quality programs for studying
essay034,T9,Premise,schools provide lots of academic knowledge to students
essay034,T10,Premise,"Students may learn professional skills, expand their understandings and gain experiences"
essay034,T11,Premise,It creates the best conditions for students education and can force them to focus on their school work instead of wasting their time to do useless things
essay034,T12,Claim,children should interrupt their school work and get a job
essay034,T13,Premise,Whether children can learn a lot at school
essay034,T14,Premise,there are many subjects that will be of little value to them in the future
essay034,T15,Premise,children can learn social skills when they have a job
essay034,T16,Premise,They can get more experiences that can not be obtained at school
essay034,T17,Premise,Working helps children be more independent and teach them to esteem and manage the money that they've earned
essay035,T1,MajorClaim,these various advertisements get people to buy products that are unnecessary and only look good on television
essay035,T2,MajorClaim,"The power of advertising maybe over-rated, we can not deny that the final decision is on the hands of us consumers"
essay035,T3,Claim,it is not about the function or quality of the commodities themselves but really the promotion of the good feeling of possessing the product
essay035,T4,Premise,"To boost their sales and win over customers, companies pour a great amount of money into advertising"
essay035,T5,Premise,huge cooperation hire celebrities as the face of their product
essay035,T6,Premise,"By casting famous singers in their television advertisement, motorcycles or clothes for example, sales increase significantly"
essay035,T7,Premise,"youngsters, as the target consumers, love celebrities"
essay035,T8,Premise,having these products shows their status
essay035,T9,Premise,the quality obviously is not relatively important
essay035,T10,Claim,it plays and important role economically
essay035,T11,Premise,they aim to grab your attention
essay035,T12,Premise,"They introduce new products, and provide various choices, not to mention they are often visually enjoyable"
essay035,T13,Premise,advertisements can be falseful and exaggerated
essay035,T14,Premise,"Advertising also helps to keep prices at reasonable levels, creates a fair environment for commercial competition"
essay035,T15,Premise,"Otherwise the market may be monopolistic, and the price as well as the choice will not be so selective"
essay036,T1,MajorClaim,it is sensible to enforce the gun control
essay036,T2,MajorClaim,the guns should be strictly limited and the government should enforce a series of laws to prevent our societies from violence
essay036,T3,Claim,"considering the rise in accident rates, violent crime rates and suicide rates"
essay036,T4,Claim,"most violent crimes are related to the abuse of guns, especially in some countries where guns are available for people"
essay036,T5,Premise,guns will create a violent society if the trend continues
essay036,T6,Premise,"in American, young adults and even juveniles can get access to guns, which leads to the tragedies of school gun shooting"
essay036,T7,Premise,"some terrorists are able to possess more advanced weapons than the police, which makes citizens always live in danger"
essay036,T8,Claim,"the fewer guns possessed, the fewer accidents would happened, our surroundings would be safer with lower accident rates"
essay036,T9,Premise,The accidents cannot be completely avoided although only those who have gun licenses can purchase guns
essay036,T10,Premise,we hear some news from time to time that someone was hurt by accident during the hunting
essay036,T11,Claim,the possession of guns can also raise the rates of suicide
essay036,T12,Premise,"In the US, firearms remain the most common method of suicide, accounting for about 50 per cent"
essay036,T13,Premise,there is an increasing trend of adolescent suicides and suicides among those age 75 and over
essay037,T1,MajorClaim,international sporting occasions are essential in easing international tensions and releasing patriotic emotions in a safe way
essay037,T2,MajorClaim,It will make the world more peaceful by easing internation tensions and releasing patriotic emotions in a safe way
essay037,T3,Claim,International sporting events will draw the international concern
essay037,T4,Claim,It really help to alleviate the tension
essay037,T5,Premise,it is useful to ease tensions between nations
essay037,T6,Premise,People can understand more about a country
essay037,T7,Premise,An international sporting event is normal held in a country with huge interest from fans all over the world
essay037,T8,Premise,"For the time of occasions, people regardless of nationality, origin and religion will live together"
essay037,T9,Premise,"in FIFA World Cup 2010, the relation between North Korea and South Korea is dangerous for the warship sinking"
essay037,T10,Premise,The world suspected North Korea of the aggressive action
essay037,T11,Premise,due to this event North Korea showed a friendship and enthuasism
essay037,T12,Premise,It is rare times when people can learn about this country
essay037,T13,Claim,an international sporting event also helps fans release patriotic emotions in a safe way
essay037,T14,Premise,"When they garther together to encourage their team, they will show their patriotic emotions"
essay037,T15,Premise,"Regardless of the competition between teams, their emotions are always released in a safe way due to the sole passion of the sport"
essay037,T16,Premise,all fans know that a sport event will attract the attention of whole the world and a lot of public media
essay037,T17,Premise,They will try to create a beautiful image about their land and people
essay037,T18,Premise,"In Olympic Beijing 2008, Chinese tried thier best to bring the world a spectacular image about their country"
essay037,T19,Premise,foreigners came here always received the support of friendly volunteers who were young students
essay037,T20,Premise,"They were welcomed by each Chinese hospitality, beauty in each cities"
essay037,T21,Premise,Everythings is created by patriotic emotions of Chinese who wanted to bring a beautiful China to the world
essay038,T1,MajorClaim,the good technology bringing to us is undeniable
essay038,T2,Claim,"Under proper use of technology, the human being can be benefit a lot and perpetually from the advancement of it"
essay038,T3,Claim,"most members of our society can benefit from the consequences of technical advancements, especially the poor people"
essay038,T4,Premise,the progress of material technology leads to the sharp fall of price of a great number of products
essay038,T5,Premise,"About ten years ago, mobile phones ware very expensive for most members of my country, only a few of rich individuals have enough money to buy one"
essay038,T6,Premise,"Today, mobile phones become a common one of household items, which due to the cheaper materials and better producing technologies"
essay038,T7,Premise,the Internet gives everyone access to the same information
essay038,T8,Premise,this therefore leads to greater equality between individuals
essay038,T9,Premise,"With the development of Internet, we can enjoy the pleasure and conveniences which it brings about for us every day"
essay038,T10,Claim,"technical developments improve productivity, which help people to escape from daily chores, and invest more time and energy in studying and living a more meaningful life"
essay038,T11,Premise,we had to spend a lot of time searching information and waiting for letters of our friends who lived far away from us
essay038,T12,Premise,"we can talk with our friends online, no matter where we are and how far between us"
essay038,T13,Claim,the gap between rich people and poor is widen by technology
essay038,T14,Premise,"only the rich people have ability to afford the expensive high-tech products, and these products can help them to earn more in return"
essay038,T15,Premise,"it is a limp opposition to the remarkable advantages of technology, and technology is not the root cause of the gap"
essay039,T1,MajorClaim,human beings should travel to outer space
essay039,T2,MajorClaim,there are some reasons for human beings to travel to outer space
essay039,T3,Claim,many facts about solar system can be discovered
essay039,T4,Premise,"a picture of planet earth proved that the earth is round, not flat"
essay039,T5,Premise,"it is the earth which goes around the sun, not vice versa"
essay039,T6,Premise,"If it was not for the space exploration, we would never know these facts"
essay039,T7,Claim,people can know more about the planet earth itself
essay039,T8,Premise,"By observing planet earth from outer space, people can find out ample things for example about the atmosphere of the planet earth"
essay039,T9,Premise,"With this knowledge, people can work on something to prevent earth hazards such as global warming"
essay039,T10,Claim,a great deal of sophisticated technology can be invented
essay039,T11,Premise,"As astronauts need to travel to outer space which does not have any oxygen to breathe in, scientists are compelled to do research on the oxygen tanks"
essay039,T12,Premise,"Oxygen tanks, for instance, are proved useful not only in outer space but also underwater"
essay039,T13,Premise,"spaceships, communication satellites and space pens also contribute a lot to the society"
essay040,T1,MajorClaim,having a part time job during your student time will offer students many clear benefits
essay040,T2,Claim,"By taking on an extra job, students can partly alleviate some their problematic matters such as working experience, confidence and accommodation"
essay040,T3,Premise,It is undoubtedly certain that students can gain their practical experience by getting involved extra jobs
essay040,T4,Claim,having experienced in working environment during student time offers a distinct advantage when they apply for jobs after their graduation
essay040,T5,Premise,students who get part time jobs have not only academic knowledge but also hands-on experience
essay040,T6,Premise,that seems to be more essential the present shortage of sufficiently practical conditions supplied in universities
essay040,T7,Premise,Part-time jobs furnish them with precious chance to practice what they are learning at their universities
essay040,T8,Claim,students who take on a part time job are often more confident and independent than other ones
essay040,T9,Premise,"By constant communicating with other colleagues daily in a company environment where their new ideas can be raised without hesitation, then students' confidence could be significantly gained"
essay040,T10,Premise,"working conditions require students the independency in thinking, working, and solving problems, which is greatly helpful when the characteristic is applied to tackle subjects in their universities"
essay040,T11,Claim,doing extra jobs helps student with money for their accommodation
essay040,T12,Premise,"high studying tuition, added with raising accommodation expenses are becoming a huge burden to students"
essay040,T13,Premise,"With the money they earn from extra jobs, which normally is not much, those difficulties could be partially solved"
essay040,T14,Claim,that helps students from being reliant on their families as well as is a well-prepared condition for their independent later life
essay041,T2,Claim,students can learn invaluable experiences through the period of time working for the institutions they are assigned to
essay041,T3,Premise,students might have little idea of the real challenges or the true situation when they enter the workforce after graduation
essay041,T4,Premise,"In most school curriculums, the courses are theoretical and often by instructors speaking to students sitting in the classroom"
essay041,T5,Premise,"the internship, although without pay, can give them the experiences that money cannot buy"
essay041,T6,Premise,"As for the companies, the unpaid interns can no doubt save some money"
essay041,T1,Claim,companies save time and resources for searching new staffs and organizing an orientation
essay041,T7,Premise,they can start looking for potential employees and begin the training
essay041,T8,Premise,"the younger generations can help them generate new ideas as the students are not bound to restricted workload and they tend to have greater imagination, which can be essentially helpful when they are making a new advertisement or slogan"
essay041,T9,MajorClaim,students can learn outside the textbook and classroom with a real working experiences that can be a great opportunity for future job consideration whereas organizations earn much more as they can not only save time and money but also be enlightened by what young people have to say
essay042,T1,MajorClaim,a higher pay can be one of the incentive if were to encourage harder-working employees
essay042,T2,MajorClaim,providing a more secured and relaxing environment for workers can fundamentally boost their productivity
essay042,T3,Claim,they will be feeling more cared for and therefore do their best for their bosses
essay042,T4,Claim,A raise or a promotion can no doubt increase the morale in the working places
essay042,T5,Claim,creating an enjoyable working environment is more realistic and essential if one wishes an increase in productivity and better employee performances
essay042,T6,Premise,Workers understand they have to work harder to meet the boss' expectations and to make themselves worthwhile
essay042,T7,Premise,junior high school teachers have great responsibility not only for students' private lives as they are going through adolescence but also their school work
essay042,T8,Premise,it is an important phase for them to study hard and get into the high school they want
essay042,T9,Premise,"If the teachers receive higher salaries, they will be willing to spend more extra time mentoring the youngsters rather than hoping they learn in cram schools and so forth, as this is what is happening in Taiwan"
essay042,T10,Premise,"Take Google for example, the company offers recreation rooms and extra personal leaves for their workers to develop a more relaxing and supportive workforce"
essay042,T11,Premise,the employers can make sure the employees can actually focus and concentrate on their projects instead of thinking about their children or feeling pressured
essay043,T1,MajorClaim,"large scale sports games make people focus on attractive contests instead of international disputes, and help them being proud of their nation"
essay043,T2,MajorClaim,"it is clear that they not only constitute a tremendous appeal towards a peaceful society, but also guide the public demonstrations of national proudness"
essay043,T3,Claim,world sports events strongly participate in eventually pulling back people towards friendship and peace
essay043,T4,Premise,"during times of war, people living in badly affected countries can forget about the gloomy environment and maintain a link with the rest of the world by listening to international sports event"
essay043,T5,Premise,"when Irak was hardly struck by the Second Gulf War, its citizens tried to catch any incoming news about the FootballWorld Cup through their portable receivers"
essay043,T6,Premise,"international sports competitions encourage people and put pressure on them to come back, sooner or later, to a relative peaceful normality"
essay043,T7,Claim,it is clear that people can freely express their patriotic feelings during international sports events
essay043,T8,Premise,these sporting occasions are a good opportunity for people to be proud of their country
essay043,T9,Premise,"when the Football World Cup was organised in South Africa, its citizens filled up the stadiums, cheered and waved national flags to support their national team on the field"
essay043,T10,Premise,South African national and traditional songs were played in the streets throughout the night
essay043,T11,Premise,This example demonstrates how people might take numerous elements from their roots and history to proudly display them while supporting their team
essay043,T12,Claim,This has been true for centuries and will certainly not change in the foreseeable future
essay044,T1,MajorClaim,it would be a better implication by the government to promote other sources of energy
essay044,T2,Claim,This can make use of the available natural resources which in turn would reduce the global warming
essay044,T3,Claim,it would be a good implication by the government to generate electricity from other available sources
essay044,T4,Premise,the major source of energy today is water
essay044,T5,Premise,there is a lot of water shortage to generate electricity many countries still rely only on this source
essay044,T6,Premise,To generate such a vast energy the fundamental resources are falling short
essay044,T7,Premise,during summer there will be a lot of power cut in the developing countries such as India
essay044,T8,Premise,"If the government encourage the use of nuclear, solar or wind energy there might not be any problem in distributing the required amount electricity"
essay044,T9,Claim,the sources most widely used currently to generate power releases extensive amount of gases into the atmosphere which increases global warming
essay044,T10,Premise,the use of a solar cooker instead of an electric cooker would certainly reduce the global warming
essay044,T11,Premise,the use of nuclear energy as an alternative to the hydro-kinetic energy causes less atmospheric pollution
essay045,T1,MajorClaim,"it is the responsibility of these disadvantaged citizens, rather than the government, to help them out"
essay045,T2,Claim,the government should provide help for the disadvantaged people
essay045,T3,MajorClaim,direct financial support may not be a wise option and people should rely on themselves to get out of the adversity
essay045,T4,Claim,Government money should be spent on publicly beneficial programs only
essay045,T5,Premise,Tax revenue is collected from those who works
essay045,T6,Premise,Spending them on helping those not make contribution to society would not sound fair to tax payers
essay045,T7,Premise,"there are other pressing demands on the government expenditure, such as health care service and education"
essay045,T8,Premise,addressing unemployment should have low priority
essay045,T9,Claim,"to survive in this competitive world, one has to work hard and equip themselves well"
essay045,T10,Premise,"If they could get free financial help from the government, they might end up with out any motivation to work at all"
essay045,T11,Premise,it is beneficial to the society as a whole when the jobless can make contribution again
essay045,T12,Claim,this does not mean we should leave alone those who do need assistance
essay045,T13,Premise,They are already in reverse circumstances and it would be rather difficult for them to overcome the difficulties without external support
essay045,T14,Premise,"the government ought to set up free vocational trainings or to provide interest-free bank loans for them, so that they can have the chance to get back to work"
essay046,T3,Claim,"A university, in common sense, is a medium for conveying or providing access to knowledge"
essay046,T4,Premise,"students are the ones universities should really cater for, not the employers"
essay046,T5,Premise,"High school graduates choose to further educate themselves in universities because of all different reasons: a degree that's more widely accepted, gain knowledge and insight into an industry, or simply deepen their research interests in a certain field"
essay046,T6,Premise,students are the ones here to seek knowledge
essay046,T2,MajorClaim,the main function of a university remains as the provision of knowledge and access to resources
essay046,T7,Claim,"a university should provide access to information, rather than offer selected courses that are suitable for employers' taste"
essay046,T8,Premise,universities are regarded as institutions where abundant educational resources gather
essay046,T9,Premise,"It is, therefore, not necessary for a certain course or type of training to be offered to the students by a university, but instead, these must be made available when needed"
essay047,T1,MajorClaim,wild animals should be set free from zoos
essay047,T2,MajorClaim,animals should live in natural habitats instead of zoos
essay047,T3,Claim,it is our responsibility to create a natural and safe environment for animals to live in
essay047,T4,Premise,it is the right of wild species to live in a environment away from human beings
essay047,T5,Premise,Given the fact that human beings are responsible for the heavy pollution and severe damage to the natural habitats of many wild animals
essay047,T6,Claim,zoos are more likely to be a killer rather than a protector in protecting wild lives
essay047,T7,Premise,the wild species would suffer from isolation and depression
essay047,T8,Premise,"if rural animals are captured in the zoo for a long period, it would have negative influences on both the physical and psychological status of the creatures"
essay047,T9,Premise,the limited space and the artificial trees and lakes can not fully compensate the animals for their loss
essay047,T10,Claim,"zoos, which are equipped with modern facilities and professionals, would provide better care for the animals inside"
essay047,T11,Premise,the endangered species preserved in zoos would never die of illegal hunting
essay047,T12,Premise,the strict laws prohibiting poaching would provide a shelter for various kinds of animals in natural habitat
essay047,T13,Premise,the growing number of natural habitat would be the ultimate solution of saving wild animals worldwide
essay047,T14,Claim,they have the right to enjoy freedom but they also escape from isolation and depression
essay048,T1,MajorClaim,online-teaching should be widely used among colleges and universities in terms of convenience and optimizing cost for educational institutions
essay048,T2,MajorClaim,distance-learning will become increasingly important in the future as the pace of life increases
essay048,T3,Claim,educational institutions are able to optimize costs by increasing teacher-student ratios
essay048,T4,Claim,distance-learning brings significant convenience for students in every corner of the world
essay048,T5,Premise,"In earlier times, students who were tired of commuting had to attend schools nearby, regardless of any differences in teaching facilities, teacher's qualifications or the school reputation"
essay048,T6,Premise,"Now, however, students are able to apply for online-courses provided by top-of-the-range universities and colleges worldwide"
essay048,T7,Premise,the presence of video conferencing allows a teacher to teach a greater number of students
essay048,T8,Premise,"Thanks to the economical online-teaching, universities and colleges are able to offer grants for students who have outstanding academic achievements but are unable to attend schools because of financial constrains"
essay048,T9,Claim,attending lectures in person provides students an opportunity to communicate with teachers and other classmates
essay048,T10,Premise,They further point out that traditional teaching approaches involving discussion and cooperation among students play a significant role in campus life
essay048,T11,Premise,It is the real interactions and communications in class make education much more attractive
essay049,T1,Claim,there are valid arguments to the contrary
essay049,T2,MajorClaim,the majority of people in the globe have benefited greatly from these powerful and effective means of modern communication
essay049,T3,MajorClaim,modern communication technologies will benefit more people in the future as the pace of life increases
essay049,T4,Claim,these new forms of communication do bring a great deal of convenience to humankind
essay049,T5,Premise,mobile phones and other tools of modern communication facilitate not only contact with friends and relatives in faraway places but also global business
essay049,T6,Premise,"With the click of a button, the vast amount of information can be transmitted from America to China in just a few seconds"
essay049,T7,Premise,it is generally felt that the access to these tools of communication is available in every corner of the world
essay049,T8,Premise,"With a mobile phone or a laptop, a person can talk or send messages online at a bus stop, in a corner shop or anywhere they could imagine"
essay049,T9,Claim,people who live in poverty are less likely to be benefited from modern communication technologies
essay049,T10,Premise,the more privileged are able to enjoy the benefits
essay049,T11,Premise,the wide spread use of these efficient and effective ways of communication costs a considerable amount of money
essay049,T12,Premise,Anyone who aims to use these innovations have to not only pay for the appliances such as a mobile phone or a computer but also cover up costs for communication services
essay050,T1,MajorClaim,An integration of music into learning process bound to be successful when it is not compulsory
essay050,T2,Claim,music can help an individual to shape its character
essay050,T3,Claim,many university authorities provide music lessons for their students
essay050,T4,Premise,they live and study in a harmony with music
essay050,T5,Premise,It is obvious that music has a great power which can positively influence on human being and its psychology
essay050,T6,Premise,"students, who spend a great deal of their time studying different academic subjects should have an opportunity to cope with the stress gained during school time"
essay050,T7,Premise,music can be a useful and interesting solution
essay050,T8,Premise,"if musical activity involves many participants, there will be co-operation and developed team work in the group, which is, of course, beneficial in their future life"
essay050,T9,Premise,students with a quite poor academic background can show themselves in the music
essay050,T10,Premise,the calm atmosphere in the class might be created
essay050,T11,Premise,it is clear that music can have many mentally enhancing effects on students
essay050,T12,Claim,music and other entertaining subjects should be optional
essay050,T13,Premise,"Nowadays, time is the most valuable thing in life with increased pace"
essay050,T14,Premise,"students are to develop their professional skills by learning occupation-related subjects, rather than playing on guitar or singing a song"
essay050,T15,Premise,"students can not obtain supposed impacts, unless they get interested in it more seriously"
essay050,T16,Premise,music is the art which requires special attitude towards it
essay050,T17,Premise,"demand is not for musically orientated students, but for academically developed employees"
essay051,T1,MajorClaim,universities should invest in libraries more than anywhere else
essay051,T2,MajorClaim,libraries are more important
essay051,T3,Claim,They are critical part of universities and a good university has to have a modern library
essay051,T4,Premise,a library is vital and strategical part of a university
essay051,T5,Claim,All professors and students need to have a modern and well-equipped library
essay051,T6,Premise,"after internet, library plays an important role in research"
essay051,T7,Premise,sport is important
essay051,T8,Claim,it does not have the same priority of library has
essay051,T9,Premise,only small part of students attend sport activities
essay051,T10,Premise,in my university number of students who use the library is much more than students do sports activities
essay051,T11,Premise,universities support is vital for libraries
essay051,T12,Premise,Most libraries are free not for students also for public
essay051,T13,Premise,usually libraries do not have income
essay051,T14,Claim,"there are good ways for sports activities to compensate their expenses, but it is very hard for libraries to find a good way for have an income"
essay051,T15,Premise,sport activities have a good income
essay051,T16,Premise,every sport has different matches and for each match they have a lot sponsors
essay051,T17,Premise,they have this chance to sell their important matches tickets
essay051,T18,Claim,investing in libraries has a long-time result
essay051,T19,Premise,a library can buy a lot of new books or they can buy more computers
essay051,T20,Premise,Most of the library facilities are stable and you can use them for a long time
essay051,T21,Premise,"in the far future, they become more valuable"
essay051,T22,Premise,most sports facilities except buildings are usually can be used in short-time and they are not persistent for a long-time
essay052,T1,MajorClaim,English as an elegant language should be advocated in many fields to expand the global trade and communications
essay052,T2,Claim,the prevalent of English brings a great number of benefits for people
essay052,T3,Claim,the dominated status of English has destroyed culture diversity and many less-used languages become extinct
essay052,T4,Premise,English is a sophisticated language
essay052,T5,Premise,it promotes the communication and interaction between different countries more conveniently and clearly
essay052,T6,Premise,"In the ancient time, the different languages and geography set barriers for people to exchange their goods and ideas"
essay052,T7,Premise,the innovation of plane and train solved the geographical barriers
essay052,T8,Premise,"If we can popularize the use of English, the language hinder will disappear as well"
essay052,T9,Premise,"English is a beautiful language, which is more systematical and extensive than many other languages"
essay052,T10,Premise,Learning English can foster people's sentiment and nourish their literature and art
essay052,T11,Premise,"it does not express every detail of life especially in Asia countries, which have totally different linguistic system"
essay052,T12,Premise,"language contains many aspects of people's daily life, which is influenced by culture, environment as well as religious"
essay052,T13,Premise,these languages have special significance for people who belong to them and using English to replace them is crudity
essay052,T14,Claim,we still need preserve other languages for sake of keeping the linguistic and cultural diversity
essay053,T1,MajorClaim,human being should behave as a guardian to animals rather than as their lord or masters
essay053,T2,Claim,Animal rights are meant to set limits on human behavior
essay053,T3,Claim,"Human being has driven many animals for their personal use such as, cows and other milch animals for yielding milk from them"
essay053,T4,Premise,"Likewise, other animals such as, horses, cattles and donkeys for farming, agriculture and as a mode of transportation"
essay053,T5,Premise,"Many people keep pets like dogs and cats, trained them as service dogs and snuffing dogs which are very helpful to police force and even to some blind peoples"
essay053,T6,Premise,They are kept for security purposes in houses
essay053,T7,Claim,many farmers and owners exploit animals beyond their limits
essay053,T8,Premise,"cows are often injected by Oxytocin, a hormone which is used to forcibly increase lactation"
essay053,T9,Premise,"This in turn, causes lots of discomfort and pain to the cattle"
essay053,T10,Claim,thousand of animals undergo painful suffering or death as a result of scientific research of drugs and various products
essay053,T11,Premise,Another example of this is cage farming which is against animal rights
essay053,T12,Premise,"Many other practices like, equestrian sport where horses run miles and miles and beaten up by jockeys to make them run more faster"
essay053,T13,Premise,And above all pleasure hunting of defenseless animals
essay054,T1,MajorClaim,some museums and art galleries will not disappear
essay054,T2,MajorClaim,museums and art galleries are necessary to be preserved for its importance of education and culture
essay054,T3,Claim,modern technology has provided a more convenient and comfortable manner for people to watch exhibitions
essay054,T4,Premise,technology indeed simplifies people's life all the time
essay054,T5,Claim,"people who watch exhibitions on TV or internet at home, save the time and money on the road, which is increasingly significant particularly to people in modern society"
essay054,T6,Premise,"in accordance with recent research, experts suggest the lifestyle of individuals in modern society is unhealthy"
essay054,T7,Premise,they lack of physical exercise and face-to-face communication
essay054,T8,Claim,the importance of museums and art galleries is plain in terms of education and culture
essay054,T9,Claim,these buildings will not disappear unless people abandon their culture
essay054,T10,Premise,museums and art galleries preserve some culture heritages
essay054,T11,Premise,authentic exhibits cannot be completely displayed only by images and videos
essay054,T12,Premise,"It is like travelling to a place is much better than viewing the landscape of that place on TV or photos, so the best method to learn one thing is to experience it"
essay055,T1,MajorClaim,I do support the view of learning all school subjects
essay055,T2,Claim,"concentrating on one subject can reduce students' pressure and foster the effectiveness in training talents, while its shortfalls are so vital to students' future"
essay055,T3,Claim,The benefits of teaching students different units are easily recognized
essay055,T4,Premise,"with some basic knowledge of diverse fields, students have more options in choosing specialized areas or jobs in the future"
essay055,T5,Premise,Teenagers are still too young and immature to decide what they are going to dedicate
essay055,T6,Premise,"In students' point of view, the combination of difficult and easy subjects balances their schoolwork stress and fosters their enthusiasm on classes"
essay055,T7,Premise,"still many teenagers cannot enjoy the variation of the curriculum, instead, they feel more stressful with so much homework and exams to be done"
essay055,T8,Premise,most students regard the extra knowledge useless and impractical for their future jobs
essay055,T9,Claim,this education model can cultivate more talents who specialized in different areas and increase studying effectiveness
essay055,T10,Premise,students can devote more time and efforts in one subject and reduce pressure from other subjects
essay055,T11,Premise,"under such target-oriented education environment, teenagers may be hard to regret their original choice and change their specialized field in their further study"
essay055,T12,Premise,the dullness of course may deeply influence their passion on study
essay056,T1,MajorClaim,it's a reasonable loss in globalization
essay056,T2,MajorClaim,I'm totally convinced that the prevalent usage of English brings benefits to people and countries all around
essay056,T3,Claim,No one can deny the huge benefits of the trend that English is being accepted universally
essay056,T4,Premise,communication between countries and cultures become convenient
essay056,T5,Premise,"In my country, English is a required course from elementary school"
essay056,T6,Premise,studying abroad is easy and becomes hot among youngsters
essay056,T7,Premise,"language obstacle is no longer a problem, which results in mutual understanding and trust between their mother land and the host country"
essay056,T8,Premise,enhances relationship and promotes international business
essay056,T9,Premise,"researchers, especially those who work on high-tech, would have wider range of references if they are good at English"
essay056,T10,Premise,"Taking IT industry for an example, top technical science is published in English"
essay056,T11,Premise,"It's neither to get a translated version of these articles, nor to always have a translator besides"
essay056,T12,Premise,they have no choice but choosing English as a second language
essay056,T13,Claim,the culture heritage and nation identity vanish
essay056,T14,Premise,English is making lesser-known languages disappear ever year
essay056,T15,Premise,"this is really short-sighted, ignoring the rapid development of native economy and society"
essay057,T1,MajorClaim,creative artists must be given the freedom to express their ideas without any restrictions
essay057,T2,Claim,Creativity originates in a free mind
essay057,T3,MajorClaim,artists should be given the freedom of expression
essay057,T4,Claim,Creative works help to create social awareness by giving a social message
essay057,T5,Premise,"Time and again, creative artists like Michaelangelo, Picasso, Salman Rushdie, Shakespeare etc. have made artistic works which gave a social message"
essay057,T6,Premise,"Right from sculptures to paintings, books to drama and movies, all these artistic works have reflected the contemporary social issues of different eras"
essay057,T7,Claim,innovative works makes people realize things in a peaceful way and peep into their own conscience
essay057,T8,Premise,It helps to raise issues and criticize the wrong doings of the governments
essay057,T9,Premise,"Bangladeshi writer Taslima Nasrin was accused of acting against the government, just because she raised a social issue"
essay057,T10,Premise,This type of approach is a hurdle in promoting creative minds
essay057,T11,Premise,creativity also gives aesthetic charm
essay057,T12,Claim,"Like the media, artists should also be given the freedom to express their ideas freely"
essay057,T13,Premise,"Frank Zappa once said, ""Mind is like a parachute, it doesn't work if its not open“"
essay057,T14,Premise,Restrictions would just curb the innovative ideas of the artists and would limit their brains
essay057,T15,Claim,Mind can not work when it is chained in boundaries
essay057,T16,Claim,Imagination is at its best when the mind is relaxed and free from the fear of government or any restrictive laws
essay057,T17,Claim,"Artists should have self-awareness not to create vulgar, hurtful or useless works which do not serve any purpose"
essay057,T18,Premise,artists should also know not to hurt the sentiments of the people
essay057,T19,Premise,Many artists have been involved in controversies because of hurting the religious or social beliefs of the common people
essay058,T1,MajorClaim,children should be taught co-operation complimented with a healthy competition
essay058,T2,Claim,Co-operation is essential for teamwork
essay058,T3,Premise,Educational systems emphasize on encouraging co-operative approach in children
essay058,T4,Premise,We live in a social setup and mutual help and sharing only leads to success
essay058,T5,Premise,A person can not learn or achieve everything by oneself
essay058,T6,Premise,lions hunt in a team
essay058,T7,Premise,It is only due to their teamwork that they are able to catch a prey and make task easy
essay058,T8,Premise,"co-operative approach will save time, energy and will have a higher success rate"
essay058,T9,Claim,co-operation helps to understand other's perspective and learn by their mistakes
essay058,T10,Premise,It helps to identify one's strengths and weaknesses as compared to others
essay058,T11,Premise,A co-operative approach can create inspirational and motivational feeling seeing other people's achievements
essay058,T12,Premise,competition is also as important as co-operation
essay058,T13,Claim,Competition helps in improvement and evolution
essay058,T14,Premise,"An individual must compete with oneself only, instead of trying to beat others"
essay058,T15,Premise,Competition has helped the development of science and technology
essay058,T16,Premise,"every other day, new cars are developed by companies which are more efficient than others"
essay058,T17,Premise,This kind of competition gives customers more options
essay058,T18,Claim,Competition should be always based on self-improvement rule
essay058,T19,Premise,blind and selfish competition is detrimental
essay058,T20,Premise,"'Your loss, my gain' kind of competition can never be fruitful in the long run"
essay058,T21,Premise,A healthy competition which involves raising one's own level above others is the best approach
essay059,T1,MajorClaim,"strict laws, like capital punishment, are essential in a society"
essay059,T2,MajorClaim,Capital punishment is essential to control violence in the society
essay059,T3,MajorClaim,"psychopaths, terrorists or any other criminal who lacks empathy for other human lives deserve capital punishment"
essay059,T4,Claim,Capital punishment helps to safeguard human rights in a strict and effective manner
essay059,T5,Claim,capital punishment protects the society from hardcore criminals
essay059,T6,Premise,"When a criminal becomes a threat to the society, such that they can commit heinous crimes, then they are given capital punishment"
essay059,T7,Premise,"Capital punishment is given only in the ""rarest of the rare"" cases"
essay059,T8,Premise,Its first and foremost objective is safety of other human beings
essay059,T9,Claim,the rate of crime and violence is effectively decreased
essay059,T10,Premise,capital punishment curbs the inspiration and prospects of other hateful crimes
essay059,T11,Premise,"When a criminal mind knows the quantum of punishment, they will fear and not commit such crimes"
essay059,T12,Premise,capital punishment saves a lot of government funding which is wasted in maintenance of these hardcore criminals
essay059,T13,Claim,"Criminals who don't have any chance of improvement or who have a past record of such crimes are, therefore, given capital punishment"
essay059,T15,Claim,"They can make mistakes which can sometimes affect an innocent, circumstantially marred criminals"
essay059,T14,Premise,the jury giving the verdict are also humans
essay059,T16,Premise,They have the life of a person at their discretion
essay059,T17,Premise,"The jury must therefore, take into account the circumstances of committing a crime"
essay059,T18,Premise,"if an individual murders someone for self-defense, then such a crime is not heinous"
essay059,T19,Premise,"Only deserving criminals, who commit such hateful crimes in their proper senses are subjected to capital punishment"
essay060,T1,MajorClaim,a break of one year is good for young people after finishing their high school
essay060,T2,MajorClaim,a break should be necessarily allowed to young minds between their high school and university studies
essay060,T3,Claim,the sole purpose of education is to nurture a young mind and not thrust studies on them
essay060,T4,Claim,"a break will give students some time to refresh their systems, by traveling or following their hobbies"
essay060,T5,Premise,"when students start their university studies after a break, they will feel fresh and full of energy to take the new challenge"
essay060,T6,Premise,A relaxation of one year to young minds will give them a quintessential change
essay060,T7,Premise,"A continuous study pressure for over 10 years makes the mind saturated and like a robot, to follow instructions"
essay060,T8,Claim,"Working or traveling for some time, after high school, can help them to find their field of interest"
essay060,T9,Premise,It will also help them to learn professional setup by working
essay060,T10,Premise,"Financially, students can save a little money to support their university education by doing a job"
essay060,T11,Premise,Some students even utilize this time for preparation of their desired university course
essay060,T12,Claim,A break can disturb the focus of students and prove detrimental
essay060,T13,Premise,Students can also indulge in smoking or drinking during this time
essay060,T14,Premise,"When students work during these breaks, the feel of money gives them an illusion that such salary is enough for them and they go in a utopia"
essay060,T15,Premise,my cousin started working in a customer care centre after high school and got distracted
essay060,T16,Premise,"When he started his university studies, he failed miserably"
essay060,T17,Premise,A break gives students more benefits than harms
essay060,T18,Premise,"It varies from individual to individual, how they utilize that period"
essay061,T1,MajorClaim,dependence on computers is not a bad thing
essay061,T2,Claim,computers have provided security and sophistication
essay061,T3,MajorClaim,"The whole world is dependent on computers, without which, the world will go back hundreds of years"
essay061,T4,Claim,"Computers provide speed, increase efficiency, accuracy, precision, help to increase productivity and other countless benefits are provided by it"
essay061,T5,Claim,future prospects of computers are very bright
essay061,T6,Claim,Computers have made humans over-dependent
essay061,T7,Premise,"In the modern world, computers are used everywhere"
essay061,T8,Premise,"Right from flying planes to sending a small document, computers are needed"
essay061,T9,Premise,"They are used in space programs, wars, hospitals, schools and so on"
essay061,T10,Premise,"Computers have made human life more easy, convenient and lightning fast"
essay061,T11,Premise,"in earlier days, if one had to send a message to someone in other country, it used to take months"
essay061,T12,Premise,"today, it can be sent in few minutes by typing a email and few clicks"
essay061,T13,Premise,"From a computer as big as a room, it has now been minimized to the size of a palm"
essay061,T14,Premise,Nanotechnology is working to make computers to the order of microscopic levels
essay061,T15,Premise,Research on making computerized drone soldiers (unmanned computer controlled) is going on
essay061,T16,Premise,There is no end to the evolution of computers
essay061,T17,Premise,"Virus programs, privacy breach, leak of confidential documents, cyber attacks, identity theft, frauds etc. are some of its demerits, from a countless list"
essay061,T18,Premise,Computers expose children to vulgar materials
essay061,T19,Premise,"They have even invaded mental health of humans, for example, FAD (Facebook Addiction Disorder - excessive use of social networking website Facebook)"
essay061,T20,Premise,Computers have intruded our lives to the effect that a satellite can peep into our homes and privates lives
essay061,T21,Premise,"The recent case of Wikileaks, leaking confidential data is an example of how computers are harmful"
essay062,T1,MajorClaim,"Universities must admit both in equal numbers, depending on their choices"
essay062,T2,MajorClaim,both genders have equal rights and universities should accept them in equal numbers
essay062,T3,Claim,Equality in education will help in development of the society
essay062,T4,Premise,Both genders are the fulcrum of the society and none of them is superior or inferior
essay062,T5,Claim,females should be given equal opportunities as males
essay062,T6,Premise,The whole world aims for women empowerment
essay062,T7,Premise,"Right to education is a basic human right of both, males and females"
essay062,T8,Premise,"When universities will accept them in equal number, both genders will be able to nurture their talent and a healthy competitive environment will develop"
essay062,T9,Claim,"Universities giving both genders equal opportunities, will prepare them for future challenges and will help in the long run"
essay062,T10,Premise,Co-education helps both genders to gel well with each other
essay062,T11,Premise,It helps them how to behave and cooperate and work together
essay062,T12,Premise,students studying in boy's colleges do not generally know how to talk to a female or behave in front of them
essay062,T13,Premise,females studying in girl's colleges are too shy to face boys
essay062,T14,Premise,Co-education will help to eradicate this kind of demerit in both
essay062,T15,Claim,"some male chauvinists think that women are incapable in particular fields, like maths, mechanical engineering, defense etc"
essay062,T16,Premise,This kind of gender biased approach is detrimental for the development of the society
essay062,T17,Premise,women have proved their mettle in every field
essay062,T18,Premise,"Women like Margaret Thatcher, Indira Gandhi, Mari Curie etc., are symbols of women's intelligence and skills"
essay063,T1,MajorClaim,people are likely to spend less time in cooking food
essay063,T2,MajorClaim,people will spend less time in cooking food
essay063,T3,Claim,it is certain that spending less time on cooking will be the main trend in near future
essay063,T4,Premise,"people nowadays just spend one hour to prepare a meal instead of two, even three hours like in the last 10 years"
essay063,T5,Premise,"with the development of science and technology, more advanced kitchen facilities, such as the modern microwaves or the advanced pressure cookers, have been created and invented to help people prepare and cook food in a very short time"
essay063,T6,Premise,"in recent years, there was a significant increase in the number of people from all walks of life realizing this valuable benefit of those technologies in doing their housework"
essay063,T7,Premise,And this figure still continuously go up along with the improvement of science and technology
essay063,T8,Premise,they find hard to have time to prepare and cook a meal
essay063,T9,Premise,"89% of people have come to think that, since they have been put in the situation which is filled with competitions and pressures, they have to use a lot of time to work hard, to update themselves, to acquire all kinds of skills and so on"
essay063,T10,Claim,most of young people prefer to have meals at restaurants
essay063,T11,Premise,"Even they have some spare time, they prefer to go out with friends to relax and relieve the pressure from work and study"
essay063,T12,Premise,"it is quite easy to have a nutritious meal with guaranteed quality, but do not waste a lot of time"
essay063,T13,Claim,investing much time in cooking food will guarantee nutrition as well as quality of food for their family
essay063,T14,Premise,"as a matter of fact, using technology or advanced facilities do not make food lose its nutrition and quality"
essay063,T15,Premise,health and life of eaters is assured
essay063,T16,Premise,"Even, with the help of ozone machines, bacterias, mold spores, or pesticide in vegetables, fruits and foods will be killed and removed"
essay063,T17,Premise,"along with the high living standard, requirements of quality products in almost restaurants, nowadays, are under severe control and supervision by appropriate authorities"
essay063,T18,Premise,they want to invest more time in their work or study to improve themselves
essay064,T1,MajorClaim,parents and educators should attach more importance to traditional games
essay064,T2,MajorClaim,"traditional games should be, by no means, ignored by parents and teachers with the advent of modern games"
essay064,T3,Claim,Only through traditional games can children be ensured a positive and healthy skills learning process
essay064,T4,Claim,"modern games may be, to some extent, beneficial for children to foster some skills, such as computer skills or the capacity to keep up with the latest trend"
essay064,T5,Premise,"children have to be proficient at computers and the Internet if they want to join online games, which, in fact, helps children acquire a particularly powerful skill at work in future"
essay064,T6,Premise,"children have the chance to experience the state-of-the-art technology, raising their awareness of innovation rather than stay conservative"
essay064,T7,Claim,"traditional games are still indispensible in children's learning process, even much more essential than modern games, especially in modern society"
essay064,T8,Premise,One primary merit of traditional games is that they foster children's communication skills
essay064,T9,Premise,"Unlike most modern games which focus on the interactions between children and machines, traditional games provide a relaxing and enjoyable atmosphere where children can chat, laugh and cooperate face to face"
essay064,T10,Premise,communicating with a variety of people will not be an issue for these children any more
essay064,T11,Claim,it is the educational functions traditional games hold that keep them alive today
essay064,T12,Premise,these traditional games were elaborately devised by educators and have been proven effective in improving children's skills on different aspects in previous teaching practices
essay064,T13,Premise,modern games are developed by game companies for the purpose of profits
essay064,T14,Premise,"there is a risk that children may be exposed to unhealthy contents, such as violence or pornography, arranged in the games by such companies to secure financial survival"
essay065,T1,MajorClaim,government should invest more on medical care and education rather than on entertaining or sports facilities
essay065,T2,MajorClaim,budgets should be allocated more on medical care and education rather than on building entertaining facilities
essay065,T3,Claim,"the former is more essential, non-profit oriented to the public and can be accessed by the majority of citizens"
essay065,T4,Claim,providing education and medical care is more essential and prioritized to the government
essay065,T5,Premise,Taking care of thousands of citizens who suffer from disease or illiteracy is more urgent and pragmatic than building theaters or sports stadiums
essay065,T6,Premise,"an uneducated person may barely appreciate musicals, whereas a physical damaged person, resulting from the lack of medical treatment, may no longer participate in any sports games"
essay065,T7,Claim,"Entertaining facilities such as cinemas, theaters and sports stadiums are mostly profit-oriented"
essay065,T8,Premise,"Their existences are based on their marketing strategies, the condition of facilities and the volume of audience"
essay065,T9,Premise,"The competition among each of these facilities is an inevitable part of the free market, which should not be interfered by government"
essay065,T10,Premise,"the establishment of medical facilities or educational institutes is aimed to improve the health or education standard rather than earning profits, which deserves more funds from government"
essay065,T11,Premise,it is a bit inappropriate to use the majority of citizens' tax funds to meet a minority of people's needs
essay065,T12,Claim,sectors such as medical care and education deserve more governmental support
essay065,T13,Premise,they are accessed by every individual in our society on a daily basis
essay065,T14,Premise,putting taxpayers' money on building theaters or sports stadiums is unfair to those who cannot use them
essay065,T15,Premise,not everyone is a fan of watching musicals on the spot
essay066,T1,MajorClaim,technology plays a key role in promoting traditional techniques and lifestyles
essay066,T3,Claim,"In terms of time and space, technology makes it more efficient and effective to promote the traditional skills and ways of life"
essay066,T4,Premise,"with the access to the Internet, one of the greatest innovations in modern society, humankind can acquire the traditional techniques displayed online anytime, anywhere"
essay066,T5,Premise,"In the past, only when people went to the local place could they experience the specific traditional lifestyles"
essay066,T6,Premise,This means individuals who were engaged in work and therefore could not spare time to travel or restricted by traffic conditions had to miss the chance to appreciate the traditional skills
essay066,T7,Claim,"technology enriches the way of displaying traditional cultural heritage, making it more vivid and appealing"
essay066,T2,Premise,"China has successfully promoted traditional techniques in the Shanghai World Expo, using a variety of state-of-the-art technological methods, such as robots and LED screens"
essay066,T8,Premise,many tourists around the world marveled at the perfect synthesis of the modern technology and the traditional culture
essay066,T9,Claim,some people are concerned that technology may have a detrimental effect on the traditional lifestyles
essay066,T10,Premise,"especially youngsters, are crazier about fresh and advanced things, such as digital products, thus becoming indifferent to traditional techniques"
essay066,T11,Premise,people tend to follow the trend back to the tradition in the recent years
essay066,T12,MajorClaim,technology indeed supports the preservation and promotion of traditional techniques and lifestyles
essay067,T1,MajorClaim,freedom of expressing thoughts and ideas should always be eulogized and it's rather iniquitous to impose a shackle on artists' will to create
essay067,T2,MajorClaim,they should be encouraged to express their innovative ideas
essay067,T3,Claim,this world needs them to make itself colourful
essay067,T4,Claim,One of the major concerns against freeing artists' creation derives from the fear of social misleading which would destabilize the society
essay067,T5,Premise,the audiences have their own judgement and are not likely to be misled or influenced by some art work
essay067,T6,Premise,"art inevitably involves imagination, exaggeration and sometimes is purely fabricated; regardless of whether the work of art is based on truth or not, it is the public's authority to determine how to interpret its meaning"
essay067,T7,Premise,"If the art displays unreality, the public audiences certainly have the acumen to recognise its untruthfulness and only appreciate its art value"
essay067,T8,Premise,the notion of being afraid of social misleading is unjustified
essay067,T9,Claim,restrictions on exposure to adolescents should apply
essay067,T10,Premise,"some of the art work may contain negative implications such as insanity, violence, eroticism etc"
essay067,T11,Premise,adolescents are not mature enough to avoid being led astray by these contents
essay067,T12,Premise,"in the case of adults being the audience, there's really nothing to hide – these negative things objectively exist on this planet and it is impossible for adults to be brain-washed only because of some pieces of creative art"
essay068,T1,MajorClaim,it is time for the government to take action to control the proliferation of violent scenes in media
essay068,T2,MajorClaim,What the government should do immediately is to strengthen censorship to control the amount of violence in media
essay068,T3,Claim,our society is occupied with the violent scenes and plots at present
essay068,T4,Claim,"This will definitely set a bad example for the immature audiences who, lacking correct parental guidance and abilities to differentiate the right from wrong, are prone to go astray by imitating the violent behaviors and committing real violent crimes"
essay068,T5,Claim,excessive violence would offer misleading information to the public and exert detrimental influence to the society as well
essay068,T6,Premise,they regard the violence as reasonable and justifiable
essay068,T7,Premise,"media, such as TV or film, is considered as the correct information source regulated by the government"
essay068,T8,Premise,It should be reporting and reflecting true phenomenon in the society
essay068,T9,Premise,"Violence, as one of the facts in the real world, certainly has to be reported"
essay068,T10,Premise,"It is recently reported in the news that a seventeen-year-old boy killed all his family members, one sister and two parents out of hatred and jealousy"
essay068,T11,Premise,"In the real world, we are inclined to take extreme approach to tackle a small problem due to excessive violence exposure"
essay069,T1,MajorClaim,"This, contrary to some ideas, is a positive progress in human society"
essay069,T3,Claim,"Women nowadays are much more active, they may be successful businessmen, they join the political world, they become scientists and so on"
essay069,T4,Premise,"the ""weaker"" gender as often be thought has enough right as well as ability to contribute to the development of human beings just like any other men, not to mention they even perform better in some fields"
essay069,T5,Premise,Gone are the days when women could do nothing rather than stick to boring house work and take care of children
essay069,T6,Premise,the fairness between males and females is inevitable in such a developed society
essay069,T7,Claim,the revolution in females' right has brought about many benefits not only to themselves but society as well
essay069,T8,Premise,"The financial burden of families, for instance, has decreased significantly with both the wives and the husbands working to earn money"
essay069,T2,MajorClaim,in a society where females are given equal opportunities compared with males would obviously enjoy lots of benefits far outweighing its obstacles
essay069,T9,Premise,women have the outstanding instinct to take up some careers like healthcare or human resource management due to their patience and elaboration
essay069,T10,Claim,such changes do lead to some negative results like an upward trend in divorce rate
essay069,T11,Premise,women find it difficult to balance their work and their traditional role as the wives
essay069,T12,Premise,children might enjoy less care from parents as they are both busy with their work
essay070,T1,MajorClaim,it is insufficient to increase the petrol price only to solve problems
essay070,T2,MajorClaim,addressing pollution and traffic issues only by increasing oil price is not adequate
essay070,T3,Premise,whether it can work out for alleviating traffic and pollution pressure ought to be evaluated
essay070,T4,Premise,"price control institution has been used in plenty of social areas, for example, in the farming products and in the real estate area"
essay070,T5,Claim,it seems not easy to increase petrol price instantly
essay070,T6,Premise,governments have a macro-economic perspective to control price in various areas according to social demands
essay070,T7,Premise,"pollutions are not just caused by the burning of oil, chemical pollutants, extra lights, also constitute considerable amount of pollution"
essay070,T8,Premise,"the improvements of work efficiency also attribute to the speed-up of working pace, resulting in traffic jams during rush-hours"
essay070,T9,Claim,several other solutions can be introduced to assist in reducing pollution and traffic problems
essay070,T10,Premise,"authorities should spare no efforts in improving public transportation facilities, such as constructing more bus lines, in order to reducing the usage of private cars"
essay070,T11,Premise,"temporarily targets should be set, with regard to the limitations of pollutants in a certain period of time, for example, a season"
essay070,T12,Premise,with supervisory institutions built to find and address problems
essay070,T13,Premise,"cultivating a sense of environmental protection would also work out, though it might not be into effect immediately, but in the long run, it would be a wise choice"
essay071,T1,MajorClaim,"while some of them are disturbing, we can not overlook other merits the advertisements bring"
essay071,T2,MajorClaim,advertisements have its social responsibility and contribute to economic growth
essay071,T3,Claim,it is unfair to restrict those public service advertisements which are creative and inspiring
essay071,T4,Claim,publicizing brand image or a particular product of mass media could boost sales for companies
essay071,T5,Claim,"the advertising expenses lead to a higher product price and some of them express fake information, creating information asymmetry between consumers and companies"
essay071,T6,Premise,"they are not in the purpose of making profits but taking a role of disseminating valued culture, good moral traits and calling for helps for the disabled and the poor"
essay071,T7,Premise,it could simulate household spending and therefore promote the economic development of the whole country
essay071,T8,Premise,"A recent study shows that after launching an advertising campaign, the sales revenue would increase by 40%, which is the very fact to verify its positive influences on economic"
essay071,T9,Premise,its merits still outweigh these downsides
essay072,T1,MajorClaim,"the most suitable method of reducing stress for modern people is by different kinds of exercise, which can not only improve health conditions but also bring positive emotions"
essay072,T2,Claim,many activities can let humans relax
essay072,T3,MajorClaim,"the best way of diminishing stress is by exercises, which can benefit everyone not only physically but also mentally"
essay072,T4,Claim,exercise play a crucial role in ameliorating physical health
essay072,T5,Premise,"Any kinds of sports, such as jogging, swimming, or playing basketball, can effectively facilitate human respiration and circulation system"
essay072,T6,Premise,these sports can also strengthen muscles and lessen surplus adipose tissues in human body
essay072,T7,Premise,The latter one is of particular importance because nowadays more and more people are suffer from obesity
essay072,T8,Premise,"Many studies has points out that numbers of overweight people have increased in developed countries in recent years, which mainly results from insufficient exercises"
essay072,T9,Premise,good exercises can often successfully alleviating one's heavy burdens
essay072,T10,Claim,"rigorous exercise can also hone one's will, which enable people to be able to tackle stringent problems and arduous tasks"
essay072,T11,Premise,"This hormone can delight one's mind, creating positive feelings"
essay072,T12,Premise,"When people exercise, the neuron cells in the brain release a chemical compound named Dopamine"
essay072,T13,Claim,Sports activities can improve mental health
essay073,T1,MajorClaim,"I agree only to certain degree that in today's world, image serves as a more effective means of communication"
essay073,T2,MajorClaim,"both images and words go hand in hand and one cannot wholly emphasise on only one aspect, either images or words"
essay073,T3,Claim,it is undeniable that images in the absence of words can obviously claim the attraction of many
essay073,T4,Claim,pictures can influence the way people think
essay073,T5,Premise,nowadays horrendous images are displayed on the cigarette boxes to illustrate the consequences of smoking
essay073,T6,Premise,"statistics show a slight reduction in the number of smokers, indicating that they realize the effects of the negative habit"
essay073,T7,Premise,"the magnificent photograph captured by Kevin Carter, which portrayed a starving Sudanese child struck by extreme poverty has successfully highlighted the plight faced by the citizens in Sudan"
essay073,T8,Premise,"images are also widely used in newspapers, magazines and advertisements"
essay073,T9,Claim,written words are also vital in order to spread across certain messages
essay073,T10,Premise,"With only pictures, everyone is left to their own interpretation on how they perceive the images"
essay073,T11,Premise,this is different when words are used to explain what the illustration is about
essay073,T12,Premise,the primary way of educating students is also by this way
essay073,T13,Premise,Academic textbooks these days are laden with words besides pictures to guide the readers to comprehend better
essay074,T1,MajorClaim,all languages should be preserved and developed as much as possible
essay074,T2,Premise,"it is easy to realize that languages, especially oral language, are a quite major part of culture of a country"
essay074,T3,Claim,Governments should spend money on keeping and preserving these things for the rich diversity of cultures which make our world more interesting
essay074,T4,Premise,It helps people distinguish between nations and even regions in a country
essay074,T5,Premise,"The clearance of minority of language means that a national traditional, customs and habitants do not exist"
essay074,T6,Premise,it is a pride of the country with a rage of culture which is easy to educate people to love their country more
essay074,T7,Claim,there are some drawbacks from saving minority languages
essay074,T8,Premise,"governments invest money on doing that, it is hard to gain the good results"
essay074,T9,Premise,"there are a few people, particularly the youngsters, do not pay attention on collecting and studying those"
essay074,T10,Premise,These kinds of languages are usually difficult and unpopular
essay074,T11,Premise,"the preservations need a long time to gather, restore all information as well as train in the educational centre"
essay074,T12,Premise,"If they do not try their best, their protection can be halted and waste of money"
essay075,T1,MajorClaim,government should give priorities to invest more money on the basic social welfares such as education and housing instead of subsidizing arts relative programs
essay075,T2,MajorClaim,governments should attach heavier weight to other social issues such as education and housing needs
essay075,T3,Claim,art could play an active role in improving the quality of people's lives
essay075,T4,Claim,those are the most essential ways enable to make people a decent life
essay075,T5,Claim,"Art is not the key determination of quality of life, but education is"
essay075,T6,Premise,"In order to make people better off, it is more urgent for governments to commit money to some fundamental help such as setting more scholarships in education section for all citizens"
essay075,T7,Premise,knowledge and wisdom is the guarantee of the enhancement of the quality of people's lives for a well-rounded social system
essay075,T8,Claim,"art, to some extent, serve a valuable function about enriching one's daily lives"
essay075,T9,Premise,it could bring release one's heavy burden of study pressure and refresh human bodies through a hard day from work
essay075,T10,Premise,"it is unrealistic to pursuit of this high standard of life in many developing countries, in which the basic housing supply has still been a huge problem with plenty of lower income family have squeezed in a small tight room"
essay075,T11,Premise,"By comparison to these issues, the pursuit of art seems unimportant at all"
essay076,T1,MajorClaim,"the government should fund the deprived for their health care and education, who are the group in real need for the authority's help"
essay076,T2,Premise,"such people might fail to get cured in time, thus influencing their working efficiency, which would destabilize the production of the industry"
essay076,T3,Premise,"If citizens had no access to health care and education, their physical health and psychological soundness would be at risk"
essay076,T4,Claim,the government should be accountable for citizens' health care and education to keep society safe and stable
essay076,T5,Premise,"without sufficient guidance of teachers, these citizens might misbehave or even commit crimes, posing a threat to other citizens' security"
essay076,T6,Premise,it is the government that should be obligated to fund the health care and education for citizens
essay076,T7,Premise,"citizens enjoy the right to live in a harmonious and stable environment, which should be enabled by the government, the leader of the society"
essay076,T8,Claim,it is a waste of public money for the government to subsidize health care and education of each citizen in society
essay076,T9,Premise,"a great number of people, in fact, have had the capacity to pay for the both privately"
essay076,T10,Premise,"the government should give priority to more pressing problems related to social members' wellbeing, such as soaring crime rate, AIDS epidemic or the shortage of infrastructure, which are requiring financial resources from the government to address"
essay077,T1,MajorClaim,zoos have irreplaceable benefits in terms of animal preservation and children education
essay077,T2,MajorClaim,zoos offer a good man-made environment which could prolong the life span of wild animals and cultivate the notion of protecting animals
essay077,T3,Claim,zoo is a good alternative choice for protecting animals
essay077,T4,Claim,"zoos afford a platform to education teenagers, helping to establish eco-friendly behavior towards animals"
essay077,T5,Claim,complained about the drawbacks of zoos are often heard
essay077,T6,Premise,some zoos are lack of systematic management which attributes to numerous wild animals die because of food shortage
essay077,T7,Premise,being caged in the zoos for long render wildlife lost the ability to survive in nature where is full of cruel competition among various animals
essay077,T8,Premise,"our environment is damaged day by day due to the fact that excessive pursuit of economic development at expense of eco-system, which pose a great threat to the survival of wild animals"
essay077,T9,Premise,various animals could be better protected by specialized staff
essay077,T10,Premise,"Once the animal got sick, professional vet will help them promptly"
essay077,T11,Premise,"Thanks to the considerate care, the diversity of wild animal could be guaranteed"
essay077,T12,Premise,"In the zoos, even though wild animals are caged, they have capability to walk in a limited area"
essay077,T13,Premise,"When children pay a visit to the zoos, they still could observe the eating behavior or leisure activities among animals, which would definitely enrich their knowledge associated with different animals"
essay077,T14,Premise,children could acquire the information regarding how to protect wild animals according to guided tour or volunteers
essay078,T1,MajorClaim,flourishing economies can go hand in hand with environmental preservation
essay078,T2,MajorClaim,thriving economies and the preservation of ecosystems can be promoted simultaneously
essay078,T3,Premise,"unchecked and reckless uses of the local raw materials may happen, which can put a strain on the natural resources"
essay078,T4,Premise,people in the poverty-stricken areas are not likely to be equipped with knowledge to preserve the ecosystems
essay078,T5,Claim,the economic development and environmental protection can be conflicting
essay078,T6,Premise,"some countries may place economic developments ahead of environmental protection, thus ruining the local environments"
essay078,T7,Premise,they have to rely on natural resources to maintain their living standards
essay078,T8,Premise,"these needy countries lack adequate financial and human resources, advanced technologies and experience"
essay078,T9,Claim,the booming economy can be closely linked to the preservation of the environment
essay078,T10,Premise,"With people raising their awareness of the green economy, the products free of pollutants are increasingly prevalent among clients, which means eco-friendly businesses can make a favorable impression on customers today, triggering sales"
essay078,T11,Premise,electronic bicycles powered by clean energy resources have been well received among people in recent years
essay078,T12,Premise,it may spur its economic development
essay078,T13,Premise,"If a firm is environmentally conscious, it may have to make optimal use of its resources to improve its production lines and equipment, which can boost productivity"
essay078,T14,Claim,taking environmental consequences seriously can enhance working efficiencies
essay078,T15,Premise,"without the requirement of environmental preservation, the firm would still consume a vast amount of energy which constitutes a large part of its operational costs, being a hurdle to the economic development"
essay079,T1,MajorClaim,arts are supposed to be included in the government's investment as well
essay079,T4,Premise,the government should give priority to public services and facilities
essay079,T5,Claim,public services and facilities should be given adequate attention by the authorities to maintain social stability
essay079,T6,Premise,"the government plays the role of a leader among citizens, which should discharge the responsibility of making optimal use of the tax money to keep society safe and stable"
essay079,T7,Premise,"public services such as education system or medical care can meet people's basic demand of survival, security and knowledge, thus making them feel comfortable, which can lower the crime rate"
essay079,T8,Claim,arts should by no means been disregarded by the government
essay079,T9,Premise,arts can enrich people's cultural lives
essay079,T10,Premise,"Currently, people are increasingly occupied with their work and studies due to the stiff competition"
essay079,T11,Premise,"they require various entertainment such as music, movies or books to them ease their minds and release pressure"
essay079,T12,Premise,"Without arts, people would be at risk of suffering psychological problems"
essay079,T2,MajorClaim,public services and facilities are an integral part of the government expenditure
essay079,T3,MajorClaim,the authorities should also respect the value of arts which are individually and socially advantageous
essay079,T13,Claim,funding arts is beneficial to the local cultural and economic development
essay079,T14,Premise,Cultural heritage constitutes an essential part of arts
essay079,T15,Premise,"preserving local arts may promote the preservation of the local cultural heritage, which not only helps the local people have a sense of belonging but also contributes to the booming local tourism industry"
essay079,T16,Premise,arts serve cultural and economic purposes
essay080,T1,MajorClaim,more good come from zoos than bad
essay080,T2,Claim,both of the arguments have strong supports
essay080,T3,Claim,keeping animals in captivity is wrong
essay080,T4,Premise,animals should be considered non-human persons and they should have the right of having freedom
essay080,T5,Premise,This is so unfair for them to be taken out of their natural environment and to be kept in small enclosures
essay080,T6,Premise,"many zoos, especially the ones in developing countries, do not provide care and attention which their animals require"
essay080,T7,Premise,The animals are often undernourished and do not have sufficient quality and quantity of medical treatment
essay080,T8,Premise,sometimes animals from hot countries have to survive in the cold winter of somewhere in Europe
essay080,T9,Claim,zoos provide the public with good entertainment and also help to ensure the balance of the ecology
essay080,T10,Premise,"Many people, especially young children enjoy going to zoos and see their favorite animals, cute baby-born animals and the animals that are from the different corners of the world"
essay080,T11,Premise,Zoos provide educational information about the lives of different animals to the public
essay080,T12,Premise,zoos play an important role in reserving many breeds of animal and preventing them from being missing from life
essay080,T13,Premise,"in zoos, animals are kept in enclosures which simulate their own habitats and also endangered animals are being protected from their predators or hunters"
essay080,T14,Premise,zoos are needed to keep the nature balanced
essay081,T1,MajorClaim,the artists must be given freedom so that they will produce some really marvelous masterpiece
essay081,T2,MajorClaim,there should not be any restrictions on artists' work
essay081,T3,Claim,there are many wonderful and beautiful Arts due to the freedom to express ideas
essay081,T4,MajorClaim,there should be no restrictions on them
essay081,T5,Premise,Allowing them to think freely will give them an opportunity to express themselves
essay081,T6,Premise,ideas can naturally flow when there are no limitations
essay081,T7,Premise,even though freedom to express ideas can bring some negative effects
essay081,T8,Claim,"without any limitations, there will be more awe inspiring work from our artists"
essay081,T9,Premise,"if there is control over artists' ideas, they will definitely lose their sense of creativity in the long run"
essay081,T10,Premise,"when they are given the opportunity to express themselves, most artists will think out of the box and come up with spectacular Arts such as paintings or movies"
essay081,T11,Premise,paintings by Da Vinci and Michallengo are admired even till now as they were not restricted during those times
essay081,T12,Premise,it is every human's right to be able to voice out their opinions in any ways as long as they do not cause any problems to the nation
essay081,T13,Claim,human rights is violated if artists are not allowed to express their feelings freely
essay081,T14,Premise,"Today, many countries make numerous efforts to show that they are democratic countries"
essay081,T15,Premise,Arts is one of the ways that can be used to criticise social problems and government policies in a particular country
essay081,T16,Premise,the famous movie '3 Idiots' acted by Amir Khan criticises the education system which is chiefly based on memorising and not being able to apply whatever the students learn
essay081,T17,Claim,"In case there is anyone who brings up some sensitive issues in their films or books regarding any races, this might end up in some chaos among the society"
essay081,T18,Premise,artists know their boundaries very well and would surely do not want their names tarnished just because of their unscrupulous acts
essay081,T19,Premise,They might go deeper into certain aspects that can cause controversies in a country
essay081,T20,Premise,Malaysia is a multiracial country whereby all the citizens live together in harmony and peace
essay082,T1,Claim,more good comes from advertising than bad
essay082,T2,MajorClaim,the idea that advertising is a positive part of life can be more supported
essay082,T3,Claim,"Advertisements are, therefore, very important for many businesses to increase sales and hence profits"
essay082,T4,Premise,advertising is carried out with the main purpose of promoting different products and services or encouraging people to consume more
essay082,T5,Claim,"to consumers, advertising can bring them many benefits"
essay082,T6,Premise,customers of telecommunication services will have an idea about the current offers of different companies
essay082,T7,Premise,they can compare them and then have a better decision in choosing their internet or mobile phone plans
essay082,T8,Claim,"a huge amount of different advertisements could be sent automatically by a system to personal phones or email addresses, this is generally known as spam, and causes discomfort or even annoyance to many people"
essay082,T9,Premise,advertising can be very expensive and not every advertising campaign can be done successfully and brings good results
essay082,T10,Claim,"advertising is believed by many, a financial burden to businesses"
essay083,T1,MajorClaim,I find myself aligned with opponents of the usages of nuclear power
essay083,T2,MajorClaim,nuclear power may appear silver bullet for energy crisis but its disadvantages far outweigh the advantages
essay083,T3,Claim,pursuit of nuclear technology one way or the other leads towards atomic weapons
essay083,T4,Premise,Last century has witnessed the horrors of such weapons
essay083,T5,Premise,If each country pursues the fusion and fission process some of them may try to mold it for military usage
essay083,T6,Claim,even civil usages of atomic power pose a dire threat of radio activity
essay083,T7,Premise,recently there has been an incident in which an atomic power house leaked tons of radio active material into air when an earthquake hit the surrounding area
essay083,T8,Premise,This unfortunate event proves that no matter how much careful we are such accidents are inevitable
essay083,T9,Claim,Safely getting rid of nuclear waste is a daunting task and there has not been any permanent solution of it
essay083,T10,Premise,while generating energy from any source be it hydro power or oil there always is some wastage and so is the case with nuclear power
essay083,T11,Premise,This waste is many times more lethal to our environment than any of the other hazardous material
essay084,T1,MajorClaim,giving those with no work a mobile phone each is a total waste of money
essay084,T2,MajorClaim,providing those who are jobless with mobile phones that are accessible to internet is not a proper and the best way to trim down the rate of unemployment
essay084,T3,Premise,"when people without jobs have hand phones that have access to the Internet, they will be able to browse the net for more job opportunities"
essay084,T4,Claim,"if the government provides those without work with a mobile phone, they will be able to find themselves an occupation in order to live and survive"
essay084,T5,Premise,they can surf the The Star Onlines' work section to find a job that is suitable for them
essay084,T6,Premise,"With the help of the net, they can also do more research on the work that they have found apart from looking up on how they can prepare themselves for the job"
essay084,T7,Premise,the mobile phones can also be used to make calls with the companies in which they would like to work with
essay084,T8,Premise,supplying hand phones to the unemployed is a waste of the taxpayers' money
essay084,T9,Claim,the money can be used for other intentions rather than giving hand phones to the unemployed
essay084,T10,Premise,the money instead of being used to supply the electronic gadget can be used for other useful purposes for the country
essay084,T11,Premise,the money can be used to build more amenities for the public or given to the poor so that they can use it to help them earn a living
essay084,T12,Claim,"when hand phones are provided for free, many would want to take advantage of this opportunity"
essay084,T13,Premise,"It will not be surprising that in order to obtain a mobile phone, they make themselves jobless"
essay084,T14,Premise,Some might even go to the extent of lying that they are on unemployment to make them eligible to get the phones
essay084,T15,Premise,the public's money is spent worthlessly
essay084,T16,Claim,"till now, there are no surveys or evidences that prove this method in effective in reducing the rate of unemployment"
essay085,T1,MajorClaim,CCTV cameras should be installed in every premise to combat the ever increasing theft rate and to protect the workers at the workplace
essay085,T2,MajorClaim,CCTV cameras are essential and therefore must be installed in every premise
essay085,T3,Claim,This is chiefly to shield oneself from being harmed by any intruders or robbers
essay085,T4,Premise,privacies are lost with the use of these cameras
essay085,T5,Premise,safety should be put first in order to be safe
essay085,T6,Claim,CCTVs must be put in all workplace so that crime rates can be minimized
essay085,T7,Premise,"by having CCTV cameras at workplace, crimes such as robbery can be trimmed down"
essay085,T8,Premise,"when a shop is attacked by thieves, the clips taken by these cameras serve as a source of evidence to help the thieves to be traced"
essay085,T9,Premise,"in Malaysia, policemen used the videos captured by the CCTV cameras to trace and successfully catch a group of robbers who broke into a Seven Eleven shop during the midnight"
essay085,T10,Premise,"as the employees know that they are under constant surveillance, they will less likely steal from the shops"
essay085,T11,Premise,the installation of CCTV cameras may help the employees escape this situation
essay085,T12,Claim,these cameras can help to provide some form of protection to the workers against the customers
essay085,T13,Premise,the customers know very well that their conversations are recorded
essay085,T14,Premise,"at some offices, employees are often required to handle angry or frustrated customers"
essay085,T15,Premise,face-to-face interactions with an annoyed customer can put the employee in physical danger
essay085,T16,Claim,Those opposing the CCTV systems feel that their privacies are invaded with the constant monitoring of the cameras
essay085,T17,Premise,one must realize that safety is of paramount importance compared to privacy and prevention is always better than suffering from the consequences
essay085,T18,Premise,opponents of this system should try to comprehend the situation and take actions to prevent themselves from being victims of crime
essay085,T19,Premise,the videotapes can used to determine what actually took place and further actions can be then taken
essay086,T1,MajorClaim,big cities can be a good place for bringing up children
essay086,T2,MajorClaim,"Today's children needs somethings to entertain them, and occupy their leisure time in the best way"
essay086,T3,Claim,it is a good idea for children to past their first earlier life in the cities
essay086,T4,Claim,Children who live in cities have a lot of entertainment
essay086,T5,Claim,they can learn a lot of things by watching television and surfing through the net
essay086,T6,Claim,"they can exchange their knowledge, they can learn different cultures"
essay086,T7,Claim,"countrysides have some advantages such as fresh air, peace, and etc"
essay086,T8,Premise,education is better in big cities in comparison with countrysides
essay086,T9,Premise,"in my country the best schools, universities and institutes are located in cities, and todays education is one of the most important parts of our children's life"
essay086,T10,Premise,it is acknowledged that a large number of creational facilities are built in cities
essay086,T11,Premise,"playgrounds, parks, science museums, cinemas etc"
essay086,T12,Premise,in countrysides we hardly ever see creational facilities
essay086,T13,Premise,Children who live in countrysides most of the time pass their free time in farms
essay086,T14,Premise,in big cities children access to media easily
essay086,T15,Premise,Via internet they can have connection with the other children all around the world
essay087,T1,MajorClaim,"I would prefer to work for myself, and have my own business"
essay087,T2,Claim,working for the other have some advantages
essay087,T3,MajorClaim,people that have their own business are more comfortable
essay087,T4,Claim,"They have more opportunities, profits, and authorities"
essay087,T5,Claim,there are a large number of opportunities in privat works that you cannot find them when you work for the others
essay087,T6,Premise,"In your job you can be boss of yourself; however, in the other jobs someone else are your boss"
essay087,T7,Premise,"You always have to be responsible for your task, and it make a stressful situation that I never like it"
essay087,T8,Claim,"when people work for themselves they make more profit for themselves, but in the other jobs you make profits for the other such as your manager"
essay087,T9,Premise,"nowadays most of them pick up this profit without sharing a small sum of it with their workers, and from my point of view it is unfair"
essay087,T10,Claim,there are some authorities in privat jobs that workers are always looking for them while they are working for the others
essay087,T11,Premise,When you work for yourself you can punch in and punch out whenever you want
essay087,T12,Premise,"Sometimes some occasions happen to people for example a disease, sticking in a traffic jam and sometime going on a vacation"
essay087,T13,Premise,"For all of them we have to ask for a permission, and most of the time we are not allowed"
essay088,T1,MajorClaim,a defeated person has to try and try until to achieve her or his goal
essay088,T2,MajorClaim,people should not give up when they face with a failure
essay088,T3,Claim,"they have to learn new points from that failure, and they become more experienced"
essay088,T4,Claim,"when people face with a failure they can learn a large number of things from that failure, therefore in the next effort they try to avoid doing and repeating that mistakes"
essay088,T6,Premise,"most of inventors in the first phases of their job face with some problems and defeats, but in the next stages they learn how to deal with problems"
essay088,T5,Claim,"experience shows while people doing a job constantly, they become more experienced in that subject, so in the final effort they become successful with the high percentile"
essay088,T7,Premise,"scientists experiment a substance for a long time, after they gain lots of experience and knowledge about that subject they decide to make it final"
essay089,T1,MajorClaim,human needs should be considered more
essay089,T2,Claim,endangered animals are important
essay089,T3,Premise,day by day population is increasing
essay089,T4,Premise,human needs for food is increasing as well
essay089,T5,MajorClaim,"nowadays humans need farmland, housing and industry"
essay089,T6,Claim,increasing population are more important than saving land for endangered animals
essay089,T7,Claim,they do not need so much land that people need
essay089,T8,Premise,the population of endangered animals are less than people's population
essay089,T9,Claim,farmlands are vital for human life
essay089,T10,Premise,"We need farmland to grow crops such as wheat and corn, and there is no doubt that without food people cannot alive for more than some weeks"
essay089,T11,Premise,people need shelters to protect themselves from mother nature such as wind and flood and wild animals
essay089,T12,Premise,Dwelling is one of the most important human needs after food which is undeniable
essay089,T13,Claim,they need land to build their houses on it
essay089,T14,Claim,some lands should be assigned to industry
essay089,T15,Premise,"human need some crucial things to continue their life, and most of them are industrial such as medicine"
essay089,T16,Premise,Todays life has some difficulty which become comfortable with the help of industry
essay090,T1,Claim,although appearance is important
essay090,T2,MajorClaim,personality is the most important
essay090,T3,Claim,We can never judge about a person with his or her appearance
essay090,T4,MajorClaim,the best way to judge about individuals' is to be familiar with their personality not with their appearance
essay090,T5,Claim,we have to be aware to never judge with their appearance
essay090,T6,Premise,there are people who play a role and cheat the other individuals with their playing
essay090,T7,Premise,"some people cheat their fiance before marriage by showing a cheerful face and well spoken; however, after getting marriage they show their real personality"
essay090,T8,Premise,"One day in a cold winter while I was getting back to home from school I realized that I lost my keys, so I could not do anything before my parents getting back home"
essay090,T9,Premise,"I have a neighbor who are old, black skin and frown and I had always panicked of her"
essay090,T10,Premise,"She asked me to stay with her till my parents come, also she was great in hospitality and her behavior was unforgettable"
essay090,T11,Claim,"there are some people who are black skin, fat and frown, nonetheless they might be a great person for leaving and colleague"
essay090,T12,Premise,I had to never judge with people's appearance
essay091,T1,MajorClaim,a universal language playing the dominant role in the international community is of vital significance to global people
essay091,T2,Premise,a single international language plays a pivotal role in global economic cooperation
essay091,T3,Claim,a single international language serves an economic purpose
essay091,T4,Premise,"As businessmen from different countries have access to the same language, they can communicate with each other more efficiently and deeply on trade, which can intensify the transnational cooperation"
essay091,T5,Premise,"without the availability of the same language, there might be a chance that misunderstanding and conflicts would ensue over business negotiations, impeding collaborations between them"
essay091,T6,Claim,a universal language is an integral part of cultural communication and interactions
essay091,T7,Premise,"If people are equipped with a single international language, they can tell each other smoothly about their countries' specific cultures such as the traditional customs or the modern lifestyles, which enables people to expand their outlooks, viewing the world in new angles"
essay091,T8,Premise,"when people travel to foreign countries, the local people can introduce the tourist attractions to such people with the command of the universal language, helping foreign visitors have an enjoyable exotic experience"
essay091,T9,MajorClaim,a single international language contributes to global community in terms of economic and cultural communication
essay091,T10,Claim,every country should by no means disregard the preservation of their own cultural heritage
essay091,T11,Claim,"a single international language may, to some extent, erode the cultural identity of a nation"
essay091,T12,Premise,"people may be impressed by the cultural values brought with the universal language, eroding a sense of national belong"
essay091,T13,Premise,"some Asians are seeking individualism, previously denied by many Asian countries"
essay091,T14,Premise,"they have gradually identified with such values expressed in American movies, which are imported by the governments as a result of the proliferation of English"
essay092,T1,MajorClaim,fashion trends have a more essential role to play in people's lives than personal dressing styles
essay092,T2,MajorClaim,"people should, especially for ones lacking basic aesthetic knowledge, care more about fashion trends in lives as they can keep pace with the world's changes"
essay092,T3,Claim,"creative design talents can value their own dressing ideas, developing their own fashion styles as they like"
essay092,T4,Claim,"following fashion trends enables people to keep up with the world's latest transformations, which is of vital importance if we consider the fact that people are living in a global village today"
essay092,T5,Premise,"When individuals keep the habit of grasping the world's cutting-edge fashion information, they are gradually changing their attitudes to viewing the world, which means they are more open to accept diverse voices from people around the world"
essay092,T6,Premise,"if they stuck to their own fashion styles, disregarding the world's top fashion designers' achievements, they would stay conservative in their own worlds"
essay092,T7,Premise,they might fall behind shortly
essay092,T8,Premise,people with inadequate aesthetic knowledge or poor originality develop their own senses of fashion when treasuring the latest fashion information
essay092,T9,Claim,"Without following fashion trends, such people would have a hard time choosing and matching clothes, let alone forming their own dressing styles"
essay092,T10,Premise,following fashion trends constantly may undermine individuals' personalities
essay092,T11,Premise,"Individuals purchase their clothes according to the latest fashion trends, which may result in the phenomenon that people would wear the same style of clothes"
essay092,T12,Claim,the world would look monotonous
essay093,T1,MajorClaim,"as the privileged minority, wealthy nations have every reason to share their fortune with the poor"
essay093,T2,MajorClaim,"wealthy nations' offering in need is not only a moral deed, but also a worthwhile one which will one day pay off in other ways"
essay093,T3,Claim,Only those who sympathize with their fellowman can prosper in the long run
essay093,T4,Claim,"it is inhumane to watch one's fellowman struggle against famine and poverty without doing anything to help, especially when the onlooker takes no effort to do so"
essay093,T5,Premise,"Compassion, a virtue preached in almost all religions from Buddhism to Mohammedanism, is what distinguishes us human beings from animals"
essay093,T6,Claim,such aid could also create a win-win situation
essay093,T7,Premise,Underdeveloped nations no doubt receive direct benefits through such deeds
essay093,T8,Premise,"For developed nations, new medical problems may very well arise from the work in underdeveloped nations"
essay093,T9,Premise,"related research is conducted accordingly to conquer the problem, promoting the development of the pharmaceutical industry"
essay093,T10,Premise,"The potential market in those poor countries, most of which has a huge population, is also a thing worth mentioning"
essay093,T11,Premise,"By building a good relationship with them, wealthy nations can not only broaden their global market, but also facilitate future international commerce"
essay093,T12,Premise,"The underdeveloped nations, in return, may export local agricultural products, mineral products with discount to the former, boosting each other's economy"
essay094,T1,MajorClaim,It is a completely right and extremely wise policy to focus on health education and preventative measures rather than treatment
essay094,T2,MajorClaim,we should give more priority to health education and preventative measures than to treatment
essay094,T3,Claim,reasonable attentions should be paid to treatment so that our citizens are always looked after with best services
essay094,T4,Claim,Health education causes long-term positive effects on our next generations
essay094,T5,Premise,Preventative measures will help improve general health state of all citizens
essay094,T6,Premise,"thank to a full health education from their childhoods, children will have good habits of taking care of their own health and these habits may be kept in their adolescences"
essay094,T7,Premise,"if a child is educated to have a hygienic lifestyle at a very young age, he also keeps it when older"
essay094,T8,Premise,health education will prepare for people especially children necessary knowledge to protect themselves from risks of diseases
essay094,T9,Premise,"Instead of afraid or panic, they may be calmer if unfortunately committing some normal diseases such as allergy or illness in seasonal changes"
essay094,T10,Premise,Many diseases which may be cured easily can turn to serious ones if we do not have right treatment
essay094,T11,Premise,Health education will help people to have right choices of treatment to recover more quickly
essay094,T12,Premise,"vaccines will guarantee that pregnant women and their babies are protected from serious infectious diseases such as flu, smallpox, rubella so on"
essay094,T13,Premise,"When huge injection campaigns are organized throughout our country, the community's health state will be improved remarkably"
essay094,T14,Premise,human resources play a key role in the development of a country
essay094,T15,Claim,investing money to enhance the general health state is a totally right decision
essay094,T16,Premise,the cost of treatment is often much higher than that of prevention
essay094,T17,Premise,the government can save a lot of money for our country's health budget
essay095,T1,MajorClaim,"news media not only brings people entertainment, but also polishes up people' knowledge"
essay095,T2,MajorClaim,the development of news media has been making great inroads into the lives of all people
essay095,T3,Claim,the progress of news media is an advantageous development
essay095,T4,Premise,It relaxes people with plentiful entertainment news
essay095,T5,Premise,It enriches people's knowledge with worldwide information
essay095,T6,Premise,It also positively affects the way people live in many other aspects
essay095,T7,Premise,today entertainment is easier for people to enjoy than ever before
essay095,T8,Premise,"The fact is that such news media as televisions, radios, or newspapers are bringing many news on entertainment sector from all over the world to everybody"
essay095,T9,Claim,the popularity of news media is beneficial to human beings
essay095,T10,Premise,"People can sit in front of their televisions and watch whatever they want, from musical concerts to live football match"
essay095,T11,Premise,This is a convenient way of relaxation after hard work
essay095,T12,Claim,news media help people broaden their knowledge
essay095,T13,Premise,there is a strong likelihood that today people are able to know the world better
essay095,T14,Premise,"It is clearly seen that mass media provide people with a variety of global news on all fields, including political situation, economic change, global warming, and so forth"
essay095,T15,Premise,This is particularly essential when the globalization process has been permeating into all areas of society
essay095,T16,Premise,the fast growth of news media is helpful for people worldwide
essay096,T1,MajorClaim,the juries should at least know something about the criminals before coming to a conclusion
essay096,T2,MajorClaim,the current way of the juries judging the case should be transformed and they should know the facts about the criminals they are dealing with
essay096,T3,Claim,they will be able to give a better and reliable as well as a fair judgment to the convicted
essay096,T4,Claim,it would be easier for the juries to make a decision if they know about the past information about the criminal
essay096,T5,Premise,knowing their background very well will enable the juries to analyze the crime before coming up with a judgment
essay096,T6,Premise,take a person who has not murdered anyone but is suddenly found to be guilty
essay096,T7,Premise,The juries will be able to know weather the individual committed the crime intentionally or due to circumstances by knowing the facts about the person
essay096,T8,Premise,punishment can be given in accordance to the condition
essay096,T9,Premise,exposing them to the past records of the criminal can give them more room to think rationally and finally put the pieces together in order to produce a more meaningful decision
essay096,T10,Premise,the juries will have a sense of relief that they have come up with better conclusion based on plenty of evidences
essay096,T11,Claim,the convicted will also receive a fair action
essay096,T12,Premise,juries are a group of people who have no or less knowledge regarding law
essay096,T13,Premise,a fair trial can be achieved
essay096,T14,Claim,"when the background of the convicted is 'dug' deeper and is revealed to mass of anonymous people, his privacy is being jeopardized"
essay096,T15,Premise,"If finally he is proven innocent, he may feel embarrassed to face the public"
essay096,T16,Premise,the crimes done by criminals should be brought to light and the public should be aware of it so that they will not become a victim as well
essay097,T1,MajorClaim,popular sports events can help reduce international tensions remarkably and promote national prides safely
essay097,T2,MajorClaim,international sporting occasions are not only one of the effective solutions to tensions among nations but also a stimulant for releasing patriotic emotions safely
essay097,T3,Claim,"they can improve their results, break records and bring victories to their own countries"
essay097,T4,Claim,"sport events with the spirit of healthiness, honesty and fairness can help strengthen understanding, friendship and solidarity among nations"
essay097,T5,Claim,sport events help to wake up love and responsibilities strongly in each citizen
essay097,T6,Premise,sports events are good chances for excellent athletes to meet and learn valuable experiences from one another
essay097,T7,Premise,a large number of people will gather in the host city for sport events
essay097,T8,Premise,there are many good opportunities for discovering different cultures
essay097,T9,Premise,"After sharing competitive but interesting moments in each competition, the competitors often shake hands friendly and congratulate the winners, which can lead to an improvement in the relationships among nations"
essay097,T10,Premise,sporting occasions play an essential role in raising patriotic emotions in both athletes and spectators
essay097,T11,Premise,Seeing national flags be honored may be the most emotional moments to each athlete
essay097,T12,Premise,The athlete also seems to be more aware of his responsibilities and he wants to contribute more to his beloved country
essay097,T13,Premise,"When witnessing our national flags flying proudly among others, many of us can stop hiding our pride and happiness"
essay097,T14,Premise,"when Vietnam became the champion of SEAGAMES for the first time in 2008, a festival atmosphere permeated into the streets"
essay097,T15,Premise,"People from all ages turned out to the streets with flags, banners and they sang aloud songs of Ho Chi Minh President"
essay097,T16,Premise,The eager atmosphere lasted many next days
essay097,T17,Premise,some hooligans were so excited that they took part in motor racing or using fireworks illegally
essay097,T18,Premise,the hooligans only took a minority of people
essay098,T1,MajorClaim,the benefits of children engagement in paid work outweigh its drawbacks
essay098,T2,MajorClaim,"if children take part in some kind of paid work with their parents' permission, they can learn lively lessons and become mature and responsible"
essay098,T3,Claim,"they are likely to understand their parents' hardship, to respect values of money and to form a good habit of saving"
essay098,T4,Premise,children can learn about the hardship of earning money
essay098,T5,Premise,"When they take some kind of paid work such as looking after babies, doing housework and keeping shops, they will have some life experience and skills which make them mature and can deal with many different situations in real life"
essay098,T6,Claim,"when children take jobs, they tend to be more responsibl"
essay098,T7,Premise,whether they can earn money or not will depend on their effectiveness and attitudes in working
essay098,T8,Premise,"To keep their jobs, children will have to try their best to finish their duties"
essay098,T9,Premise,"if a child works as a shop assistant, he will have to keep an eye on good and products, calculate prices correctly and take responsibilities for any lost"
essay098,T10,Claim,"children will be more material, neglect their study for earning money or be exploited by the employers"
essay098,T11,Premise,"if children get good care and instructions from their parents, they can take advantages of the work to learn valuable things and avoid going in a wrong way"
essay099,T1,MajorClaim,I would agree to idea of taking a break before starting higher education
essay099,T2,Claim,"Students who take break, gain lot of benefits by traveling around the places or by working"
essay099,T3,Premise,They tend to contribute more due to their real world experiences which makes them more mature
essay099,T4,Claim,"Experience gained through traveling to different places, meeting different people and even at job goes long way"
essay099,T5,Premise,It not only enhances the confidence of a student but also makes them independent
essay099,T6,Premise,Student's who works tend to gather better financial resources which they can rely on during their university studies
essay099,T7,Premise,This experience also makes them aware of what they would like to make of their life
essay099,T8,Premise,They develop broader view and can make a better choice of their future studies or courses
essay099,T10,Premise,They might even find it difficult to adapt to education environment
essay099,T11,Premise,There is also a risk of student never going back to university or higher education
essay099,T12,Premise,"Probably some might take some short term courses instead of proper and complete university education, which will help them to get a better job and salaries"
essay099,T13,Premise,"This might only help them in a short run as it is a known fact that to make a reasonable career in longer runs, one needs a proper and higher qualification"
essay099,T9,Premise,"Once student's starts earning, they might not like to go back to studies where they would lose their financial independence"
essay099,T14,Claim,Taking a break not just has benefits but it also comes with some negative impacts
essay100,T1,MajorClaim,one can also shine without even having to attend universities
essay100,T2,MajorClaim,it would be wrong to say that one's success completely depends on the education he or she receives at the institutions
essay100,T3,Claim,it is indeed true that university education is pivotal in a person's life in order for one to prosper
essay100,T4,Claim,"it is certainly true that university education is of paramount importance for certain professions such as doctor, engineer and lawyer"
essay100,T5,Premise,"Without proper training and knowledge, it would be impossible for them to perform their best in their careers"
essay100,T6,Premise,"Not only that, when they are in a university, they will have the opportunity to share their knowledge as well as to network for business associates and partners"
essay100,T7,Premise,This can benefit them in future when they intend to open up their own companies or hospitals
essay100,T8,Claim,there are also a significant number of people who are very successful in their fields without going to university
essay100,T9,Premise,Take for instance those who start their own business
essay100,T10,Premise,These people depend solely on hard work and luck
essay100,T11,Premise,for some of them it proved to be a profitable job
essay100,T12,Premise,Michael Dell who is the founder and the CEO of Dell left college at 19
essay100,T13,Premise,he started his computer company in his college dorm room
essay100,T14,Premise,he used his earnings as well as his family's loan in order to progress to be who he is now
essay100,T15,Premise,people with natural talents are also most likely to excel in their life
essay100,T16,Claim,individuals born with talents have also a high chance to be successful
essay100,T17,Premise,This is especially true in sectors like entertainment and sports
essay100,T18,Premise,The introduction of increasing number of reality shows have made it possible for all those lucky ones to triumph
essay100,T19,Premise,David Archuleta who was once a nobody has now taken up a large space in hearts of many
essay101,T1,MajorClaim,the right age for a person to retire should be around 60 years old
essay101,T2,MajorClaim,strongly agree that age should be set as a criterion for people to retire at the aforementioned age
essay101,T3,Premise,"if senior workers dominate the working sector, there will be lesser job opportunities for the fresh graduates"
essay101,T4,Claim,most of them will be forced to take up careers which are poles apart from what they had studied for
essay101,T5,Premise,"a medical graduate might find it very disheartened when he had to spend around five precious years studying medicine and at the end of the day, he will have to take up another profession rather than doctor due to the insufficient job opportunities available"
essay101,T6,Premise,"due to the lack of genuine passion on the work which was not of their option, there is a greater possibility for their performance standard to dwindle at their workplace"
essay101,T7,Claim,"it would indeed be better if at an older age, opportunities are given to the younger ones"
essay101,T8,Premise,not all elderly workers are physically well
essay101,T9,Premise,"Beyond that age, a large proportion of them have an elevated chance of contracting a multitude of health problems such as stress related diseases and cardiovascular illnesses"
essay101,T10,Premise,the stressful life that an aged teacher goes through will definitely take a toll on him
essay101,T11,Premise,they will not be able to give their best in whatever they are doing
essay101,T12,Premise,"the academic institution will have to pay for his medical bills, resulting in more loss for the institution"
essay101,T13,MajorClaim,it is indeed evident that age limit should be set for retirement
essay101,T14,Claim,the expertise of the senior workers who had retired should never be underestimated
essay101,T15,Premise,"Their invaluable experiences and knowledge in their respective fields such as engineering, medicine, and law can certainly be beneficial to the younger generation"
essay101,T16,Premise,it is highly recommended that the retiree come over to the companies or hospitals to have regular sessions with the present staffs to bridge the gap between them and to pass on their knowledge
essay102,T1,MajorClaim,public museums and art galleries will still be necessary
essay102,T2,Claim,we can see the art works and historical objects online
essay102,T3,Premise,the Internet really brings them convenience
essay102,T4,Premise,pictures online are only limited to a screen size
essay102,T5,Premise,the exhibits in museums or galleries are all life size and visitors can get a more direct felling
essay102,T6,MajorClaim,we still need museums and art galleries
essay102,T7,Claim,computers can be introduced to museums and galleries in order to help visitors to know more about the art works or historical objects
essay102,T8,Premise,"only when we see the real mummy, can we experience mystique"
essay102,T9,Claim,Most people nowadays prefer to use the Internet to search for art work
essay102,T10,Premise,We can browse the art work from all over the world at home
essay102,T11,Premise,people may not get a spiritual experience
essay102,T12,Claim,"In order to help visitors to learn more about the exhibits, museums hold various activities which make visitors be part of what they are seeing"
essay102,T13,Premise,"at American Museum of Natural History, you can make a bone-by-bone reproduction of the museum's stegosaurus"
essay102,T14,Premise,"at Museum of Art in New York, you can look at 17th century instruments while listening to their music"
essay102,T15,Premise,"While if you ""visit"" the museum online, you may not able to get this kind of experience"
essay102,T16,Claim,Seeing an art work on computer screen is not the same as you watch it by your own eyes
essay102,T17,Premise,you can't see the texture of the artwork which is very important to study the skills used by the artist
essay102,T18,Premise,not all the details of the artwork can be shown on the computer screen
essay102,T19,Premise,Some details might be dim
essay102,T20,Premise,the resolution ratio of the screen is not high enough
essay102,T21,Premise,These may influence the comprehension of the art work or historical objects
essay103,T1,Claim,past behaviour determines the future actions
essay103,T2,Premise,complete data concerning the history of a sued person creates more opportunity for jury members to build an overall picture of defendant's personality
essay103,T3,Premise,"past record might be useful to decide whether a person was able to perform a certain type of crime when it concerns serious crimes, such as kidnapping or a murder"
essay103,T4,Claim,"in order for the jury to come up with an objective decision not depending on the past experience, the court should provide with details relevant to a particular case only"
essay103,T5,Premise,a defendant with number of past crimes has more chance to be found guilty compared to a person with no or lighter criminal record
essay103,T6,Premise,"Innocent suspects, eventually, can face unfair juridical decision and pay twice for their previous inadequate actions"
essay103,T7,Claim,"I am skeptical about disclosing the defendant's history to the jury, with intention to avoid subjective and probable inaccurate verdict"
essay103,T8,MajorClaim,"I strongly support the current laws of Great Britain and Australia, and would not change the regulations on keeping the jury unaware of past actions"
essay104,T1,MajorClaim,the Internet will pave way for a more accessible and convenient learning
essay104,T2,MajorClaim,I would like to reiterate the necessity of the Internet in learning process
essay104,T3,Claim,"the Internet is an adequate source of academic information, which will potentially fulfill the needs of university pupils"
essay104,T4,Premise,"Nowadays, not only are lectures available online, it is also applicable to find reference e-books as well as multi-aspect documents on the cyberspace"
essay104,T5,Premise,the Internet has grown to become the largest virtual library ever
essay104,T6,Premise,"with the use of the Internet, distance and time seem to be no more a hindrance"
essay104,T7,Premise,College students can save their time browsing for necessary information through the web instead of spending hours wandering in bookstores or libraries
essay104,T8,Premise,the Internet offers a more effective and practical method of studying
essay104,T9,Premise,"While virtual flowcharts and animations may simplify complicated scientific processes, Google and Wikipedia are always accessible for detailed responses to every query"
essay104,T10,Claim,the Internet will become an indispensable part in academic training
essay104,T11,Premise,This fairy tale turns out to be true thanks to technical and internet advances
essay104,T12,Premise,Have you ever imagined what it would be like to stay at home and attend a lecture by a famous speaker in Finland simultaneously
essay104,T13,Claim,"the Internet have several drawbacks which can affect the education system negatively, for instance internet abuse and black webs"
essay104,T14,Premise,these problems are mainly triggered by students' wrong approach towards the Internet not the Internet itself
essay104,T15,Premise,what we are to do is a change in learners' attitude not an elimination of the Internet from academic study
essay105,T1,MajorClaim,"I disagree with reducing the cost of medicines, which may exacerbate their qualities"
essay105,T2,Claim,The reduction in cost of medicines therefore shows the sign of humanity
essay105,T3,Premise,"If people in poorer countries gain access to these drugs, their health situations may be better"
essay105,T4,Premise,more lives will be saved by the use of effective medicines
essay105,T5,Premise,The medical industry in developing countries is incapable of producing high-quality drugs
essay105,T6,Premise,"With advanced technology, the developed world has achieved remarkable breakthroughs in making medicines, which can cure a variety of serious illnesses"
essay105,T7,Claim,there are other measures to improve the situation
essay105,T8,Premise,It is advisable for the government to encourage medical production by supplying land for building factories and reducing part of the taxes
essay105,T9,Premise,charitable organizations can buy medicines from developed countries and distribute to the undeveloped world for free
essay105,T10,Claim,"the current cost of medicines is , in fact, reasonable and based on the medicines' effectiveness"
essay105,T11,Premise,"the process of researching, testing and producing drugs in masses costs a substantial amount of money"
essay105,T12,Premise,these products prove to ensure human health completely
essay105,T13,Claim,"the measure cannot be adopted, otherwise those companies will go into liquidation"
essay105,T14,Premise,"Suppose companies were forced to reduce the cost of drugs, they would make no profit, even running up debt because of production expenditure"
essay106,T1,MajorClaim,the effort to prohibit people from smoking in public area is certainly helping in curtailing the associated health risks and to create a healthy nation
essay106,T2,MajorClaim,the move will do more good by looking at the quality of health and image of a nation in long run
essay106,T3,Claim,the number of fatality can be significantly reduced if a total ban on public smoking is implemented
essay106,T4,Premise,it is well known and clinically proven that smoking is extremely hazardous to the smoker and others who have been exposed to the fume over a period of time
essay106,T5,Premise,Recent death statistic released by the Malaysian Ministry of Health shows that the top killer was lung related diseases caused by smoking
essay106,T6,Premise,A large proportion of death involved second hand smoker particularly young children and pregnant women who were vulnerable to these lethal diseases
essay106,T7,Claim,the image of a healthy nation can be promoted when government restricts public smoking by imposing stern penalty to the offender
essay106,T8,Premise,This example shows the benefit of restricting public smoking to a country as a whole
essay106,T9,Premise,"the Brunei government had recently enforced a law against smoking in public areas such as cafés, hospital and shopping street"
essay106,T10,Premise,"This step has curbed down the numbers of smokers in the country and as a result, Brunei remains a place known for its tranquility and cleanliness"
essay107,T1,MajorClaim,concerns to save Earth are vital
essay107,T2,Claim,rapid development of infrastructure is eating most of the forest throughout world
essay107,T3,MajorClaim,Earth is our home and it should be protected
essay107,T4,Premise,The so-called Concrete jungles have evolved endangering forests and wild life
essay107,T5,Premise,life saving oxygen is produced by trees after converting harmful carbon dioxide gas
essay107,T6,Premise,wild life is very essential to maintain ecological balance on planet Earth
essay107,T7,Claim,large emissions of carbon monoxide gas from refrigerants like air conditioners have depleted ozone layer
essay107,T8,Premise,Importance of ozone layer is evident by the fact as it protects us from harmful ultra violet rays
essay107,T9,Premise,excess emission of carbon dioxide gas mainly by vehicles around the world has increased the average temperature at north pole which in turn has increased water level due to gradual melting of glaciers
essay107,T10,Claim,either industrial waste or domestic waste produced everyday is badly polluting the planet Earth
essay107,T11,Premise,a large amount of unnoticed industrial waste released in oceans effects aquatic life to a large extent
essay107,T12,Premise,Harmful chemicals present in industrial waste kills lot of sea creatures in oceans or rivers
essay108,T1,MajorClaim,it would generate a sense of discrimination among different age groups and increase the government financial pressure accordingly
essay108,T2,Premise,they have been instilled and imparted the most updated knowledge and skills at universities
essay108,T3,Premise,fresh graduates are likely to bring a number of practical and applicable ideas to meet the current needs of the organisation
essay108,T4,Premise,having a larger proportion of young adults could enhance the working effectiveness and efficiency
essay108,T5,Premise,"Compared with aged staffs, younger employees are often physically stronger and energetic which enables them to carry out heavy workload to meet the deadline"
essay108,T6,Claim,encouraging the workers to retire at age of fifty-five to release the positions for younger job seekers has some merits
essay108,T7,Claim,the introduction of the early retirement has some benefits
essay108,T8,Premise,"From social perspective, massively forcing the early retirement would be one of financial burden to the local government"
essay108,T9,Premise,sufficient pension payments and regular medical care should be given and arranged for the senior citizens after they have been imposed to terminate their employment permanently
essay108,T10,Claim,sacrificing the senior members to save the young workers poses several negative influences
essay108,T11,Premise,"From personal level, it fosters a sense of unfairness between the older and younger generations"
essay108,T12,Premise,"every person within the business enterprise has the rights to proceed their work as long as they are capable of doing it, disregard the age and physical capacity"
essay109,T1,MajorClaim,the government should regulate the correct amount of violent and sexual content and censor the culturally unsuitable information
essay109,T2,MajorClaim,it should increase the level of control to protect the public against inappropriate contents and unsuitable foreign cultures
essay109,T3,Claim,One of the strong arguments in favour of tighter media control is to limit the violent and sexual content
essay109,T4,Premise,They have a serious impact on people in their puberty
essay109,T5,Premise,"an internet cartoon comedy called happy tree is extremely brutal, where the characters usually have their heads or limbs tear off"
essay109,T6,Claim,television companies import foreign programmes from time to time and audiences might accept their ideas which maybe otherwise not welcomed to local culture
essay109,T7,Premise,A few years ago there was a Japanese game show which involved throwing cream cakes to the loser
essay109,T8,Premise,This is actually very environmentally unfriendly
essay109,T9,Claim,"the government should disclose the information to the media in a timely manner, especially for disasters and outbreak of new diseases"
essay109,T10,Premise,"Taking the SARS in 2003 as an example, the Chinese government limited the amount of information for public access which therefore causes numerous deaths"
essay109,T11,Premise,another perspective on this is to prevent the citizen from unnecessary fear and unrest
essay110,T1,MajorClaim,"being a citizen involves in a number of duties, other than paying taxes"
essay110,T2,Claim,People in society must do more than paying taxes to contribute to their society
essay110,T3,Claim,they have fulfilled their duty as a citizen
essay110,T4,Premise,"If people are paying taxes, that means they are taking part in the development of their country as well as the country's economy"
essay110,T5,Premise,Taxes are the income for every country in the world and they are extremely important for developing countries
essay110,T6,Premise,"the crime rate is reduced and society becomes a peaceful place, so the country will develop at a rapid pace"
essay110,T7,Claim,individuals of a country are responsible for many other things apart from paying tax
essay110,T8,Premise,"in order to develop a country, citizens must obey laws, which were imposed by the government"
essay110,T9,Premise,being a citizen in society should protect the country's culture and history
essay110,T10,Premise,people should have knowledge about their own culture and history by studying at school with full concentration or reading them from books
essay110,T11,Premise,a person has to unite with other people in the community so as to develop their nation
essay110,T12,Premise,"if people in society have a strong bond with each other, society will become a peaceful place, where people are helping and sharing to each other"
essay111,T1,MajorClaim,primates should have the same rights as human beings
essay111,T2,MajorClaim,it should be made illegal
essay111,T3,Claim,it seems to me that testing on animals has no clear result
essay111,T4,Claim,There are several reasons why animal testing should be banned
essay111,T5,Premise,the costs outweigh the benefits
essay111,T6,Premise,"Every year, cosmetic companies, farms or medical schools kill millions of animals to test their products, without any beneficial result"
essay111,T7,Premise,Animal testing costs an enormous amount of money
essay111,T8,Premise,"they must be fed, cared for and treated with drugs or experimental substances"
essay111,T9,Claim,sacrificing animals is an expensive and painful activity
essay111,T10,Premise,animals are kept in unnatural conditions
essay111,T11,Premise,"Recent studies point out that animals are neglected and treated poorly, which influences their reactions to drugs"
essay111,T12,Premise,"In March 2003, a lab technician shot a video inside a lab, which revealed primates in cages without pain medication, for instance one baboon with a metal cylinder screwed into its head"
essay111,T13,Premise,animals and people's response to a drug can be different
essay111,T14,Claim,human beings have no moral right to use animals in ways that do not benefit the individual
essay111,T15,Premise,"it is not only inhumane and cruel to cause pain to animals, but also misleading"
essay112,T1,MajorClaim,exams have a role to play in ensuring proper and objective assessment of achievement
essay112,T2,Claim,exams need to be carefully designed and supplemented with other forms of evaluation if they are to be a truly useful component of the education system
essay112,T3,Claim,There are clearly advantages to exams
essay112,T4,Premise,They help to ensure fairness by imposing the same conditions on all exam candidates
essay112,T5,Premise,"They are also relatively versatile; different types of exam questions, for example, multiple-choice questions and essay tasks, can test different sorts of reasoning ability"
essay112,T6,Claim,exams also have some drawbacks
essay112,T7,Premise,Test-wise candidates can often perform well on exams without having good underlying knowledge or skills
essay112,T8,Premise,some test-takers perform cannot achieve a satisfying result because of anxiety
essay112,T9,Premise,"teachers and learners focus only on theses aspects of the curriculum that are likely to be tested, thus narrowing the educational experience for all"
essay112,T10,Claim,A number of measures should be taken to address these concerns
essay112,T11,Premise,exams should match the content and activities of the learning environment
essay112,T12,Premise,Exam task should be varied to give fair opportunities to candidates with different types of skills
essay112,T13,Premise,"Other types of assessment should also be considered, assignment writing, for example, to assess independent learning and research skills, or group projects, to measure teamwork ability"
essay113,T1,MajorClaim,"richer nations should take more responsibility for helping the poorer nations in all health, education and trade"
essay113,T2,Claim,Improvements in these areas will create a better life for residents in poorer nations which they can use to grow their homeland
essay113,T3,MajorClaim,Poorer nations need help from richer nations in these areas to develop their countries
essay113,T4,Claim,richer nations can contribute by delegating doctors and nurses to these power nations as well as donate money to build hospitals
essay113,T5,Premise,"in the area of health, poorer nations normally have less quantity of doctors and nurses compared to richer nations"
essay113,T6,Premise,High population in poorer countries due to lack of family planning caused the proportion of doctors unbalance to the quantity of resident
essay113,T7,Premise,poorer nations are lack of hospitals to fulfill the demand of the patients
essay113,T8,Claim,richer countries can allocate experienced educators to train more teachers and lecturers in poorer countries
essay113,T9,Claim,"for the issue of education fee, richer countries should offer scholarships and loan to the qualified students"
essay113,T10,Premise,"in the area of education, it is generally agreed that poorer countries often lack of teachers in schools as well as lecturers in higher education institutions"
essay113,T11,Premise,education for these countries normally is not free so only certain group of students can afford it
essay113,T12,Claim,"in the area of trade, no one can deny that poorer countries are lagging behind richer countries due to shortage of money"
essay113,T13,Premise,Trading are less active in poorer countries may also be caused by incomplete transportation infrastructure
essay113,T14,Premise,residents in rural areas still depend on their own farm for food production
essay113,T15,Premise,richer nations can provide financial service to poorer countries to encourage trading
essay113,T16,Premise,The former can also give consultation on setting up a complete and efficient transportation infrastructure to support trading
essay114,T1,MajorClaim,"I do not agree that this explosion in technology will 'innovate' the education system, by replacing teachers with computers"
essay114,T2,MajorClaim,there can be no school without a teacher
essay114,T3,MajorClaim,"computers will continue to be used by teachers in the learning process, but they will never take their place"
essay114,T4,Claim,"Teachers are not just teachers, they are also friends and conseilieurs"
essay114,T5,Claim,computers need to be operated by people
essay114,T6,Premise,they are just tools for teachers and they cannot work properly without human's touch
essay114,T7,Premise,scientists prove that every classroom needs trained staff to use these interactive and innovative ways of teaching
essay114,T8,Premise,lessons are more attractive and easier to understand when they are put on a Power Point presentation and then presented with a LCD Projector
essay114,T9,Premise,No one can argue that technological tools are must-haves for the classroom of today
essay114,T10,Claim,children need human interactions
essay114,T11,Premise,"As a recent interview with Josh Trumm – the founder of the 'Teachers Global Group'- reveals, human interactions will never be imitated by computers: 'This verbal and non-verbal communication between teachers and children is the first step towards a proper educatio"
essay114,T12,Premise,"Without someone who can explain and understand their problems, pupils cannot actually learn'"
essay114,T13,Premise,"only a teacher can feel and connect with pupils, be a friend and a model"
essay114,T14,Premise,"No matter how advanced technology will be, it is clear that a computer will never be able to communicate with its pupils"
essay115,T1,Claim,newly developed plant foods and machinery make significant financial success for the farmers
essay115,T2,MajorClaim,the demerits of applying these new developments in the agriculture industry cannot be overlooked
essay115,T3,Premise,applying the advanced fertilizers in combine with the automatic reaping resources increase farmers' economic profit
essay115,T4,Premise,"artificial fertilizers catalyze the capacity of each inch of farmland in order to churn out the crops, and automatic machinery enhances the work efficiency of the harvest"
essay115,T5,Claim,the production and labour cost of each kilogram of the agriculture products dramatically decreased
essay115,T6,Claim,high-tech fertilizers pose a potential threat to individuals' health well-being
essay115,T7,Premise,"Unlike the organic plant foods, industrialized fertilizers are made of unusual chemicals, which are not only varying the gene of crops into those unknown substances but also remaining inside of plants permanently"
essay115,T8,Premise,consumers who intake those fertilized products on a regular base tend to suffer a series of disease in the future
essay115,T9,Claim,excessively relying on the electronic equipment for harvest causes several impacts to the society
essay115,T10,Premise,One is that it worsens the air pollution by releasing the excessive exhaust emission
essay115,T11,Premise,manual harvest prevents severe environmental damages
essay115,T12,Premise,mechanical reaper causes the rise of the unemployment rate in the farming industry
essay115,T13,Premise,high-end reaping plants replace a large number of workers in the fields
essay116,T1,MajorClaim,governments should help and encourage artists to continue their work
essay116,T2,Claim,art is a very valuable object for every country and the talent in this area cannot be discovered everywhere
essay116,T3,Premise,art helps to improve the quality of our lives as well as attracting tourists
essay116,T4,Premise,"monuments that represent each city do not only illustrate the city's history and culture, but also make the city more beautiful and an attractive place for tourists"
essay116,T5,Premise,some countries depend on tourism as their main source of revenue
essay116,T6,Claim,the governments should help arts
essay116,T7,Premise,their work crafts are very necessary to boost the tourist industry
essay116,T8,Claim,culture and history of a country can be reserved and assured by art
essay116,T9,Premise,sculptures and paintings in the museums and art galleries generally reflect the culture and civilization of every generation
essay116,T10,Premise,Young people are also able to get more knowledge about their country's history and culture by observing various work crafts
essay116,T11,Claim,talent in art is extremely precious and should not be wasted
essay116,T12,Premise,not many people are blessed in the talent of paintings and work crafts
essay116,T13,Premise,this type of talent has to be valued as other types of talents such as talent in science or literature
essay117,T1,MajorClaim,technology alone can solve the world's environmental problems
essay117,T2,Claim,if humans stop using technology and lead a simple way of life then only we can save the environment
essay117,T3,Premise,it is the luxuries people use which damages the environment
essay117,T4,Premise,"If people don't use air conditioners, automobiles and other such things that technology has brought us, then naturally there would be less pollution and natural resources like fossil fuels would be saved and all this would save the environment"
essay117,T5,Claim,technology alone could save the environment
essay117,T6,Premise,now we have come so far ahead in technology that there is no going back
essay117,T7,Premise,We cannot ask the people of the jet age to go back to the age of the bullock cart
essay117,T8,Claim,There are a lot of advances going on technology which are helping the environment a lot
essay117,T9,Premise,One prime example is finding solutions to water problems in developing countries such as Africa
essay117,T10,Premise,"By pressurising sea water to produce vapour jets and filtering them through carbon nano tubes, we can get clean drinking water from sea water - an almost inexhaustible resource"
essay117,T11,Premise,Japan is working to build a working space solar power system by 2030
essay117,T12,Premise,"By drawing on the colossal energy of the sun, it could meet the entire world's electricity requirements indefinitely without nuclear or GHG emissions"
essay117,T13,Premise,"If successful, the impact on the world would be monumental"
essay117,T14,Premise,"It would mean energy for schools, hospitals, and homes"
essay117,T15,Premise,It would mean another industrial revolution
essay118,T1,MajorClaim,"their salary at a lower level would be more appropriate compared with other peoples in scientific or social, economic fields"
essay118,T2,MajorClaim,professional athletes and singers are overpaid in terms of their contributions
essay118,T3,Premise,they have an exceptional ability that other people do not own
essay118,T4,Premise,hardly anyone could play basketball as skillfully as Michael Jordan - a legendary former American player who won several times in the NBA championship
essay118,T5,Premise,"They also point out that these people have to undergo painstaking and industrious training, let alone participate in a great number of contests to be recognized and prove themselves"
essay118,T6,Premise,"there are many singers and athletes, few of whom could rise to fame and victory ultimately"
essay118,T7,Premise,"Overcoming all these obstacles, they should be paid a great deal of money for their extraordinary efforts"
essay118,T8,Claim,athletes and singers deserve their current salary
essay118,T9,Premise,"singers and athletes, in fact, contribute insignificantly to the development of the society"
essay118,T10,Premise,It is assumed the amazing performances they give to the audiences are only valuable in aesthetic and entertaining terms
essay118,T11,Premise,"While scientists invent machines serving daily lives, doctors take care of patients and cure their diseases and policemen help to ensure the safety and stability of the nation, singers and athletes do not play a helpful part in improving the material life"
essay118,T12,Premise,They commit themselves to promoting relaxation and enjoyment for the audience
essay118,T13,Premise,"their contribution is less important than those from doctors or scientists, albeit necessary"
essay118,T14,Claim,"their privilege of salary seems groundless, while the main work forces receive modest salaries which only enable them to afford bare necessities"
essay119,T1,MajorClaim,at no time will the unique role of human teachers be replaced
essay119,T2,Claim,Internet can be a useful tool for education
essay119,T3,Claim,"the global online network is the inexhaustible source of information, which definitely exceeds the fund of knowledge that any veteran teacher can accumulate"
essay119,T4,Premise,"Internet and computer also offer a more comprehensive access to knowledge, ranging from visual to aural stimuli, which make learning an ever enjoyable experience, especially for children"
essay119,T5,Premise,"Much information as the Internet may provide, most of the sources are unjustified by experts"
essay119,T6,Claim,information from those sources is subject to question
essay119,T7,Premise,the computer can show whether an answer to a particular question is right or wrong
essay119,T8,Claim,it cannot give as an in-depth explanation as a human teacher can
essay119,T9,Premise,"Through face-to-face communication, teachers can also pinpoint the weaknesses of each student and therefore, adjusting and tailoring his or her teaching methodology to meet the levels or the demands of those students"
essay119,T10,Premise,This is where the computer proves to be incompetent
essay120,T1,MajorClaim,"""murdering"" criminals is therefore immoral and hard to accept"
essay120,T2,MajorClaim,it is absurd and inhumane
essay120,T3,Claim,capital punishment presents an extreme warning to the community
essay120,T4,Claim,every human being has the right to live and no authority is empowered to deprive one of life
essay120,T5,Premise,"what criminals cause to the society, specifically to the victims, is indeed significantly offensive"
essay120,T6,Premise,they are humans and their lives need to be valued
essay120,T7,Premise,execution does not resolve the consequences of crime
essay120,T8,Premise,it could put the criminal's family through hardship while the pain of the victim's kin is never to be consoled
essay120,T9,Claim,"capital punishment is certainly not the only option to control the amount of crimes, life imprisonment is just as effective by detaining the criminals in prison for the rest of their lives"
essay120,T10,Premise,"in terms of punishment, living a miserable life with restriction to the world outside and sustaining the feeling of guilt every day in a dark bounded room are much more obsessing than being killed right away"
essay120,T11,Claim,The third reason why the death penalty should be banned is the chance that innocent people are wrongly convicted
essay120,T12,Premise,"many people are executed for the crime they did not commit, which leads to a question of fairness in judicial system"
essay120,T13,Premise,"Juries are also humans, they may lack of discretion"
essay120,T14,Claim,it can be replaced by a life sentence
essay121,T1,MajorClaim,I completely disagree with the idea that businesses should be allowed to do anything they want to make a profit
essay121,T2,Claim,With this permission they are allowed to hit and damage everything for just making a profit
essay121,T3,Claim,"if there is not any control on the businesses and they are permitted to do everything they want, they will threaten the beings' life such as human, animals and plants"
essay121,T4,Premise,As every day we read and hear in televisions and newspapers that some factories hit the environment by their toxic substances
essay121,T5,Premise,"if we let them do anything they can to just make a profit, they will produce products with low qualities and high prices"
essay121,T6,Claim,they might hit consumer's life
essay121,T7,Premise,"a few months ago it was broadcast from TV that a company which produced baby milk, sold milk which did not have quality and it caused a few babies die"
essay121,T8,MajorClaim,"all companies, factories and businesses should be monitored by governments and executive, and they do not have to let do anything they want just due to making profit"
essay121,T9,Claim,They can hit both the environment and human's life easily
essay122,T1,MajorClaim,new high school is a great addition to the educational system of my community
essay122,T2,MajorClaim,The new high school will bring a lot of advantages to my community
essay122,T3,Claim,"The high school of my district is pretty old and lacks in necessities for students, so they can't get enough education"
essay122,T4,Claim,The only disadvantage is the nosiness of competitions which students will participate
essay122,T5,MajorClaim,the new high school will be a great addition for my environment
essay122,T6,Premise,it isn't a big deal
essay122,T7,Claim,"this new construction has a lot of advantages like new connections between students from different communities, also the new educational equipment will increase the students' enthusiasm toward studying"
essay122,T8,Claim,the new high school will bring a lots of opportunities for student concerned in education
essay122,T9,Premise,"Their old high school is pretty old and need in new educational materials, repairing of the place for sport activities"
essay122,T10,Premise,the laboratory of physics and chemistry was in bad condition
essay122,T11,Premise,the students can't study well during the classes
essay122,T12,Premise,They will study with new breath and great enthusiasm in new school
essay122,T13,Claim,the new high school will be a place for new connections between the student of different communities and districts of the city
essay122,T14,Premise,"After classes students and not only the students will get together in building of high school, participate in different competitions"
essay122,T15,Premise,during the football match the students of different high schools will come and after the competition they will keep in touch
essay122,T16,Premise,This will increase the social connections of the students
essay122,T17,Premise,The only disadvantage is the noisiness of the competitions
essay122,T18,Premise,The people living in the neighborhood will be a bit perturbed
essay122,T19,Premise,this isn't a important reason for ceasing the competitions
essay123,T1,MajorClaim,teenagers need more attention and help in comparison with the higher ages
essay123,T2,Claim,they are the best advisor for their children
essay123,T3,Premise,parents and other adult relatives are more experienced towards children
essay123,T4,Premise,if children listen to their advices they can prevent happening worst things
essay123,T5,Premise,They have experienced a large numbers of stuffs during their life
essay123,T6,Premise,"they can save value things in their life such as time and money, and enjoy they life with the best way"
essay123,T7,Claim,parents and adults relatives are the best friends and consular for the teenagers
essay123,T8,Premise,unfortunately nowadays there are some individuals who cheat the others for gaining more power and money
essay123,T9,Premise,They cheat young ages
essay123,T10,Premise,they believe they are immature and they can trap them easily
essay123,T11,MajorClaim,it is a good idea to ask parents and adult relatives to give a piece of advice
essay124,T1,MajorClaim,childhood is definitely the happiest time of people life in two main areas
essay124,T2,MajorClaim,the best phase of people life is their childhood
essay124,T3,Claim,"They not only free to do whatever they want without any confine or punishment, but also they are free and have a lot of time in their hands to try and experience new things and enjoy them"
essay124,T4,Premise,"children are free whatever they want to do, they are not restricted and their limitation are really rare"
essay124,T5,Premise,they are in the age of growth and they are allowed whatever they want to do to experience new stuffs
essay124,T6,Claim,there is no argument and punishment for them
essay124,T7,Premise,they do not have to educate and they do not have to work
essay124,T8,Claim,they have a lot of time in their hand to enjoy this stage of their life
essay124,T9,Premise,"I made a large number of friends in this age, and I almost traveled to all cities of my county when I was in kindergarten"
essay124,T10,Premise,I got familiar with different kind of animals and plants in this age
essay124,T11,Claim,in this age they are not expected to be responsible
essay125,T1,MajorClaim,"the three most reasons are increased knowledge, career preparation and new experiences"
essay125,T2,MajorClaim,everybody who is studying in university should concentrate on the objectives and try their best
essay125,T3,Premise,"in this wonderful academic environment, everyone is provided with varieties and gigantic number of information by a lot of professors and well-trained teachers"
essay125,T4,Premise,people are able to strengthen their knowledge
essay125,T5,Premise,"through the instructions of teachers, the sufficient infrastructure such as laboratory, library, students is capable of doing research on every academic aspect"
essay125,T6,Claim,they can gain a deep sight into what are they studying
essay125,T7,Premise,"for most people, university is an ideal place for them to develop their understanding"
essay125,T9,Premise,"The number of individual who enroll in university are enormous, more than any school one person have studied"
essay125,T10,Claim,"students are given such fantastic chance to create new and wide relationships with a lot of people from any corner of one nation, even from the whole world"
essay125,T11,Premise,"my brother are studying in an international university with a mixed community include Vietnam, Brazil, Argentina, etc"
essay125,T12,Premise,"And he told me that he is very excited for experiencing such new environment, which is one of his main purposes when attending university"
essay125,T8,Claim,preparing for career is an essential function of university
essay125,T13,Premise,"Students not only do homework, assignment and attend class but also need to participate in volunteer work, internship and part time job"
essay125,T14,Premise,they can have some experiences in the outside world and discover what their life goals are
essay125,T15,Premise,they know where and what to put high emphasis on in order to achieve their objectives
essay126,T1,Claim,it's much easier to have some casual acquaintances than have some close friends
essay126,T2,MajorClaim,it's better to have one or two close friends than to have a large number of casual acquaintances
essay126,T3,Premise,being a friend with someone is different from only being acquaintant
essay126,T4,Premise,it's not easy to make friend with anyone
essay126,T5,Premise,friends are people who have great compatibility with each other
essay126,T6,Premise,"After two years in college I have found sometimes there is more differences between people than similarities, for we are growing in the different families and was educated in various ways"
essay126,T7,Premise,Sometimes acquaintances are just acquaintances
essay126,T8,Premise,We spend time together but we could never be friend
essay126,T9,Claim,close friends can easily understand each others feelings
essay126,T10,Premise,acquaintances probably not able to understand you better than your friends
essay126,T11,Premise,they wouldn't even spare time to consider your feelings
essay126,T12,Premise,Everyone play the role of acquaintance and friend at the same time
essay126,T13,Premise,Being friendly is a good way to treat a acquaintance but way not enough for a friend
essay126,T14,Premise,"When my friend is sick, I would not only ask if he is okay like an acquaintance but do my best to make him get well as soon as possible"
essay126,T15,Premise,"If my friend is going to the wrong direction in his life trail, I will try my best to pull him back, but not stand and stare like it's not of my business"
essay126,T16,Premise,my friend will do the same to me
essay126,T17,Claim,a friend is a person you care about
essay126,T18,MajorClaim,friends are the most important people in my life second to my family
essay127,T1,MajorClaim,life in the old days brings more happiness to people than today for several reasons
essay127,T2,MajorClaim,People are put too much focus on making wealth and progress in technology
essay127,T3,Claim,"some people live in a pretty good condition, it is only a minority"
essay127,T4,Premise,life is simple in the past
essay127,T5,Claim,lives in the old days is easier than today
essay127,T6,Premise,"Nowadays, all humans compete together"
essay127,T7,Premise,world population getting higher
essay127,T8,Premise,competition is getting fierce
essay127,T9,Premise,"If you are not able to handle your jobs, then someone will replace you right away"
essay127,T10,Premise,People need to put much more effort to keep their living condition
essay127,T11,Premise,the environment today is serious damaged
essay127,T12,Premise,"Looking out the windows, what I see isn't sky, trees or mountains, but is coldly high buildings"
essay127,T13,Premise,"Everyday, I walk on hard roads, breath in polluted air, and live in a limited space"
essay127,T14,Premise,it has been proved that living in this kind of condition will result in some mental diseases
essay127,T15,Claim,the environment our grandparents live is more comfortable than today
essay127,T16,Premise,"Today, we are able to read the news all over the world, to chat with people through the Internet, or to travel around the world by planes"
essay127,T17,Premise,it also means that any thing happens in the world will affect our life
essay127,T18,Claim,The third reason is that the pace of life
essay127,T19,Premise,"If we cannot react properly and immediately, then we will be in a vulnerable situation"
essay127,T20,Premise,We have no choice but have to live in a fast pace
essay128,T1,MajorClaim,"high school should permit students to choose courses they want for several reasons which are freedom of choice, to have progress in students grades and knowledge as well as to help students explore their aptitude"
essay128,T2,Claim,students should have a right to choose what they want to study
essay128,T3,Premise,Not allowing students their desired subjects to be chosen is a restriction of human rights
essay128,T4,Premise,As children of independent country we should know our rights and opportunities we have in order to achieve our goals and dreams
essay128,T5,Premise,students should choose their classes to have progress in their studies and grades
essay128,T6,Premise,we can avoid conflicts among students and teachers which can be enjoyable and productive for both instructor and students
essay128,T7,Premise,when I was taking art class everyone shared the same interests and it was easy to understand each other
essay128,T8,Claim,Giving chance students to choose their interested fields of study is merit
essay128,T9,Premise,When schools can give such kind of opportunity the students are likely do their best and succeed in their future lives which is one of the point most people get education
essay128,T10,Claim,this type of opportunities can raise future geniuses
essay128,T11,Premise,he or she can explore in an area she/he has an aptitude
essay128,T12,MajorClaim,I want my children to get knowledge they have desire to study in order to have distinguished achievement
essay128,T13,Claim,it has advantage not only for him or her but for society as well
essay129,T1,MajorClaim,I prefer to live in a higher pace condition
essay129,T2,MajorClaim,living in a higher pace is better
essay129,T3,Claim,the advantages of this are qualitatively greater than that of the opposite
essay129,T4,MajorClaim,I prefer to live in high pace
essay129,T5,Premise,"we need to save time for accomplishing some important tasks, and a fitting example of which can be found in my experience of missing exam"
essay129,T6,Claim,we have to be eager in our lives
essay129,T7,Premise,I just failed to participate in the university entrance exam
essay129,T8,Premise,I thought I had enough time for eating breakfast and transporting to the testing place; while I was stocked in a traffic jam and then missed the first test
essay129,T9,Premise,keeping in high pace condition can prevent me from getting lazy
essay129,T10,Premise,"If I can avoid being a sluggish person, I can have a higher probability of fulfilling my dream successfully"
essay129,T11,Premise,"I had spent more time on practicing playing piano so that I won a piano competition, defeating those spending less time on practicing"
essay129,T12,Claim,keeping our pace higher is important
essay129,T13,Claim,with a slower pace can enjoy their lives more
essay129,T14,Premise,it is not necessary for them to notice the time control or acquire the fame of succeed
essay129,T15,Premise,I do not think that those people with slower pace losing the piano competition can be really happy
essay129,T16,Premise,it is really joyful for me that I can immerse in the joy of the victory and accomplishment
essay130,T1,MajorClaim,"through proper management and regulation, a booming tourist industry is an excellent source of economic growth and wealth for rural and urban areas"
essay130,T2,MajorClaim,the tourism sector is desirable for its important socioeconomic advantages
essay130,T3,MajorClaim,"it is evident that under suitable administration, the benefits of tourism outweigh its drawbacks"
essay130,T4,Claim,The most obvious merit is that tourism can vastly boost economic development in a particular state or region
essay130,T5,Premise,"This takes place, not only through direct expenditure from tourists, but also because it provides direct and indirect jobs to the community, including retail, agriculture, and in the service industry"
essay130,T6,Premise,"The increasing tax and the expansion of local markets for accommodation, luxury goods amongst others are also a result of a solid, well-regulated tourism programs"
essay130,T7,Premise,"tourism provides a considerable number of direct and indirect jobs to the community, including retail, hotels, transport, agriculture, and in the service industry"
essay130,T8,Premise,This increase of job opportunities allows more people to make significant contribution to society through the purchasing of commodities by their growing incomes
essay130,T9,Premise,"this gives energy to the economic cycle, generating local economic prosperity in return"
essay130,T10,Claim,"Some people may oppose these, citing the environmental and cultural destruction caused by tourism"
essay130,T11,Premise,"compared to the tourism industry, other alternatives, like resource extraction and manufacture, are far worse destroyers"
essay130,T12,Premise,"paper mills pour hundreds and thousands of tons of contamination into rivers, causing severe water pollution"
essay130,T13,Premise,"the dramatic majority of tourist, particularly those who tend to spending a wealth of time and money locating and visiting rustic villages, are well educated"
essay130,T14,Premise,It is illogical to believe that these rational folks will not conduct themselves decently if required to do so
essay131,T1,MajorClaim,this investment in field of the arts would be in the best interest of a society
essay131,T2,MajorClaim,it would enriches the culture of the society and governments and individuals would benefit from it in multiple ways
essay131,T3,Claim,not only could investing in art be considered as wasting money at any kind
essay131,T4,Premise,There is also a burden on the government to highly concern about the people mental health initiatives which would be unconsciously or sensibly provided by the arts
essay131,T5,Claim,the arts play a pivotal role in all-round development of a society
essay131,T6,Premise,"No developed country could be named that music, painting, literature and other fields of arts are out of its government consideration"
essay131,T7,Premise,"Enriching people's life and enlightening their thoughts, the arts basically affect the enhancement of societies in many positive ways"
essay131,T8,Claim,investing in art could bring employment opportunities and could end in return of capital occasionally
essay131,T9,Premise,The investment could be paid back through the values of the created works of art which as a matter of fact should be considered as national possessions
essay131,T10,Claim,governments are liable for providing societies with appropriate public services and adequate facilities in an efficient way
essay131,T11,Premise,"no one should suffer from any sort of deficiency in field of health, education, transportation and communication"
essay131,T12,Premise,these could only help individuals with their physical requirements
essay132,T1,MajorClaim,people are now more conscious to gain more educational qualification and also are more interested to work on various fields simultaneously to earn more and support themselves
essay132,T2,Claim,people are focusing on doing several jobs or gaining further qualification to secure their economic condition
essay132,T3,Premise,"with the recent recession, almost all the countries all over the world are seeing significant economic downfall"
essay132,T4,Premise,This overwhelming crisis is prompting delayering and reduction of workers
essay132,T5,Premise,A full time job with a steady income was enough for a potential employee to support himself and his family
essay132,T6,Claim,The best way to ensure a flexible earning is getting more jobs
essay132,T7,Premise,corporational policy to to pay less to inferiors is another reason that drives labours to work on different sectors
essay132,T8,Premise,many people's jobs are now at high stake
essay132,T9,Premise,"robots, automation and softwares are taking over manual human workers professions such as clerks, interpreters, security services, retails and specially in manufacturing companies"
essay132,T10,Premise,"North American economists have published reports after scrutinizing the recent American economic situation that, technology is eliminating more jobs than creating one"
essay132,T11,Premise,the arrival of technology has also been playing a major role promoting further unemployment
essay133,T1,MajorClaim,"computer can influence society, and people's lives have already been controlled by device"
essay133,T2,MajorClaim,"in era technology like this age, computer becomes important thing in human life"
essay133,T3,Claim,people cannot pass the day without stay in front of computer or using it
essay133,T4,Premise,"This situation becomes lifestyle habits, and nowadays human activities are influenced by computer use"
essay133,T5,Premise,they spend almost nine hours a day dealing with computers as to produce efficient time in working
essay133,T6,Premise,A study conducted by Mediabank shows that majority of Australian adults do not socialize with their families and friends as much as they used to
essay133,T7,Premise,the idea that computers could be a help has been neglected
essay133,T8,Claim,this modern device has been a major hindrance to some people
essay133,T9,Premise,"This is due to using computer more efficient and, many workers cannot do more in work without computer"
essay133,T10,Premise,Communication by feature-computer such as email and internet help busy businessmen to make deal with relation even in different country
essay133,T11,Claim,using computer can make people easier to complete their work
essay133,T12,Premise,"Businessmen, for example, use computer device to presentation or communication with their colleagues"
essay134,T1,MajorClaim,qualification is still the fundamental determinant of an employee's competency of their jobs
essay134,T2,Claim,the importance of social skills should not be neglected as those skills can help one to perform their job effectiveness and efficiency by facilitating interaction and communication with others
essay134,T3,Claim,qualification should be the foremost measurement to determine the value of a employer
essay134,T4,Premise,It is of importance that workers should be well educated and trained to perform duties of their job
essay134,T5,Premise,people who work in professional fields such as medicals are required to have a university degree and years of experience
essay134,T6,Premise,Social skills seem to be less important as they cannot contribute to the success of a surgery
essay134,T7,Premise,organization have been transformed to customers oriented
essay134,T8,Premise,Excellent social skills can help employees maintain strong relationship with their clients which thus lead to a better customer satisfaction
essay134,T9,Claim,the importance of social skills have been recognized by increasing number of employers
essay134,T10,Premise,people nowadays are required to work as a team in their jobs frequently
essay134,T11,Premise,"Interpersonal skill plays an essential role in helping colleagues to cooperate with each other, especially when conflicts arise"
essay134,T12,Premise,Better social skills allow them to resolve disagreements in a much more harmony way
essay135,T1,MajorClaim,international aid should be prioritised
essay135,T2,MajorClaim,people from unfortunate countries need more international assistance while helping citizens in the home country is also necessary
essay135,T3,Claim,International aid is critical
essay135,T5,Premise,"Many people, for example in some African countries, are living below the basic standards"
essay135,T6,Premise,"They lack food, water or clothes which keep them warm, not to mention the education needs"
essay135,T7,Premise,"What is worse, people who live in countries that are confronted with wars or natural disasters are facing even more severe issues such as security, homelessness or the pain of losing best friends or family members"
essay135,T8,Premise,those people are in desperate need of international support
essay135,T4,Premise,there is a high demand that the money should be spent in the place where it is collected
essay135,T9,Premise,charity organisations are mainly funded by the home country
essay135,T10,Premise,"even within the most developed countries, there are still poor people who lack their basic needs"
essay135,T11,Premise,"By solving the problems in the home country, it is beneficial for social stability and steady economic growth"
essay135,T12,Claim,it is reasonable to lend a hand to our fellow citizens
essay135,T13,Premise,people from other countries may be facing much more serious problems
essay136,T1,Claim,learners can obtain more useful knowledge from teachers than from other sources
essay136,T2,MajorClaim,both alternative sources and traditional teaching methods from educators are equally important in children's acquisition of knowledge
essay136,T3,Claim,technologies are vital in students' learning
essay136,T4,Premise,the widespread of alternative sources of knowledge has played an important role in students' acquisition of knowledge
essay136,T5,Premise,"Computers can be programmed to provide an endless numbers of questions in diverse range of fields, and as the students answer these questions, the facts has been learned and reinforced"
essay136,T6,Premise,"A case in point is the reading and listening parts of TOEFL iBT exams, as candidates have to answer many questions in a limited period of time"
essay136,T7,Premise,"when students have some academic problems, they can post those to some websites and receive correct answers from unknown people in faraway places without any costs"
essay136,T8,Premise,"in the past, conducting a research require long hours of searching in library shelves, now all can be done at a click of a button"
essay136,T9,Claim,formal education approaches are also indispensable
essay136,T10,Premise,schools and university are places in which students gather to be educated and learn from each others as well as formal educators
essay136,T11,Premise,"At schools, students' development has been orchestrated stage by stage, step by step by experienced teachers, and their acquisition of knowledge is guided and backed up in a systematic way"
essay136,T12,MajorClaim,alternative sources information and traditional education systems are equally important in children's development
essay137,T1,MajorClaim,"they are important somehow, but not essential"
essay137,T2,MajorClaim,These meetings are in none case here to interact with international affairs
essay137,T3,Claim,"an international sports event is a very good thing to gather people, let them dream, being proud of their nationality and forget problems, but just for a while"
essay137,T4,Premise,"if the general atmosphere during the show is peaceful and fraternal, the reality is different"
essay137,T5,Claim,these sports events are not essential in other issues such as politics or other international affairs
essay137,T6,Premise,"After the Olympics games are finished, everything came back to normal and all the game competition is forgotten by the majority"
essay137,T7,Premise,"recently, Putin was pleased to open the last winter Olympic games and gather international countries, but actually it has been just facade and Putin didn't listen international warning after he conquered the Crimea"
essay137,T8,Claim,world sport events provide positive waves for number of people
essay137,T9,Premise,The main purpose of such competitions is to enjoy and share emotions between supporters though their favorite team
essay137,T10,Premise,"These emotions are shared locally in our village or city, nationally in our own country but even internationally too"
essay137,T11,Premise,these events gather people and their nationalist pride feeling is increased
essay137,T12,Premise,the football world cup taking place every four years is a very followed event during which everyone is having fun
essay138,T1,MajorClaim,students can acquire more benefits from the remote education
essay138,T2,Claim,traditional education has some merits like feedbacks and inspirations that cannot be replaced in the near future
essay138,T3,MajorClaim,"distance-learning outweighs the conventional way not only with its efficiency, convenience and economic value, but also with the self-regulated education that pupils can study on their own purpose"
essay138,T4,Claim,studying at home save the pupils enormous time and considerable expense
essay138,T5,Premise,"Students who use distance-learning programs can cut down their commuting time, tuition fees, textbook fees and so forth just by an internet connection"
essay138,T6,Premise,This especially makes a significant difference for the children who live in the far-off countryside and the children whose families are living below the poverty-line
essay138,T7,Premise,he can control the learning progress and make satisfactory achievement on this course
essay138,T8,Premise,A student can even select a specific online course based on his own preference and time schedule
essay138,T9,Claim,long-distance education provides students the opportunity to access the immense knowledge resources and a variety of teaching approaches
essay138,T10,Premise,"Pupils can obtain materials for their curricula just by one mouse click, such as science reports, study posts, documentary records, etc"
essay138,T11,Claim,"traditional education has its advantages in face-to-face communication, mental inspiration and physical educations"
essay138,T12,Premise,These make remarkable contributions in providing immediate feedbacks and cultivating pupils' personalities
essay138,T13,Premise,"with the improvements in streaming and sensor technologies, remote education can eliminate the obstacles of distance and body contacts"
essay139,T1,MajorClaim,we should give priority to our own issues
essay139,T2,MajorClaim,"more emphasis should be laid on human beings other than animals, and it is better to let nature take its course with regard to species extinction"
essay139,T3,Premise,biodiversity is essential to maintain the balance of ecosystem
essay139,T4,Premise,"If certain species are absent from this system, such kind of balance is likely to be disrupted and other species, including human beings, will come under threat"
essay139,T5,Claim,it is our responsibility to keep as many species on the Earth as possible
essay139,T6,Claim,species extinction is quite natural according to the theory of evolution
essay139,T7,Premise,The environment on the Earth has been transformed many times since the first species came into being
essay139,T8,Premise,A great number of plants and animals died out
essay139,T9,Premise,they were unable to fit into the new environment
essay139,T10,Premise,the process of extinction of some species is irrevocable and we can do nothing about it
essay139,T11,Claim,We should put our own survival and sustainment in order first before considering the conservation of other species
essay139,T12,Premise,"human beings nowadays are still faced with many urgent problems such as starvation, disease and wars"
essay139,T13,Premise,"When these problems are taken into account, extinction of some animals recedes greatly in importance and it is not sensible to devote our limited resources to animals that have been past help"
essay140,T1,MajorClaim,there should not be any room for partiality in terms of gender while allocating seats for students in every university courses
essay140,T2,Claim,judging student's skills and abilities should only be based on their academic qualifications and talents rather than gender in particular
essay140,T3,Premise,both male and female students are equally competitive to each other and deserve to produce impressive results in various field of education
essay140,T4,Premise,"In India, for example, female students are more often likely to grab more number of top scorer positions in every year higher secondary school examinations"
essay140,T5,Claim,"female students are highly interested in learning courses such as mechanical engineering which demands physical activities in their lab workshops, unlike previous generation females"
essay140,T6,Premise,"due to increasing exposure on current affairs and knowledge on cutting-edge technological developments, female graduates are more willing to take huge responsibilities in their workplace, despite its intensive stress and pressure"
essay140,T7,Premise,"Chanda Kochhar, who is the CEO of India's second largest bank called ICICI bank and prominently awarded as the country's most powerful female head in business sector"
essay140,T8,MajorClaim,"every student either male or female should be given fairly equal opportunity to purse their education in all university subjects, provided they should meet the required qualifications rather than putting limitations based on their gender"
essay141,T1,MajorClaim,I agree that face-to-face communication is better
essay141,T2,MajorClaim,I prefer to express my opinion in person
essay141,T4,MajorClaim,the best way of communication is by means of face-to-face
essay141,T5,Premise,communicating in person can be more convincing
essay141,T6,Premise,"Sometimes, face-to face communication can lead us to convince or complain someone successfully, and a fitting example can be found from my uncle"
essay141,T7,Premise,He once complained a service of a restaurant
essay141,T8,Premise,"Without exaggeration, he directly went to the boss and told the boss that something wrong occurred on the meal--a fly concealed in it"
essay141,T9,Premise,"Afterward, my uncle acquired a new service thanks to face-to face communication"
essay141,T10,Premise,"If he just wrote something to complain on the website or by telephone, I do not think this problem would be thought important"
essay141,T11,Claim,we can commence to agree that communicating with someone in person is the best way
essay141,T12,Premise,it is easy to be deceived without face-to face communication
essay141,T13,Premise,"I had received some harmful words on facebook from my best friend, Eric"
essay141,T14,Premise,He said that I was totally failed in building a good friendship and he did not want to be one of my friends anymore
essay141,T15,Premise,I just shocked and did not know what happened
essay141,T16,Premise,I realized that his facebook account was stolen
essay141,T17,Claim,we are capable of stating that it is important to talk to people face-to-face
essay141,T18,Claim,"communication by letters, email, or telephone can enable them to talk without scruple, which is also one of the most important parts in communication"
essay141,T19,Premise,"It is conceivable that before we talk, it is necessary for us to be imprudent about our words"
essay141,T20,Premise,"Talking without scruple is not the indispensable part in communication; in contrast, it is usually detrimental to us"
essay142,T1,Claim,the increase in life expectancy has some pressure on the Medicare system
essay142,T2,Claim,the improvement of medical care makes a better life for all people
essay142,T3,MajorClaim,the advanced medical care brings with it more benefits than disadvantages
essay142,T4,Claim,The main advantage of high-tech medical care is that people are better taken care so that they have a good health
essay142,T5,Premise,They can contribute effectively to the development of the economy
essay142,T6,Premise,healthy workers can create more productivity
essay142,T7,Premise,they do not have to spend more time in health checking or treatment
essay142,T8,Premise,this saves an amount of time as well as cost
essay142,T9,Premise,a community with the elderly who have a good health has a major role to play in a sustainable development of a society
essay142,T10,Premise,"young people will be happy as their parents, grandparents are healthy"
essay142,T11,Claim,the increase in life expectancy puts a high pressure on the economic system
essay142,T12,Premise,more pension have to spend for Medicare instead of investing in other sectors of the economic system
essay142,T13,Premise,the capital that spend on taking care the elderly is contributed by these people during their working time
essay142,T14,Premise,they are worth to have good care
essay142,T15,Premise,"They have given their effort to the society so that young people, the governments have a responsibility to improve the Medicare system"
essay142,T16,MajorClaim,the development of the health care system helps people have a better life
essay142,T17,Claim,It helps people build a sustainable society where people can live a happy life when they are old
essay143,T1,MajorClaim,successful people still do things they already know
essay143,T2,MajorClaim,doing what we already known can still leads us to succeed
essay143,T3,Claim,the advantages of this are relatively greater than that of the opposite
essay143,T4,Premise,"to be successful, we all try to reduce the risk we might encounter"
essay143,T5,Premise,"The lower the factors making us fail we have, the higher probability to success we own"
essay143,T6,Premise,Consider a circumstance in which one person is rich because he knows a lot of knowledge of investment
essay143,T7,Premise,"He can focus on certain companies which he thinks is worth it to invest, and then just waits for the not so high but constant income"
essay143,T8,Premise,He does not have to invest some dangerous companies to get higher profit which might lead him to bankrupt in a short time
essay143,T9,Claim,successful people do not have to try new things or take risks
essay143,T10,Claim,it is not necessary for successful people to take risks
essay143,T11,Premise,it depends on the capability of one to decide whether he can succeed or not
essay143,T12,Premise,a successful person should be able to dismantle the hurdles prohibiting him to success
essay143,T13,Premise,the sports stars do not have to take some drugs to win a game or show their extraordinary skills
essay143,T14,Premise,The same reason why they succeed is that they all have the predominated abilities in sports realm
essay143,T15,Premise,those athletes try to have distinctive performance by taking risks of taking drugs are failed to succeed
essay143,T16,Claim,doing something new is necessary for people to success
essay143,T17,Premise,"they can become different from others, which is also a widely accepted idea for success"
essay143,T18,Premise,Try something new can indeed make people become special
essay143,T19,Premise,while it does not mean successful
essay144,T1,MajorClaim,"it should be better to leave this type of type of training for a certain group of good, knowledgeable learners"
essay144,T2,MajorClaim,"everyone should have a compulsory education level up to high school, but the above divisions should be only the realm of the best students"
essay144,T3,Claim,"This will improve the quality of both universities and students, thus placing people in positions which suit them most"
essay144,T4,Claim,focusing only on talented students is a better option
essay144,T5,Premise,it helps academic institutions maintain their high education quality
essay144,T6,Premise,"Unlike middle school or high school, university and college require far a lot of ability and skills to keep up with an enormous amount of complex knowledge"
essay144,T7,Premise,"some students may be capable in high schools, but the pressure of higher education is tough even for talented ones"
essay144,T8,Premise,"That explains why it is only suitable for a limited people, and opening up for everyone will be fatal for institutions"
essay144,T9,Premise,they need to somehow lower the materials so that it is practical for everyone
essay144,T10,Claim,university should only accept good students
essay144,T11,Premise,it gives better human resources for sophisticated purposes
essay144,T12,Premise,"this may lead to 'social division', when someone with high education refuses to do the called 'low jobs'"
essay144,T13,Premise,it gives no harm to the whole community
essay144,T14,Premise,"Those standard jobs will always be available for everyone, while complex ones should be only handled by the best people, who start their career from the best institutions"
essay144,T15,Premise,limiting the number of people who can be admitted by universities is a good choice
essay144,T16,Premise,"it will reward the motivation of students and constantly keep them in the difficult level of learning, which makes them do the best to improve themselves"
essay144,T17,Premise,this improves the overall quality of education and gives the best people to serve in the most necessary needs of the society
essay145,T1,MajorClaim,I prefer to spend money on improving facilities
essay145,T2,MajorClaim,improving facilities is the best way for school
essay145,T3,Claim,the advantages of this are relatively greater than that of the other
essay145,T4,Claim,students can procure more advantages from better facilities
essay145,T5,Premise,"the more advanced facilities we have, the more chances we can increase our knowledge"
essay145,T6,Claim,certain facilities are beneficial to students
essay145,T7,Premise,library is a good place for students to study or research
essay145,T8,Premise,"They can concentrate on the subjects with a tranquil ambience; also, there are a lot of references for students to utilize"
essay145,T9,Premise,"With this convenient and versatile facility, students can improve their learning condition"
essay145,T10,Premise,students are not always staying in classrooms
essay145,T11,Claim,students would prefer school to spending on improving facilities
essay145,T12,Premise,They have numerous activities in school
essay145,T13,Premise,Consider a circumstance in which a student who is a member of jazz ensemble in their school
essay145,T14,Premise,He must need a better auditorium for him to have an extraordinary performance
essay145,T15,Premise,"With this distinguished performance, the student would acquire an unforgettable and valuable experience burring deeply in his mind"
essay145,T16,Claim,schools should spend money on hiring prestigious teachers
essay145,T17,Premise,they can impart their students well
essay145,T18,Premise,A student is good or not do not depend on whether he has a good teacher but is decided by his effort on study
essay145,T19,Premise,It is useless to hire a super famous teacher to teach those who behaviors as sluggards
essay146,T1,MajorClaim,students should study a broad range of subjects from literature to mathematics
essay146,T2,Claim,tertiary education should make students prepare for specialization at university
essay146,T3,Claim,it should be to some extent paternalistic to prevent students from avoiding hurdles
essay146,T4,MajorClaim,students should find interesting subjects and acquire general knowledge to prepare higher education at tertiary education
essay146,T5,Claim,students have to find one or more fields of study in which they are really interested
essay146,T6,Premise,"They should not decide their future major without trying a broad range of subjects, otherwise they might miss valuable encounter with the subject"
essay146,T7,Premise,a would-be mathematician student may be strongly intrigued by philosophy and make a success in the field
essay146,T8,Premise,students should obtain knowledge from a variety of academic fields
essay146,T9,Premise,General education plays a significant role in specialized education
essay146,T10,Premise,"Science today, for example, is said to be more and more specialized, but in order to solve a problem scientists have to combine knowledge from chemistry to physics"
essay146,T11,Premise,"textbooks used in higher education are labelled particular subjects, in fact they require basic understanding of other subjects"
essay146,T12,Premise,you sometimes need knowledge about physics to read a text on chemistry
essay146,T13,Claim,high school students should learn broadly and prepare future learning at university
essay146,T14,Claim,schools should be responsible for their future and protect them
essay146,T15,Premise,students have tendency to shun difficulties
essay146,T16,Premise,"They might avoid tough courses, but instead attend mainly Mickey Mouse courses and enjoy themselves too much"
essay146,T17,Premise,This might result in limited choices in the future
essay147,T1,MajorClaim,games are no longer too important for them
essay147,T2,MajorClaim,"adults do need to play games, but their styles are often distinct from children's, which are often less competitive and more enjoyable"
essay147,T3,Claim,"Along with the high requirement for family and work, games are just some leisure activities for adults, not something necessary as they are meant to be for children"
essay147,T4,Claim,games become unnecessary for people when their careers begin
essay147,T5,Premise,Someone may argue that games help adults relax and become more balanced in life
essay147,T6,Premise,"more often, the pressure of work and family commitment force them to abandon their lifelong hobbies"
essay147,T7,Premise,they cannot spend enough time and effort to their favorite games as they did in 15 or 20 years ago
essay147,T8,Premise,"in my country, except for a minor part of professional athletes, the majority of people stop playing games seriously as soon as they find a decent job"
essay147,T9,Premise,They often feel that such games become more troublesome than enjoyable for their daily lives
essay147,T10,Claim,"adults often do not pursue games as a competitive activity, while children are always keen on competition and winning"
essay147,T11,Premise,"For youngsters, maintaining their desire to win often develops many outstanding characteristics whether they participate sport events or not"
essay147,T12,Premise,"my younger sister likes fencing, and thanks to her desire to win, she never gives up when facing a difficult situation, or even becoming hurt"
essay147,T13,Premise,adults often consider such behaviors as childish and drop them immediately
essay147,T14,Premise,a competitive person usually finds it difficult to cooperate with friends and colleagues
essay147,T15,Premise,"they no longer play games for any moderate achievements, and gradually lose their interest in such activities"
essay148,T1,MajorClaim,a single modern culture is being created by modern technology
essay148,T2,MajorClaim,"new technology has affected cultures of the world, and we can see many similarities in many cultures"
essay148,T3,Claim,"new technology has influences on educational system, jobs and foods in the world"
essay148,T4,Claim,most of the countries have the same educational system based on technology
essay148,T5,Premise,"Teachers give topics to the students who should research on the internet to find data, and then students should type their research by using computer and even give a presentation by using PowerPoint"
essay148,T6,Premise,"students who are studying in Iran use the same software, Microsoft, to type their homework or have presentation compared to Canadian students"
essay148,T7,Premise,many immigrants in Canada who have the degree in computer technology fields can easily go to Canadian universities and find jobs with good salaries
essay148,T8,Premise,jobs that are related to technology are in demand in most of the countries
essay148,T9,Claim,new technology has created some similar jobs all around the world
essay148,T10,Premise,"Computer technology is a growing job in most of the countries, and students are being encouraged to study in this field"
essay148,T11,Claim,"there are some cultures such as making foods which are unicq in each culture, and technology cannot affect them"
essay148,T12,Premise,"many countries such as Canada, the USA, and British have many restaurants which serve many foods form different countries and cultures"
essay148,T13,Premise,cooks can find many new food recipes easily on the Internet
essay148,T14,Premise,"two days ago, I went to a Canadian restaurant, and I ate noodle, sushi, which are Chinese foods, and Greek salad"
essay149,T1,MajorClaim,one can achieve success more easily with the help from his or her family
essay149,T2,MajorClaim,"with the help of our family, we can achieve success quite easily"
essay149,T3,MajorClaim,family plays a more important role in helping one to pursuit success
essay149,T4,Premise,"when my father had difficulty in solving a problem in his childhood, he had to go to his teacher for help"
essay149,T5,Premise,more and more people have the opportunity to receive education from university
essay149,T6,Premise,our parents receive better education than our grandparents did
essay149,T7,Claim,they can provide more advices and helps in our career
essay149,T8,Premise,"In the past, seldom people have the chance to attend a collage"
essay149,T9,Premise,my grandparents did not get a education even in high school
essay149,T10,Premise,Things have changed a lot
essay149,T11,Premise,I grow up in a better condition than my father did
essay149,T12,Premise,"Whenever I have problems, I can always ask my parents for help"
essay149,T13,Premise,They can solve the problem quickly
essay149,T14,Premise,they have learned quite a lot
essay149,T15,Claim,family members can help us in many other aspects
essay149,T16,Premise,"when I did not know what major to choose when I attend university, my father told a lot about different majors"
essay149,T17,Premise,"He shared his own experience with me, which helped me quite a lot"
essay149,T18,Premise,Parents are quite experienced than their child
essay149,T19,Premise,they can guide them toward the right direction
essay149,T20,Premise,parents can told their children as many as they can
essay149,T21,Premise,What they want is help their child to make a progress
essay149,T22,Claim,our parents and other family members can help us a lot in our life
essay150,T1,MajorClaim,reading fiction is more enjoyable than watching movies
essay150,T2,MajorClaim,reading fictions is more pleasant
essay150,T3,Claim,"these books have more depth, are much easier to use, and more useful for language learners"
essay150,T4,Claim,fiction books pay more attention to details
essay150,T5,Premise,"we can know characters, places, and times of a novel very well during reading it"
essay150,T6,Premise,"Most of the novels describe not only main characters but also other people in the novels, where each scene is happening"
essay150,T7,Premise,"after I read animal farms which is a story of Russian revolution, I could understand the leaders and different segments of the Russian people"
essay150,T8,Premise,a movie just gives us a very small review of its stories and characters
essay150,T9,Claim,reading a novel is more convenient
essay150,T10,Premise,Some novels have around 100 pages and readers cannot finish them in just one hour
essay150,T11,Premise,Yet these people can continue to read their novels wherever they find free time such as in bus or trains
essay150,T12,Premise,I have started to read a novel since last week
essay150,T13,Premise,"I do not have enough time to read a novel in one day, so I usually read it when I am coming home from English class"
essay150,T14,Premise,I cannot watch a complete movie
essay150,T15,Premise,"I can just sit in front of TV for 15 minutes and after that, I have to study"
essay150,T16,Claim,people enjoy watching TV
essay150,T17,Premise,they can learn many things such as learning a language by watching movies
essay150,T18,Premise,movies are not a good idea to learn a language for beginners
essay150,T19,Premise,characters in movies speak very fast and unclear for language learners
essay150,T20,Premise,For these learners it is better to start by reading some novels which are more comprehensible and enjoyable
essay151,T1,MajorClaim,using single language through out the world is a positive change which is helping the world to become a better place to live
essay151,T2,MajorClaim,change is inevitable and that usage of one language across the world is a positive one
essay151,T3,Claim,Communication in single language would improve the productivity of the world and brings everyone on to the same page
essay151,T4,Claim,A world with fewer languages helps us interact with each other in a better way
essay151,T5,Premise,"Due to globalization, many people are traveling for professional trips"
essay151,T6,Premise,communicating in single language will reduce the problems of travelers in daily activities like ordering food in a restaurant or in going around places
essay151,T7,Premise,students who migrate for better education would not have to go through lot of stress
essay151,T8,Premise,they can easily make new friends and can be part of any discussions which is otherwise not possible in a world with multiple languages; this in turn makes it easy to adjust in new environment
essay151,T9,Premise,Single language also reduces misunderstandings between people
essay151,T10,Premise,"exchange of knowledge in different sectors of research like electronics, medical, astronomy etc would become easier"
essay151,T11,Claim,few people are worried about the dying local languages
essay151,T12,Premise,These languages are the basis for the origination and initial communication between different cultures
essay151,T13,Premise,They represent local culture
essay151,T14,Premise,"As the usage of these languages decrease, culture also changes accordingly"
essay151,T15,Premise,these languages are tightly coupled with history; all the olden day literature and scripts will be impossible to decipher if these languages are lost
essay152,T1,Claim,the people from older generation may claim they had better life
essay152,T2,Premise,there were stronger bonds between family members and friends
essay152,T3,MajorClaim,in the current world living standards stand in a much higher level and people are in better conditions socially and physically
essay152,T4,Premise,they judge the contemporary age through a personal prejudice
essay152,T5,Claim,"We live in an era that technology is developing in the speed of light, steering the world toward a much more convenient place"
essay152,T6,Premise,A clear-cut example that supports this idea is the invention of smart phones
essay152,T7,Premise,The strong navigation system installed on the phones has been rescued lives of many who left alone in remote areas like forests or deserts
essay152,T8,Premise,"social networks such as Facebook could foster the ties between friends and family members who are obligatorily far away from each other by keeping them in touch, the thing that was impossible less than 20 years ago"
essay152,T9,Premise,some people criticize social networks as tools that have ruined true relationships and friendships by reducing face-to-face communication
essay152,T10,Premise,"The phenomenal progress in medical science in the last decade was a huge achievement for human being to make the world a healthier and, thus, a happier place to live in"
essay152,T11,Premise,even some disabled people with serious vertebral injuries can start doing physical activities like walking again thanks to the continuingly efforts of biomechanical engineers and neurologists
essay152,T12,Premise,The advancement in drug delivery systems is another example that could save lives
essay152,T13,Premise,"scientists could invent ways to lead drugs directly to the damaged organs of the body, which is a miraculous breakthrough"
essay152,T14,Claim,the increase in the average age of human from 50 to around 75 years through last decades is a strong evidence to show how successful human was in medicine
essay153,T1,MajorClaim,higher school students should be made aware of the money management
essay153,T2,MajorClaim,students understanding the money management techniques will have more positive effects than negative impact
essay153,T3,Premise,"when secondary school students attain the age of undergoing graduation, students ought to stay in hostels or with friends and away from family, during such situations when money management is taught at an early age students will have increased sense of responsibility and confidence"
essay153,T4,Premise,"while I was a kid my father used to maintain expense log for the month, I was asked to do the same for my keep track of my pocket money expenses, during my future course of life this became a practice and helped me in planning my expenses"
essay153,T5,Claim,teenage students need to understand the money management basics
essay153,T6,Premise,"if financial management is taught at an early age, students will have better sense of understanding of their family financial background and status, students coming up with unrealistic whims and fancies are minimized"
essay153,T7,Premise,buying a gaming console may not be a big deal for a student from an affluent financial background
essay153,T8,Premise,for a student coming from middle class buying a gaming console may not be the need of the hour
essay153,T9,Claim,having exposed to money management at a high school level will help them in prioritizing the financial commitments efficiently
essay154,T1,MajorClaim,I prefer to live with a roommate
essay154,T2,Claim,"it saves me money, enables me to socialize, and allows me to get help"
essay154,T3,MajorClaim,"I prefer to live with a roommate, and I always will"
essay154,T4,Claim,many people decide to live alone for various reasons
essay154,T5,Claim,"it offers me many advantages, such as less spending, more socializing, and more help"
essay154,T6,Claim,Living with a roommate saves me a lot of money
essay154,T7,Premise,"If you have roommates, you can split the rent and utilities among them"
essay154,T8,Premise,you can get more for less
essay154,T9,Premise,"last year, I shared a room off-campus with my friend, and we decided to split the rent and heating bills into half: I was able to save about fifty dollars for heating, and two hundred dollars for rent monthly"
essay154,T10,Premise,I was able to save a lot of money by sharing wasted heating and rooms with my friend and splitting the bills
essay154,T11,Claim,living with a roommate also enables me to socialize more easily
essay154,T12,Premise,It is always easier to socialize when you have a lot of people around you
essay154,T13,Premise,You can invite your roommates' friends over to your room and have fun together
essay154,T14,Premise,"one night, my roommate, Millan, brought his friends along"
essay154,T15,Premise,"Even though his friends and I were total strangers to each other, we quickly got to know each other"
essay154,T16,Premise,We soon found out that everyone loved playing video games
essay154,T17,Premise,"We played a video game called 'Halo' together all night, and became good friends"
essay154,T18,Premise,Living with a roommate made socializing much easier for me
essay154,T19,Claim,living with a roommate allows me to get help
essay154,T20,Premise,It often is the case that your roommates have the skills or knowledge you need
essay154,T21,Premise,"When you run into a problem, you can ask your roommates if they can help"
essay154,T22,Premise,Some of them may have something to offer
essay154,T23,Premise,"when my computer mysteriously broke down, I dialed up the manufacturer and asked for help"
essay154,T24,Premise,They failed to give me any useful solutions
essay154,T25,Premise,"To my surprise, one of my roommates noticed my problems and offered to help"
essay154,T26,Premise,"He was very good with computers, and he managed to fix the problem quickly"
essay155,T1,MajorClaim,"smoking should not be permitted, especially in public places like restaurants"
essay155,T2,Claim,it will make the non-smokers breathe uncomfortably
essay155,T3,Claim,Smoking in restaurants will absolutely disturb other people in enjoying their meals
essay155,T4,Premise,restaurants are places where people come and pay some money to enjoy their meals
essay155,T5,Premise,They will not be able to enjoy their meals while breathing in smoke around them
essay155,T6,Claim,Smoking in restaurants can give a bad example to the children
essay155,T7,Premise,restaurants are places that people usually come with their families
essay155,T8,Premise,"there will be children, grandparents, as well as pregnant women inside the restaurants"
essay155,T9,Premise,Children have a high potential to imitate what adults do
essay155,T10,Premise,they have really high curiosity towards something
essay155,T11,Claim,"Smoking in restaurants also can affect the elders' health, especially if they have problems with their hearts and lungs"
essay155,T12,Premise,The most dangerous people that would be affected by smoke are the pregnant women
essay155,T13,Premise,they will breathe in the contaminated air and it will disrupt the growth of the babies
essay155,T14,Claim,it is unfair for passive smokers
essay155,T15,Premise,they do not smoke but they have same health risks as the active one
essay155,T16,Premise,passive smokers will have a lot of health risks
essay155,T17,Premise,"When they are around the active smokers, they will inhale hazardous smoke"
essay155,T18,Premise,"Stroke, heart disorders, hearing loss, and cancers are some diseases that can attack passive smokers"
essay155,T19,MajorClaim,smoking should not be permitted in restaurants
essay155,T20,Claim,there will be a lot of people get disadvantaged
essay156,T1,MajorClaim,"violence in movies has negative effects on youngsters mostly on their behaviors, emotions & study"
essay156,T2,MajorClaim,"growing of violence in films have definitely negative effects on youngsters mostly on their study, emotions and behaviors"
essay156,T3,Claim,unexpectedly the violent behavior has effected on child’s behaviors
essay156,T4,Premise,"In this case, the child would imitate the actor's behaviors in order to look like to him"
essay156,T5,Premise,Imagine an actor who is a child’s favorite is doing violent roles
essay156,T6,Premise,Nowadays children are more involved in TV programs
essay156,T7,Premise,children behaviors are the most concerning matter which parents are always trying to do their best
essay156,T8,Claim,"if these scenes are in TV, they would probably have their negative effects on the viewer who could be a child"
essay156,T9,Premise,killing is worse
essay156,T10,Premise,dying is always a disappointing happening
essay156,T11,Premise,"human beings are very sensitive, especially of youngsters"
essay156,T12,Claim,the study of a youngster would affected terribly
essay156,T13,Premise,it is obvious that he wouldn’t be able to concentrate on his study perfectly
essay156,T14,Premise,he is thinking about the movie or whatever has happened in it
essay156,T15,Premise,he has to study for the exam
essay156,T16,Premise,a child watches a frightening movie
essay156,T17,Premise,the study of youngsters shall always been controlled
essay157,T1,MajorClaim,information is power
essay157,T2,Claim,by using different sources of information we can guarantee its reliability
essay157,T3,Premise,"Some people may disinform you on purpose, that's why it is rather unwise to make conclusions before you are confident of the information"
essay157,T4,Premise,"Russian news announced that the war between Osetia and Georgia had been initiated by Georgia, however, european news announced that it was initiated by Russia"
essay157,T5,Premise,"After a while the situation became clear, but before that a lot of people had already condemned the actions of Russia"
essay157,T6,MajorClaim,"it is very important to be confident of the information, which you use, especially when your conclusion or decision may have a great influence"
essay157,T7,Claim,you have to look through different sources before you manage to find some reliable facts
essay157,T8,Premise,It is possible to make a wrong decision
essay157,T9,Premise,"you have just used someone's personal opinion as a source of information, but it was actually wrong"
essay157,T10,Premise,"several years ago in Moscow salt became two times more expensive only in one week, because people thought that soon there would be no salt in the shops"
essay157,T11,Premise,"The gossip-based information dramatically influenced the prices and only after official announcement the ""salt-panic"" was over"
essay157,T12,Premise,"it is very important to know facts about some events or problem, not only estimations"
essay157,T13,Premise,it can help you to make your own conclusion or estimate
essay158,T1,MajorClaim,all of the old building which contribute to our sense of culture should be conserved
essay158,T2,MajorClaim,we should restore those building
essay158,T3,Claim,old buildings process the most outstanding feature of areas which contain them
essay158,T4,Claim,governments can construct more accommodation instead of preserving old buildings
essay158,T5,Premise,the preservation is very expensive because all components of old buildings have historical values
essay158,T6,Premise,"As a result of the rapid urbanization process, in which rural people must go to urban centers to look for job opportunities, the question of the preservation of old buildings has become more pressing"
essay158,T7,Premise,Old buildings are an essential part of history
essay158,T8,Premise,Tourist often decide to discover the culture of a country when they visit through those old buildings
essay158,T9,Claim,managers of cities can earn more money from the attraction provided by old buildings and that amount can be spent on their conservation
essay158,T10,Premise,the preservation of old buildings is also a ways to conserve our culture and everyone can learn much from them
essay158,T11,Claim,Old buildings should be used as the culture museums and provide accommodation with more convenient for people who live there
essay158,T12,Claim,"Many cities have development strategies as a city contains both unique and modern beauty, and that preservation help to finish half of work"
essay159,T1,MajorClaim,the popularity of mobile phones to the young generation is a bad development
essay159,T2,MajorClaim,the negative impacts brought about by mobile phones are harmful to a person’s education and character
essay159,T3,Claim,many young owners of cellular phones are struggling at school because they are distracted most of the time with their phones
essay159,T4,Premise,"Games and applications installed in phones have occupied much of their time, leaving them lesser time for their studies and other school activities"
essay159,T5,Premise,internet capable phones help influence the young ones to become more interested in chatting and social sites rather than doing school works
essay159,T6,Premise,"In my college days, I was once addicted to a certain game on my cellular phone"
essay159,T7,Premise,I have spent most of my time trying to reach a higher level to show-off to my friends
essay159,T8,Premise,That goal has led me to my lost in interest on doing my homework and I ended up failing one subject in that semester
essay159,T9,Claim,juveniles who possess mobile phones have great tendencies to become materialistic
essay159,T10,Premise,They would not only purchase a phone because of its functionality but also for its brand
essay159,T11,Premise,they would need their parents to support them financially for what they want
essay159,T12,Premise,most of these juveniles are students
essay159,T13,Premise,"An illustration of this unfortunate trend can be seen almost everywhere these days, wherein most teens at an early age own phones which are worth twice the salary of their parents"
essay159,T14,Premise,these do not come at a significant and inexpensive cost
essay160,T1,MajorClaim,Government should decide for punishment case by case basis
essay160,T2,MajorClaim,"it should taken into consideration the situation and conditions, that forces to a person to be a criminal"
essay160,T3,Claim,if there will be a fixed punishment for each type of crime then it will lead to increase the crime
essay160,T4,Premise,the punishment will be clear in the mind of professional criminals and they will not feel fear while committing a crime
essay160,T5,Premise,laws and rules are there for people
essay160,T6,Claim,it is necessary to have a look behind crime
essay160,T7,Premise,The person who committed crime first time and the professional criminals should not be imprisoned at same place
essay160,T8,Claim,fixed punishment will reduce the time taken by judges to give their judgement and it will be effective economically for the Government
essay160,T9,Premise,Everyone should be treated equally
essay160,T10,Premise,sometimes we see that a poor person who do not have much money for hiring a good lawyer they get imprisoned even without committing a crime and when they come back to the society they become a professional criminal
essay160,T11,Claim,fixed punishment will reduce the space between poor and rich people and everyone will understand the importance of each other
essay160,T12,Premise,"a women steals feed for her child should be treated same as a women, who steals for her drug addiction"
essay161,T1,MajorClaim,I myself prefer to spend my leisure time outdoors
essay161,T2,Claim,it is good for health and keep my body fit
essay161,T3,Claim,outdoor activities enable me to socialize with other people and enjoy natural beauty
essay161,T4,Claim,doing outdoor activities such as soccer and baseball is good for one's health
essay161,T5,Premise,"last year, I spent my summer time playing soccer and baseball"
essay161,T6,Premise,Playing baseball provided my upper body for hitting and throwing
essay161,T7,Premise,"Soccer, on the other hand, developed my lower body for kicking and endurance for playing full 90-minute-games"
essay161,T8,Premise,practicing these sports helped me greatly
essay161,T9,Premise,"playing these sports is to keep my body fit, make me ultimately refreshed"
essay161,T10,Premise,"After that summer, my body is stronger and endurance is better"
essay161,T11,Claim,Outdoor activities not only improves my health but also gives me chances to communicate with more people
essay161,T12,Premise,"When I was ten years old, I was a shy girl"
essay161,T13,Premise,My mother took me to The National Camp
essay161,T14,Premise,"At first, I just ate and played alone"
essay161,T15,Premise,"But on the third day, while I was swimming, a friendly girl came and greeted me, we became friend later and she taught me how to swim effectively"
essay161,T16,Premise,"On the next day, we played together and she introduced me to her friends"
essay161,T17,Premise,"Thanks to her and outdoor activities such as going skiing, climbing the mountain, I had a lot of friends since The National Camp"
essay161,T18,Premise,"If, for example, I hadn't participate in that camping, I wouldn't have had many friends like today"
essay161,T19,Claim,"you can also enjoy the beautiful nature when doing some outdoor activities like going hiking, sunbathing, going biking"
essay161,T20,Premise,"If you spend your spare time at home or something like that, you can't enjoy beautiful nature"
essay161,T21,Claim,"Spending time outdoors, people can breathe fresh air, feel the warm sun on their face and enjoy the complete peace that only nature brings"
essay161,T22,Claim,indoor activities are fun
essay161,T23,Premise,"There's no doubt that indoor activities like reading a book, watching TV or listening to music can bring us lots of joy"
essay161,T24,Premise,this advantage cannot outweigh the attractions coming from outdoor activities
essay161,T25,Claim,I can also have fun in indoor activities
essay161,T26,MajorClaim,I myself choose outdoor activities to spend my leisure time
essay162,T1,MajorClaim,cheap flight can make many serious problem
essay162,T3,Claim,"cheap air fares have broadened travel possibilities for many people, particularly for the lower income group"
essay162,T4,Premise,"These days, millions of people can travel around the world for work or pleasure"
essay162,T2,Premise,"They can develop their careers, broad their knowledge, and interact with many other people from varied cultural backgrounds"
essay162,T5,Premise,"travels also help to promote the tourist industry development, boost the economy and job markets of many countries"
essay162,T6,Claim,growing of cheap flights really have negative impact on environment
essay162,T7,Premise,more flights could mean bigger and busier airport that may be grown the air pollution for people who live and work close to it
essay162,T8,Premise,the biggest concern is the effect on global warming
essay162,T9,Premise,Burning plane fuel can releases carbon dioxid into environment that cause the Earth to heat up
essay162,T10,Premise,"while many efforts are being made to reduce CO2 emissions from cars and factories, nothing is being done to reins the airlines"
essay162,T11,MajorClaim,the drawbacks of cheap air fares outweigh the benefits
essay163,T1,MajorClaim,I prefer to live in a big city
essay163,T2,Claim,I have always wanted to find a job in a big company which locates in a prosperous city area
essay163,T3,Premise,I will absolutely choose a place to live that is not too far from my workplace
essay163,T4,Premise,I can save plenty of money on transportation if I choose to live in the city
essay163,T5,Claim,life in a big city will not be so dull as in a small town
essay163,T6,Premise,You can enjoy modern life and have more access to the advanced facilities
essay163,T7,Premise,"you can visit museums to learn history, and go to a more equipped library to enjoy reading, or you can go to a sports center for exercising"
essay163,T8,Premise,a small town may be less developed to satisfy all these kinds of needs
essay163,T9,Claim,"living in big cities means more exposure to stimulation, like all kinds of information"
essay163,T10,Premise,"If one can efficiently acquire the information, then, there might come along more opportunities for him to achieve his goals"
essay163,T11,Premise,"there are various advertisements here an there, whether on the leaflets or on the big screen showing things of all sorts in commercial zones"
essay163,T12,Premise,"If one is seeking a job right in the city or planing somewhere to travel, or just wants to buy a product in a dependable store, he might refer to what he has seen or heard from the advertisements to make a relatively wise choice"
essay163,T13,Claim,There is also another obvious advantage of living in a big city considering the chance of receiving better education of our offspring
essay163,T14,Premise,"Schools in big cities may receive more funds from whether the local comities or the government, which may make them more equipped with advanced teaching facilities and attract more excellent teachers"
essay163,T15,Premise,Our children thus will have a better chance of pursuing high-quality education which is very important for their future development
essay163,T16,MajorClaim,"if I want to live a more convenient life with more access to modern facilities as well as with more exposure to various opportunities, and have my children receive a better education, a big city is the place to live in"
essay164,T1,MajorClaim,providing professional training can be effective in encouraging further good work
essay164,T2,Claim,"we can unleash uncomfortable in training classes by making new friends, joking in class, enjoying new knowledge"
essay164,T3,Premise,training time can provide employee interesting time outside working office to refresh their mind
essay164,T4,Premise,"in company we always have to deal with so many stressful situations such as negotiating with difficult customer, complaining from boss, etc"
essay164,T5,Premise,they will think about develop long term career with their company
essay164,T6,Premise,employees will be very proud of themselves when they are provided training while others don't have this opportunity
essay164,T7,Claim,employees fell that they are valuable if they are trained
essay164,T8,Premise,the employees know that their company is investing on them for future development of their company
essay164,T9,Claim,providing training will make employees happy with their current job
essay164,T10,Premise,it help them improve their professional business knowledge
essay164,T11,Premise,Having professional training help employees gain more confidence in their business
essay164,T12,Premise,they will finish their jobs with excellent result
essay164,T13,Premise,excellent working result will make them very happy as well as their boss
essay164,T14,Claim,providing professional training as a reward for good work has many advantages
essay164,T15,Premise,"Training can help employees refresh their mind as well as make them happy, focus on work"
essay164,T16,MajorClaim,training can be effective in encouraging further good work
essay165,T1,MajorClaim,going to classes should be optional for students
essay165,T2,Claim,sometimes the students in the university can learn better from other sources outside the class room
essay165,T3,Premise,Student can also study by themselves in the library and focus on only the topic they do not understand
essay165,T4,Premise,I have a close friend who was in the same department with me in the university
essay165,T5,Premise,She learned quickly and understood everything in class so fast
essay165,T6,Premise,she rarely went to class but spent most time to understand confusing topic
essay165,T7,Premise,she got very good grade when she was graduation
essay165,T8,Claim,they can manage the time spending on classes to do other benefit things if they already understand topic in the class very well
essay165,T9,Premise,many times I did not attend biology class because my university does not require the students to attend classes
essay165,T10,Premise,I had already studied all biology topics before attending university
essay165,T11,Premise,I spent the time of biology class to do my Chemistry research and got A+ for both biology and chemistry
essay165,T12,MajorClaim,attending classes in the university will not be required to the students anymore
essay165,T13,Claim,the students should know what activities they should do at the time and have good management for their learning time
essay166,T1,MajorClaim,I would prefer to live in a city
essay166,T2,Claim,I am eager to get a good job and explore different places
essay166,T3,Claim,a big city can offer me many more vacancies than a small town
essay166,T4,Premise,Big city life provides many opportunities
essay166,T5,Premise,it will be easier for me to find an engineering job in the city
essay166,T6,Premise,Electrical engineering deals with problems concerning electricity supply
essay166,T7,Premise,"There are numerous bars, cafes and restaurants where I can go with my friends"
essay166,T8,Premise,Multinational cities have restaurants with different national cuisines
essay166,T9,Premise,"I am fond of Italian food, and if there is an Italian restaurant in the city, I will definitely visit it"
essay166,T10,Claim,"At the weekends, there is a great number of things to do in the metropolis"
essay166,T11,Claim,Cultural life of a metropolis is always an entertaining one
essay166,T12,Premise,A night club is an interesting place to visit for young people
essay166,T13,Premise,"There a person can listen to music, make new friends or enjoy a a drink alone"
essay166,T14,Premise,"I am keen on museums and it would be a pleasure for me to spend several hours a week in front of famous paintings, sculptures or artifacts"
essay166,T15,Premise,"On special dates, city offers free exhibitions which are available for everyone who is interested in art"
essay166,T16,Claim,cities have better medical facilities than in the countryside
essay166,T17,Premise,"This can at least assure me that if I feel bad, city can provide a high quality help"
essay166,T18,Claim,while small towns have picturesque nature and pure air
essay166,T19,Claim,big cities offer countless amount of opportunities and entertainment places
essay166,T20,MajorClaim,I would choose to live in a big city
essay167,T1,MajorClaim,computers brought convenience and easiness to our life
essay167,T2,Claim,they enabled easier access to information and increased qualities of the communication
essay167,T3,Premise,"with the use of computers we spend less time in search for information, and can get it from different sources"
essay167,T4,Premise,"Through computers we can collect appropriate data very quickly, store it in the hard disc as long as we want and use it when needed"
essay167,T5,Premise,"Search engines such as google, yandex with many features relevant to the characteristics of the information needed enable search of information in few minutes"
essay167,T6,Premise,"Social networks such as facebook, twitter have changed traditional sources of information and decreasing the monopolization of the information by the governments"
essay167,T7,Claim,computers through internet made our access to information easier
essay167,T8,Premise,"in a globalized world that we live computers made communications faster, visual and cheaper"
essay167,T9,Premise,With the use of email our messages can be delivered to any person in any part of the world in few minutes
essay167,T10,Premise,it is convenient
essay167,T11,Premise,"you do not need to mile to the post office, but just click the mouse of your computer from the convenience of your arm chair in order to reach your friends, family members in any part of the world"
essay167,T12,Premise,"Internet facilities such as msn, skype made visual communication possible"
essay167,T13,Premise,"via skype people not just communicate with their family members and friends, but also make interviews for employment, enrolment into universities"
essay167,T14,Claim,"communication has become cheaper, faster and visual"
essay167,T15,MajorClaim,computers have made life easier and more convenient
essay167,T16,Claim,"it broadened the sources of information and made access more quick, a long with the improving quality of the communication in many ways"
essay168,T1,MajorClaim,There will have many disadvantages if the workers work at home
essay168,T2,Claim,"Mitigating process, no interaction and pressure are these things people should examine when they want to work at home"
essay168,T3,Claim,Doing all jobs at home don't make employees attempt to work like this
essay168,T4,Premise,Each office has its rules that keep workers do their job as effectively as possible
essay168,T5,Premise,The directors manage employers and give them the deadline of projects
essay168,T6,Premise,"Then again, the workers must try their best to finish the time limit"
essay168,T7,Premise,Pressure is motivation
essay168,T8,Premise,"Facebook or Yahoo have been the entertaining websites, however, they are the reasons why people cannot concentrate on their job"
essay168,T9,Premise,The dos and don't at office play important role to prevent these things from workers
essay168,T10,Premise,doing all jobs alone makes employees fall asleep easily
essay168,T11,Premise,the project cannot being done
essay168,T12,Premise,The best condition might not be good for people
essay168,T13,Claim,Computers and modems bring works to home but these still have many things distract their mind
essay168,T14,Claim,Interaction has been an advantage for workers at offices
essay168,T15,Premise,Discussing and debating Projects together increase working ability
essay168,T16,Premise,all we know that the target can be reached fast thanks to working of many people
essay168,T17,Premise,interaction help employees improve their communicational skills
essay168,T18,Premise,they will have more and more friends and relationships
essay168,T19,Premise,Interaction is a factor increasing working quality
essay169,T1,MajorClaim,Professors could combine doing research and preparing good courses in a dynamic way
essay169,T2,Claim,"Only by developing students, can we have a better academic field"
essay169,T3,Premise,conducting research is helpful for professors and students to some extent
essay169,T4,Premise,the precondition of doing research is growing students’ solid theory fundamental
essay169,T5,Claim,the research takes up too much teaching time
essay169,T6,Premise,research could bring funding and latest achievements in the field
essay169,T7,MajorClaim,professors should spend more time on preparing courses than research
essay169,T8,Premise,professors should assist students to acquire knowledge
essay169,T9,Claim,professors could teach students through research and projects
essay169,T10,Claim,professor should concern about preparing class
essay169,T11,Claim,professors should pay more attention on how to teach students rather than conduct research
essay169,T12,Premise,"The professors’ duty is to nurture students, and prepare excellent courses"
essay169,T13,Premise,"If professors spend a lot of time on research, he will cut the time on preparing courses is reduced, which may decrease the quality of classes"
essay169,T14,Premise,The reason why people enter a university is that they want to learn cutting-edged technologies
essay169,T15,Premise,professors should provide well-preparation courses to convey the state-of-art knowledge for college and university students
essay169,T16,Premise,"if professors are busy in doing research, ignoring preparing appropriate courses for students, it would ruin the reputation of universities"
essay169,T17,Premise,"Students are unsatisfied with the unprepared course, and the enrollment of universities may decline"
essay169,T18,Premise,Many students would not choose these kinds of universities to study
essay169,T19,Premise,hardly can professors find assistants to help with projects
essay169,T20,Claim,"spending more time to nurture excellent students is more consequential to professors, rather than research"
essay169,T21,Premise,Some students enjoy taking part in some research
essay169,T22,Premise,"Through to use the equipment and invent their own work, they may get more experience in the process of research"
essay169,T23,Premise,"electronic students always invent new machines such as robots, MP3 and remote control car"
essay169,T24,Premise,They can manage the electric theory in practical skills
essay169,T25,Premise,And some students will be rewarded by investing new inventions
essay169,T26,Premise,"only under specific circumstance, when students master all of the systematic knowledge, can they accomplish research"
essay169,T27,Premise,This is requires professors provide high quality courses
essay169,T28,Premise,It is adverse to the whole academic field
essay170,T1,Claim,technological progress causes corresponding problems
essay170,T2,MajorClaim,it still provides us with much more advantages
essay170,T3,MajorClaim,there were many remarkable achievements in technology fields that have numbers of beneficial effects on the whole society or individuals
essay170,T4,Claim,the development of technology can prompt economic growth and the improvement of living standards
essay170,T5,Premise,"Scientists and engineers have invented many novel products and tools, which play an important role in economic activity"
essay170,T6,Premise,"Because of the technology of internet and air transportation, businessmen are able to handle plenty of international trade and financial transactions"
essay170,T7,Premise,This also helps many countries to more efficiently export their products to the world and increase their revenue
essay170,T8,Claim,advanced technology enables people to enhance their living-level and health care standard
essay170,T9,Premise,"With the improvement of medical technology, it is obvious that the life expectancy in many countries has been significantly longer than before, and many serious diseases are under control"
essay170,T10,Premise,we could get more happiness from technology
essay170,T11,Premise,Digital entertainment technology allows people to enjoy playing interactive video games and watching three-dimensional movies
essay170,T12,Claim,the development of technology is likely to bring some negative effects on the environment and society
essay170,T13,Premise,"People utilize architecture technology to construct buildings to expand urban areas, and fuel companies apply drilling technology to extract a great amount of fossil oil in natural regions"
essay170,T14,Premise,This would pose a large threat to the ecology and environment
essay170,T15,Premise,"Vehicle technology enables many people to drive private cars, and emission of exhaust gas could lead to air pollution in large cities"
essay171,T1,MajorClaim,governments should devote a greater portion of their health budgets to health education and means for precautions
essay171,T2,MajorClaim,a greater proportion of the budget should be allotted to education and prevention issues in comparison with treatment due to achieve more effective health system and greater level of well-being
essay171,T3,Claim,society should be educated and became aware of health issues
essay171,T4,Premise,the potential precautions on the way of illnesses can be taken instead of trying to provide treatment for the increasing number of patients
essay171,T5,Premise,decreasing the number of patients in the health system can lead hospitals and healthcare centers to be managed effectively which will result in better treatments for current patients
essay171,T6,Claim,a government's role should be providing means that lead its citizens to learn how to prevent from potential illness that can cause misery in people's lives
essay171,T7,Premise,there is nothing more important than health in a human's life and the happiness and welfare come with health
essay171,T8,Premise,the marketing campaign of Ministry of Health in Turkey which aimed smoking problem among the youth increased the well-being of those who quit smoking and adapted a better lifestyle after the campaign
essay172,T1,MajorClaim,I would prefer to live in an apartment in the community rather than in the university dormitories
essay172,T2,MajorClaim,the advantages of living in an apartment outshine those of living in a dormitory
essay172,T3,Claim,an apartment provides a lot more freedom than a dormitory
essay172,T4,Premise,"While in a dormitory you have to obey preset rules, in the apartment you set your own rules"
essay172,T5,Premise,You are free to have visits at any time or to be left alone if you want
essay172,T6,Premise,An apartment offers more privacy
essay172,T7,Premise,you can choose to have your own room instead of sharing with another student
essay172,T8,Premise,you also get more space than you would in a dormitory
essay172,T9,Claim,an apartment is more expensive
essay172,T10,Premise,you could rent the extra rooms in the apartment to other people and rent would be a lot cheaper
essay172,T11,Premise,"Transportation is another issue, you have to go to and return from the university everyday"
essay172,T12,Premise,"You could choose to use public transportation, a cheaper option, or to have a car"
essay172,T13,Premise,"The car is an expensive option, but also offers freedom of schedule and destination"
essay172,T14,Claim,the studying conditions are better in an apartment
essay172,T15,Premise,you don't have all the noise and distractions that you often have in dormitories
essay172,T16,Premise,A lot of students often complain about their roommate playing music too loud or bringing friends over at inappropriate times
essay172,T17,Premise,you would be able to concentrate better
essay172,T18,Premise,in an apartment you don't have a roommate
essay172,T19,Premise,you won't have this problem
essay172,T20,Premise,"you won't have a problem if you are the one who wants to play music, bring friends over, or study late at night"
essay172,T21,Premise,You set your own schedules
essay172,T22,Premise,"living in a dormitory, and being surrounded by students also has some advantages, like being able to get help with any academic issues from them"
essay173,T1,MajorClaim,"zoos provide social interaction, education, and develop qualities such as animal respect and understanding"
essay173,T2,MajorClaim,zoos are very useful
essay173,T3,Claim,in some of them the animals are not very well taken care of and they do not have good and clean facilities
essay173,T4,Premise,This is mostly true but does not relate to the purpose of zoos
essay173,T5,Claim,"The zoo is a great reason for spending time with the family, it is a great activity that can be enjoyed every family member, from little children to grandparents"
essay173,T6,Premise,"When people visit the zoo, they normally do it in a group, with their families, or as a part of a school group activity"
essay173,T7,Premise,"In the zoo they interact with each other and are able to relax and look at the animals, play with some of them, comment on their appearance and behavior, and laugh at their funny customs"
essay173,T8,Premise,Nowadays families do not spend as much time together as they used to a couple of decades ago
essay173,T9,Premise,"Animals, the different species, their habitats and behaviors are a subject of study at schools and universities"
essay173,T10,Claim,Visiting the zoo would help the students understand what they learn at school
essay173,T11,Premise,"We can learn a lot from books and lectures, but there is an even better way to learn, that is visuals and personal experience"
essay173,T12,Premise,"If you visit the zoo, you get to watch the animals, their customs, what they eat and how they eat it, as well as which characteristics the different species have"
essay173,T13,Premise,"In the zoo you can see an animal and their different variations, the male and the female or the baby and the adult"
essay173,T14,Premise,"It offers a great opportunity to observe their reactions to different situations, such as weather, specie and genre interaction, defense behavior, or protection of their babies"
essay173,T15,Premise,it will also help identify which animals could be dangerous
essay173,T16,Claim,a visit to the zoo will help increasing someone's respect and appreciation for animals
essay173,T17,Premise,Being able to see the animals in real life and learning facts about them would help by making people aware of the importance of animals and the respect they deserve
essay173,T18,Premise,"It is a lot easier to appreciate something after you have seen it, and learned from it"
essay173,T19,Premise,"This is especially true for people living in the city, where the only animals they normally interact with are pets like cats and dogs"
essay173,T20,Premise,In the present there is a lack of respect for animals
essay174,T1,MajorClaim,"I prefer the serious movies which are simple, touching and powerful"
essay174,T3,Claim,most serious movies have a wide variety of content
essay174,T4,Premise,Entertaining movies are created to amuse people
essay174,T5,Premise,most entertaining movies are empty and nonsensical
essay174,T6,Premise,"Compared with the entertainment film, the serious film may be more worthwhile and meaningful"
essay174,T7,Claim,the hidden meanings of serious movies are usually beyond words and images which make us think about ourselves
essay174,T8,Premise,"""Click"" is a very interesting comedy, with a serious approach about the importance of having a balanced life between family and work businesses"
essay174,T9,Premise,"The movie is humorous and satiric,which leads us to think what is the most valuable of our lives, and it reminds us how important our families are"
essay174,T10,Premise,"Serious movies usually designed to express one or more thinking about love, humaneness"
essay174,T11,Premise,it may point out the dark sides of the society
essay174,T12,Premise,some of serious movies try to make you think about the dark sides of the world
essay174,T13,Premise,"""Blood diamond"", an adaptation of a real story in South Africa, focuses on the link between diamonds and conflict"
essay174,T14,Premise,"After watching the movie, we may learn a lesson between jewels and death"
essay174,T2,Premise,"Diamonds are not rare or a sign of true love; indeed, the hidden meaning of a diamond is a cruel reality"
essay174,T15,Claim,serious movie tell you how to see the world in a different way
essay174,T16,MajorClaim,I prefer to see those serious movies which make people have deep thoughts toward their real lives
essay175,T1,MajorClaim,media is overemphasizing the personal lives of famous people in this modern society
essay175,T2,MajorClaim,disadvantages of overemphasizing on personal lives of famous people by media outweigh its advantages
essay175,T3,MajorClaim,paying too much attention on personal lives of famous people may be a serious problem
essay175,T4,Claim,media provide information about an event that recently occurred somewhere and which is important to the people
essay175,T5,Premise,The most important of all is that the essence of coverage accurate and not based on gossip
essay175,T6,Premise,journalism is changing
essay175,T7,Premise,"Some reporters are more interested with gossip than news relating to public issues, paying too much attention to the personal lives of famous people"
essay175,T8,Claim,sensationalism distract the viewers from public or social problems
essay175,T9,Premise,"these personal reports of famous people, unimportant information or distorted stories, will not solve problem related with the society"
essay175,T10,Premise,"yellow journalism block the viewers from significant news, such as education, environment and public issues"
essay175,T11,Premise,"The media face the challenge that media executives must choose the content, which can attract the audience"
essay175,T12,Claim,gossip involves misleading images for the purpose of boosting newspaper sales or exciting public opinion
essay175,T13,Premise,"The audience may see a lot of photos in the kind of reports, which seems to tell a story"
essay175,T14,Premise,it is unfair that the ridiculous coverage may be a vexation for the famous people who are reported
essay176,T1,MajorClaim,a quintessence of any visit to an excellent museum of a new place would be the best part of a tour
essay176,T4,Claim,museums can help us know the history and the customs of a new place
essay176,T5,Premise,it is easy to know the history of the new place
essay176,T6,Premise,"Last year, I went to Ellis Island and the immigration museum, where is a symbol of American immigration and the immigrant experience in the New York"
essay176,T7,Premise,"Through the exhibit, I found that the Statue of Liberty symbolized freedom, and Ellis Island may be the place, where the immigration took their dreams and fears"
essay176,T8,Claim,visiting a well-known museum also can broaden our horizon
essay176,T2,Premise,"Those outstanding and diverse range of objects,with classic and magnificent art, is guaranteed to inspire us"
essay176,T3,Premise,"In my city, National Palace Museum is celebrated for collection of ancient Chinese artifacts"
essay176,T9,Premise,"To my astonishment, Jadeite cabbage is the most famous artistic work, which is made of jade, is vividly shown"
essay176,T10,Claim,a local museum could be a top choice and destination for tourist to visit
essay176,T11,Premise,"Someone take a trip without making any plans, so they may waste their time on shopping or staying at their hotel"
essay176,T12,Premise,visiting a museum saves their precious time for making a decision
essay176,T13,Premise,a local museum represent its own typical culture so that visitors may easily acquaint with the new place in a short time
essay176,T14,MajorClaim,"if we have a chance to visit top museums in the world, we must stop by these museums"
essay176,T15,Claim,it is worthwhile for us to visit a museum of a new place
essay177,T1,MajorClaim,I don't think that technology can replace teachers and classroom
essay177,T2,MajorClaim,distance education can't replace traditional school
essay177,T3,Claim,Studying at home by using technology is convenient
essay177,T4,Premise,The biggest advantage is that your classroom and instructor are available 24 hours a day
essay177,T5,Premise,you could make your own schedule for completing the requirements of the course
essay177,T6,Premise,You can study any time you want
essay177,T7,Premise,"if you aren't extremely dedicated or have good time management skills, it may be very difficult to complete a course at home"
essay177,T8,Premise,it may be a predicament when you face some problems in learning without any help
essay177,T9,Premise,attending an education course at home requires persistence and patience
essay177,T10,Premise,"when you don't have an instructor there to guide you, it is up to you to make sure that you understand and complete all course requirements"
essay177,T11,Claim,Students may raise questions and they may have problems of understanding some specific topics or subjects
essay177,T12,Claim,Students may find that it is hard to study without being kept under supervision
essay177,T13,Premise,"If you are the type that gets easily distracted, a distance-learning program may not be for you"
essay177,T14,Premise,studying at home is very different from traditional learning
essay177,T15,Premise,"Unlike traditional classes, distance education courses don't take place in a classroom, where you are surrounded by your teachers and classmates"
essay177,T16,Claim,there is an advantage of traditional school - socialization- establishes relationship with classmates
essay177,T17,Premise,We can learn a lot from programs at home
essay177,T18,Premise,our computers or televisions can't teach us how to get along with people
essay177,T19,Premise,students may learn how to cooperate with classmates from teamwork
essay177,T20,Premise,Studying alone at home might deprive us of these significant and valuable opportunities
essay178,T1,MajorClaim,it is a good idea to build a large shopping center in our community
essay178,T3,Premise,the establishment of a large shopping center will provide the residents a more convenient place to go shopping
essay178,T4,Premise,"Queens Center Mall, a shopping mall located in Queens borough of New York City, provides a wide vairtey of stores, products and services, from clothing to electronics and restaurants, that consumers can choose"
essay178,T5,Premise,it is one of the most productive malls in New York
essay178,T6,Premise,"I could find virtually every brand or store, including Macy's and JCPenney, when I visited there"
essay178,T7,Claim,a large shopping mall provides a location for residents to pursue during their leisure time
essay178,T8,Claim,it not only provides a place to shop but also offer people jobs
essay178,T9,Premise,There may be a great number of job vacancies in the need of opening the new stores in the shopping mall
essay178,T10,Premise,It could be an opportunity for people who are looking for a part-time job or a full time job
essay178,T11,Premise,Some students and retirees may work there in order to whiling away their free time and earning money
essay178,T2,Claim,"it is more likely for us to buy goods in lower price in the shopping center, and save our time on the other hand"
essay178,T12,Premise,There may be a competition between the new shopping center and other existing stores to attract the customers
essay178,T13,Premise,"with sales promotion, it is easy for consumers to compare the price of the same merchandise before they buy"
essay178,T14,Premise,the residents do not have a problem spending time on commute in the hope of setting up a shopping center near their homes
essay178,T15,MajorClaim,"I advocate building a big shopping center in my neighborhood, which will be beneficial to our community"
essay179,T1,MajorClaim,stress management is an essential skill for everyone to learn and find their own way to solve their stress
essay179,T2,MajorClaim,"stress management, how to survive our unbearable stress, is the most important skill that we should have"
essay179,T3,Claim,"if we don't have a good stress management skill, it may lead to some critical problems"
essay179,T4,Premise,"Stress, our body's way of responding to any kind of demand, can be caused by both good and bad experiences"
essay179,T5,Premise,Stress may be a positive mobilization to drive for success
essay179,T6,Premise,"it is widely thought that we experience stress any time, which comes across unexpectedly that frustrates our goals"
essay179,T7,Claim,stress management recently becomes a more significant issue in our realization
essay179,T8,Premise,"Some people regard stress as a power, which overcomes the obstacles to motivate themselves to do their best"
essay179,T9,Premise,"other people cannot charge of their thoughts, emotions, and the way they deal with problems"
essay179,T10,Premise,"In the frenetic, fast-paced world, it is a very common predicament that all of us, from the young to the senior, feel depressed caused by stress, such as financial problems, exam stress, relationship difficulties and work overload"
essay179,T11,Premise,"some people have physical problems, such as insomnia and headaches"
essay179,T12,Premise,"Melancholia, the most fatal problem, even leads some people to commit suicide"
essay179,T13,Claim,it is necessary that we should reduce and cope with our stress in the goal of balancing our mind and body
essay179,T14,Premise,stress takes a toll on our health
essay179,T15,Premise,This is one of the reasons why people were overwhelmed by constant stress
essay179,T16,Premise,"It is known that the modern life is frequently full of hassles, frustrations, and demands"
essay180,T1,MajorClaim,groups or organizations are a vital part for us in plenty of aspects in different ages and in different backgrounds
essay180,T2,MajorClaim,groups provide a place for people to gain experiences or achieve goals
essay180,T4,Claim,almost of us live in the environment of groups
essay180,T5,Claim,"the groups play an essential role in the process of socialization, from children to adults"
essay180,T6,Premise,"We begin taking part in groups or organizations during the early days of life, and especially most people continue their social participation in all through life"
essay180,T7,Premise,"By making teamwork, the children in schools may learn to how to get along with others"
essay180,T8,Premise,"As university students, it is likely for them to join student organization of their major in order to expand their experiences or communicate with others"
essay180,T9,Premise,"After graduating from schools, employees might go to business associations for various business resources and benefits"
essay180,T10,Claim,"By participating in an organization, it is a positive way for people to obtain some experiences on a particular purpose"
essay180,T11,Premise,"A solid group can be a suited environment, which provides people to improve themselves or broaden their horizons"
essay180,T12,Premise,"as a student majoring in mass media, I have taken part in mass media student group for a year"
essay180,T13,Premise,"When being in the department of art, I have not only learned how to do a project, but also known some famous artists during the term"
essay180,T14,Premise,it is advantage which increase an opportunity on my resume for the sake of getting a better job
essay180,T15,Claim,groups and organizations would lead people to take action or achieve their goal
essay180,T16,Premise,"Tzu Chi, a non-profit Buddhism organization in Taiwan, is famous for contributing to the social and community services, and medical care"
essay180,T17,Premise,They bring hopes and inspire others with their generous spirit
essay180,T18,Premise,"For accomplishing their missions, the charity should gather people who are volunteers and sponsors for those difficult tasks"
essay180,T19,Premise,they could have chance to help the people in need from all over the world
essay180,T20,Premise,they lit the light for the poor and victims
essay180,T3,Premise,"humans are a part of the society, and the society includes a wide variety of groups"
essay180,T21,Premise,there are various charities in the world
essay181,T1,MajorClaim,I myself agree with the plan to build the university
essay181,T2,MajorClaim,the benefit from it will outweigh the cost
essay181,T3,MajorClaim,I will be happy to hear that the government has a plan to build a new university in my community
essay181,T4,Claim,"There are many advantages setting up the university such as more opportunities to people in the community to pursue their studies, creation of jobs"
essay181,T5,Claim,This new university will allow a great number of people in my community to have a chance to study
essay181,T6,Premise,suppose you live in a faraway community where there is no single university and you might not want to leave your family
essay181,T7,Premise,"If you would like to attend a business school, you have to travel across the country to get to a distant university"
essay181,T8,Premise,He or she definitely can get in the business school in the proposed community's university
essay181,T9,Premise,a number vacant positions need to be filled
essay181,T10,Premise,"the university will have to hire professors, employees and etc"
essay181,T11,Premise,there will be more opportunities to work in the community
essay181,T12,Claim,This can also help stimulate the local economy
essay181,T13,Premise,"when people have jobs, they will have money to spend on goods and services"
essay181,T14,Claim,building the university may lead to some social problems
essay181,T15,Premise,A number of people then may come from any other communities in order to get in to or get the jobs at the university
essay181,T16,Premise,"When many people congregate in one place, I think that some kinds of social problems will follow"
essay181,T17,Premise,Traffic may worsen
essay181,T18,Premise,More wastes have to be managed
essay181,T19,Premise,Maybe crime rate will also increase
essay181,T20,Premise,These social problems may impair the quality of life in the community
essay182,T1,MajorClaim,individuals should pay their college tuition
essay182,T2,Claim,"it would cost too much, the college education is a personal's choice, and there are many ways to fund a college education"
essay182,T3,MajorClaim,the individual should finance his or her education
essay182,T4,Claim,it would cause too much cost from taxpayers and the governmen
essay182,T5,Premise,it would affect all taxpayers whether or not they benefit from the use of the funds
essay182,T6,Claim,making college education free would cost too much
essay182,T7,Premise,"It would divert public funds from other needs such as law enforcement, infrastructure and so forth"
essay182,T8,Premise,"There are many other needs which should come first, such as providing health care to all American, or improving public schools"
essay182,T9,Premise,it would cause to raise our taxes again and again to fund college education
essay182,T10,Claim,those people should make the financial investment in their own choice; not the government
essay182,T11,Premise,it is a personal choice to go to a college
essay182,T12,Premise,Not everyone wants to go to a college
essay182,T13,Premise,"People who want to make more money, and live a better life than other people decide to take a college education"
essay182,T14,Claim,there are many ways to fund a college education
essay182,T15,Premise,"People who cannot afford to pay their tuition benefit from the scholarship, financial aids, and other funds"
essay182,T16,Premise,the government already helps pay college expense through indirect means
essay182,T17,Premise,"They often provide services such as fire departments, medical assistance, and police protection for the schools and their students"
essay182,T18,Premise,They also provide funds for academic research
essay182,T19,Premise,"While the money is not given to individual students, these contributions are not trivial"
essay182,T20,Claim,it is a personal choice
essay183,T1,MajorClaim,I personally consider this fact as the harmful thing that television has brought upon us
essay183,T2,MajorClaim,it has destroyed communication among friends and family
essay183,T3,Claim,television has some good sides
essay183,T4,Claim,they can be isolated from others
essay183,T5,Premise,people watch television too much
essay183,T6,Premise,"Children, for example, pay more attention on movies, music show provided by television and do not want to do anything else such as going to school or practicing exercise with friends will be taken apart by others"
essay183,T7,Premise,"Gradually, their friends leave them behind either activities or studying"
essay183,T8,Claim,children will learn behavior from what they see on TV not from their parents
essay183,T9,Premise,"with the rapid change of the standard of life, each family has three or four TV in each room is more common"
essay183,T10,Premise,Parents and even children do not want to communicate with each other instead of watching TV in their own room
essay183,T11,Claim,communication between family members is visibly destroyed
essay183,T12,Premise,parents are not able to function their parental care as the necessary thing to children
essay183,T13,Claim,watching too much television people will unconsciously learn bad behavior that sow division among human
essay183,T14,Premise,watching film about terrorist children will be able to consider terrorism as a right thing
essay184,T1,MajorClaim,it is much more gratifying to stay side by side and cheer up the team at the stadium rather than just to stay at home and watch the match alone
essay184,T2,MajorClaim,watching the match live at the stadium is more enjoyable
essay184,T3,Claim,watch a football match on television it is comfortable and pleasing
essay184,T4,Claim,It can be unforgettable moments in your life
essay184,T5,Claim,watching a live football game is an exceptional experience
essay184,T6,Claim,attending a live football match is very fulfilling
essay184,T7,Premise,"Before the match starts, thousands of fans gathering outside of the stadium with team flags, colorful outfits, sound of trumpets and rattles"
essay184,T8,Premise,"As the game kicks off, the atmosphere inside the stadium is even more exciting"
essay184,T9,Premise,"You are watching football stars play the game with your own eyes and sharing your feelings with about 40,000 people at the stadium, such an excitement you can never have when you are watching it at home"
essay184,T10,Premise,"Everybody yells and sings together, the stadium is like bursted out whenever a goal is scored"
essay184,T11,Premise,"See, you will be bored if you are watching it alone"
essay184,T13,Premise,The tickets to get in the stadium may be a little expensive
essay184,T14,Premise,you will gain much more entertainment value from the game
essay184,T15,Premise,You can cherish your experience for a long time
essay184,T16,Premise,it can be an exclusive experience
essay184,T17,Premise,"If it is a crucial win to acclaim a trophy, you will be ""on site"" to witness and celebrate the victory"
essay184,T12,Premise,"You can watch it at home, but ""easy come, easy go"", you will quickly forget it, like a movie"
essay185,T1,MajorClaim,"new forms of energy cannot soon replace fossil fuels such as gases, oil, and coal"
essay185,T2,Claim,due to the limitation of technology renewable resources are relatively expensive
essay185,T3,Premise,Researches in renewable energy cost a huge amount of money which developing countries cannot afford
essay185,T4,Premise,fossil fuels are abundant and inexpensive in many areas
essay185,T5,Premise,"it is estimated that China has the largest deposit of coal in the world and the government does not want to invest too much money on new forms of energy, say expensive solar batteries and wind farms"
essay185,T6,Premise,the plan of renewable resources of energy may face challenges in that not every country can afford the reforming
essay185,T8,Claim,these new forms of energy may not be as clean and green as we think
essay185,T9,Premise,utility companies claim that renewable energy is environmentally friendly
essay185,T7,Premise,Latest studies have shown that these renewable resources of energy are problematic as well and they are very likely to pose long-term environmental hazards
essay185,T10,Premise,the dams built for hydroelectricity influence the water flows of the rivers and sometimes cause drought in areas in front of the dams
essay185,T11,Premise,This damages the habitats of many valuable fish and wading birds
essay185,T12,Premise,the accumulation of heavy metal in the silt on the bottom of the rivers behind the dams is extremely difficult and expensive to clean up; leaving problems for the following generations
essay185,T13,Premise,renewable resources are not as reliable as we think
essay185,T14,Claim,"contemporarily fossil fuels cause serious environmental conundrums such as acid rain, deduction of ozone layer and global warming"
essay185,T15,Premise,these problems can be solved by improving efficiency of the mechanism and reducing emissions
essay185,T16,Premise,we can use chemicals to desulfurize the emissions from plants and vehicles to avoid acid rain
essay185,T17,Premise,These improving methods are often cheaper and simpler compared to the high-tech of renewable energy
essay185,T18,Premise,With these solutions fossil fuels seem more sustainable
essay185,T19,MajorClaim,there is no way those new forms of energy will replace fossil fuels soon
essay186,T1,MajorClaim,"human needs for farmland, housing and industry are more important"
essay186,T2,Claim,protecting endangered animals is necessary
essay186,T4,Premise,"land used for farmland, housing and industry can benefit more to the whole society"
essay186,T5,Premise,"the economy of the whole society will be developed with the help of agriculture, real estate industry and industry, in particularly industry which is the pillar industry of national economy"
essay186,T6,Premise,they produce plenty of profits
essay186,T7,Premise,the society will be stable and harmony due to more farmland and industry
essay186,T8,Premise,more farmlands and industries can provide more job opportunities which can decrease the unemployment rate and crime rate
essay186,T9,Claim,"the needs for farmland, housing and industry are more important"
essay186,T10,Claim,"farmland, housing and industry can satisfy the desire of human that living a better life"
essay186,T11,Premise,"farming, housing and industry provide us the food we eat, place we live, clothes we wear, which are essential to live"
essay186,T12,Premise,"Especially in some poor areas, survival is the most significant thing"
essay186,T13,Premise,highly developed agriculture and industry can improve our living conditions which allow us have a good quality life
essay186,T14,Claim,it can do good to protect the endangered animals
essay186,T15,Premise,"farmland, housing and industry will occupy the land used for endangered animals"
essay186,T16,Premise,agriculture and industry make a contribution to the economy
essay186,T17,Premise,we can have more advanced methods to take care of endangered animals
essay186,T18,Premise,we can invent new technique to help endangered animals to produce offspring to be sure they would not distinct
essay187,T1,MajorClaim,people who learn a foreign language in the country in which it is spoken have a deeper understanding of different language skills than those who learn the same languages in their own countries
essay187,T2,MajorClaim,advantages of learning language in the country in which is spoken outweigh the advantages of the other way of learning of a new language
essay187,T3,Claim,"he can learn most useful idioms, proverbs and so many other things which the former person, person 'A', does not have access to"
essay187,T4,Premise,"when a new learner wants to learn a new language in the country in which it is spoken, he has the opportunity to communicate with natives"
essay187,T5,Premise,He may find native friends and may participate in groups where members are people from the foreign country
essay187,T6,Premise,it leads to better understanding of language essential skills
essay187,T7,Premise,He also has access to the most up-to-date language
essay187,T8,Premise,There are lots of evidences show that communication is the most important factor in learning a new language
essay187,T9,Claim,"When you are exposed to an environment where everybody talks to you in the new language you want to learn and expects you express words from the same language, you are forced to learn it as soon and good as possible"
essay187,T10,Premise,he can set aside enough time and energy dedicated to learning the language
essay187,T11,Claim,Person 'A' who learns a non-native language in his country may receive benefit from a step-by-step teaching method
essay187,T12,Premise,he is not jumping into the foreign country
essay187,T13,Premise,"all these people most likely have learned the language, more or less, in the same way"
essay187,T14,Premise,all the learners are probably from the same country
essay187,T15,Premise,"if I wanted to learn a new language and had enough money to afford the travel, I would definitely make the second choice"
essay188,T1,MajorClaim,physical exercise is a crucial part of every school day
essay188,T2,Claim,"Exercise is good not only for having a good health body, but also for the mind"
essay188,T3,Claim,"including exercise in children's daily routine, it is a good way to teach them the importance of physical activity from an early age"
essay188,T4,Claim,Physical activity helps children to grow up physically healthier
essay188,T5,Premise,"the rate of obesity in children has increased every year, it will be very beneficial for children to have a daily physical activity and get a break from being sitting several hours at school"
essay188,T6,Premise,"exercise will help them to not be less exposed to illness related with cardiovascular, higher blood and cholesterol issues"
essay188,T7,Claim,Daily exercise will help also to develop children's brain function
essay188,T8,Premise,It is well known how important it is to exercise regularly to help the body system to work better
essay188,T9,Premise,"When people exercise, the respiratory system's function is enhanced, helping all organs, including the brain, to get more oxygen in"
essay188,T10,Premise,Daily exercise will provide children with a mental break which will boost them to be efficient learners
essay188,T11,Claim,Having children in the daily exercise routine from an early age will teach them the important value of having physical activity in their every day routine
essay188,T12,Premise,"Children are bombarded with lectures about nutrition and physical activity; however, they will be more beneficed if that knowledge can be put in practice"
essay188,T13,Premise,they can stick with the routine and make the daily physical activities a good habit on their whole life
essay188,T14,Claim,"It will meliorate not only mental and body health, but also will establish in children a habit of doing it, giving them the opportunity to measure the worth of including such an important activity in their daily live schedules"
essay188,T15,MajorClaim,Including physical activity in children's school day should be strongly considered
essay189,T1,MajorClaim,it is not the good idea for teenagers to have job while they are still students
essay189,T2,MajorClaim,it can interfere with their life in various ways
essay189,T3,Claim,many argue that it provide good working experience
essay189,T4,Claim,Having jobs would affect the health of the student
essay189,T5,Claim,It divert their mind from studies and would take away their childhood phase from their life
essay189,T6,MajorClaim,for a teenager it is important to pay attention on their studies
essay189,T7,Claim,"Having job would affect their health, divert them from studies and take away one of the important phase from their life"
essay189,T8,Claim,would affect their mental and physical health
essay189,T9,Premise,"jobs has various responsibilities like attendance, sometimes extra work and so on"
essay189,T10,Premise,"This would result in stress, tension and tiredness"
essay189,T11,Premise,"They won't be able to get proper time for relaxation, sleep"
essay189,T12,Claim,"If the student get involved himself in job in rest of the time, then it would cause an extra burden on them"
essay189,T13,Premise,He has to spend his most of time in school to get a good grades
essay189,T14,Premise,A student has to do lots of studies in today's competitive world to prove himself
essay189,T15,Claim,jobs can divert students from their studies
essay189,T16,Premise,"If students started earning in earlier age in their life, then they get attracted towards money"
essay189,T17,Premise,They feel themselves independent and would prefer to work more for money
essay189,T18,Premise,"This would affect their studies, they loose their interest from studies"
essay189,T19,Premise,they drop out their studies so as to earn more money
essay189,T20,Premise,"the main drawback of teenagers job is that, they miss out the fun of their childhood time"
essay189,T21,Claim,they should take advantage of life as much possible they can
essay189,T22,Premise,"They have whole life to do job and prove themselves, but the childhood phase will never return in their life"
essay189,T23,Premise,"He would miss various childhood activities such as hang out with friends, clubs and fun activities and social interaction with others"
essay190,T1,MajorClaim,"In modern life, zoos have become even more important in serving as places for people to study and enjoy the nature while a lot of natural destruction is made to build towers and skyscrapers"
essay190,T2,Claim,"recently, zookeepers have also tried their best to make animals feel more comfortable by making artificial landscapes more familiar to the nature, taking care all animals in both feeding and sanity"
essay190,T3,Premise,zoos are fascinating places of entertainment
essay190,T4,Premise,the very nature and wildness are all brought into zoos and spending time there help us to forget all stress as well as pressure
essay190,T5,Premise,all zoos serve relates to education
essay190,T6,Premise,Many students as well as people find zoos as good places for witnessing and researching the true animal world
essay190,T7,Premise,some zoos are also reservation sites of many animals that are about to become extinct
essay190,T8,Claim,humanities benefit so much from zoos
essay190,T9,Claim,zoos just take away freedom of animals
essay190,T10,Premise,"Being confined, animals may lose their own nature as well as wildness and feel upset and discontented"
essay190,T11,Premise,zoos are some kind of prisons and it's so cruel and wrong to keep animal in such prisons
essay191,T1,MajorClaim,"I personally prefer studying in a group due to these noticeable features, getting help from other students, improving my attitude for learning, managing my time in an effective way"
essay191,T2,MajorClaim,I strongly prefer studying in a group of my friends because of some important opportunities gaining with this activity
essay191,T3,Claim,"When pupils make a group for studying, all member of group have the same chance to help each other"
essay191,T4,Premise,They can work together for understanding the complicated aspect of a course
essay191,T5,Premise,"when a group faces with complex math problem, they can share their opinions to solve it"
essay191,T6,Premise,such a remarkable effect has incorporation that all students can improve their weak points in a group
essay191,T7,Claim,Increasing the motivation and competence spirit are another benefit of group-studying
essay191,T8,Premise,"In a group of student, the best of those always encourages others to study harder"
essay191,T9,Premise,pupils often have a tangible competence in order that they can get the highest grade in a group
essay191,T10,Premise,better learning is one of noticeable result of these competences and encouragements
essay191,T11,Claim,time management is another brilliant benefit of group-studying
essay191,T12,Premise,"Group-studying causes some kind of internal obligation to manage the time, inasmuch as we always care about other people and we do not want to waste their time"
essay191,T13,Premise,"When the students study with their friends, they should have schedule to use their time in an effective manner"
essay191,T14,Claim,"I can receive some helps from other student as well as improving my learning skills, also managing of time is another achievements of group-studying"
essay192,T1,MajorClaim,other prefer to be surrounded by a large number of friends
essay192,T2,MajorClaim,spending time with a large number of friends can add more to one's life
essay192,T3,Claim,staying in contact with a large number of friends gives the opportunity to learn more from the others' experiences
essay192,T4,Premise,"among a large number of people there could be someone who practices a particular sport, or plays an instrument or likes traveling very much and from their experiences you can be attracted to try something new that you had never considered before"
essay192,T5,Claim,a large number of friends can help you to consider all the possible solutions to a problem and to make you more open-minded
essay192,T6,Premise,"if you happen to face a problem and ask them for advice, your friends you will see that issue from their different point of views and accordingly they will help you to consider better all advantages and disadvantages"
essay192,T7,Claim,"When you have just few close friends, on one hand you develop a more intimate relationship with them and you feel you can trust them more"
essay192,T8,Premise,"they often will give you viewpoints not so different from yours, adding less to your experience"
essay192,T9,Claim,"while differences give the opportunity to learn, they can also mean that sometimes it can be difficult to reach an agreement"
essay192,T10,Premise,This would not happen or at least would happen rarely if one decides to spend time with one or two close friends
essay192,T11,Premise,in this case it is more likely that interests and preferences are the same
essay193,T2,Claim,The use of public transportation is the best way to conserve natural resources gradually run out
essay193,T3,Premise,Cars depend on oil and gasoline to move
essay193,T4,Premise,"If people use too many private cars, the oil and gasoline nonrenewable will run out quickly"
essay193,T5,Premise,"Instead of using many private cars, people can use public transportation, such as bus, train, subway, each one can get far more people and less oil and gasoline are used up per person"
essay193,T6,Claim,The use of public transportation helps in reducing the air pollution
essay193,T7,Premise,"Cars use oil and gasoline and send out gas such as carbon dioxide, heat and so on"
essay193,T8,Premise,They cause pollution and make the Earth warmer
essay193,T9,Premise,"The more cars are driven, the more pollution will be put into air"
essay193,T10,Premise,"If we use the public transportation, less cars will be used and less pollution will be emitted"
essay193,T11,Premise,"The atmosphere, surrounding us, will be protected and help us more healthy"
essay193,T12,Claim,The use of public transportation make us live more sociable
essay193,T13,Premise,"When we drive a private car, we are alone or only our family members that we already know and lost the opportunity to make friends with others or to see that we are a part of this society"
essay193,T14,Premise,"When using public transportation, we have a chance to meet more people and more chances to discovery new aspects of life"
essay193,T16,MajorClaim,"Using public transportation has a lot of advantages for the modern society facing a lot of problems: the environmental population, the isolation in life, the depletion of natural resources"
essay193,T15,MajorClaim,The development of public transportation is the most essential thing for a developed society
essay193,T17,Claim,"Public transportation keeps society from the depletion of natural resources, the air pollution, the loss of a sense of community"
essay194,T1,MajorClaim,we must help animals live safely and comfortably in their own environment
essay194,T2,MajorClaim,we have to assit animals and provide them the best quality of life possible
essay194,T3,Claim,Scientific facts showed the damage that zoos can inflict on animals
essay194,T4,Claim,many zoos do not meet the standards of care required for them
essay194,T5,Claim,Many scientific studies have revealed the detriment that zoos have caused to animals
essay194,T6,Premise,"like we, human beings, animals are delivered to this world with genetic instincts"
essay194,T7,Premise,"When we captivate animals and put them to live a style of life that they are unfamiliar with, they begin to loose those in-born instincts"
essay194,T8,Premise,"when they are released or in the worst case, when they escape, they act disorientated and this contributes to the animal mortality rate"
essay194,T9,Claim,various zoos do not have the proper implements or policies that assure the quality of animal care
essay194,T10,Premise,I was shocked by the cruelty which animals were treated
essay194,T11,Premise,I can not think of any staff memeber who did not have an improper behaviour towards the animlas in the zoo
essay194,T12,Premise,They beat them up
essay194,T13,Premise,they did not wanted to eat their meals and then excused themselves saying that it was a way to train the animals
essay195,T1,MajorClaim,"If a university plans to develop a new research in my country and I have to choose between establishing a centre for business research or a centre for agriculture research, I would opt for the second one"
essay195,T2,Premise,my country has a lot of land which is useful for the agriculture
essay195,T3,Premise,Most of these lands are left without any treatment
essay195,T4,Claim,The centre for research in agriculture can help my co-citizens to better exploit these land
essay195,T5,Claim,This centre can also help people there to solve their issues related to their land
essay195,T6,Premise,"Especially, if they have no knowledge or education in this field"
essay195,T7,Claim,the centre for research in agriculture helps the economy of my country to improve
essay195,T8,Premise,The agriculture field has only thirty percent as a market part
essay195,T9,Premise,The centre of research can raise the market part of this field by developing the agriculture products
essay195,T10,Premise,the dates are the most important agriculture product in my country
essay195,T11,Premise,"The centre of research for agriculture can make some research in how to get a good quality of this product, how to treat the Palme and maybe how to treat the land of the palms"
essay195,T12,Claim,Another reason that makes the centre of research for the agriculture more important than the centre of business research is that the first one can create a lot of jobs
essay195,T13,Premise,showing people how to exploit a land and get good agriculture products will push people to think about working in the field of agriculture rather than working in business or other field to make money
essay195,T14,Claim,a centre of business research is more important
essay195,T15,Premise,we have to be in parallel with the advanced countries which have focused in business field
essay195,T16,Premise,"being a developed country does not mean that we have to focus only in business, but we have to focus on what really bring us to the level of self satisfaction, and the agriculture for our country is the field that can realize that"
essay195,T17,MajorClaim,"My country need to focus more on the agriculture by establishing centers for research in this field, which will have some very positive consequences on agriculture people work, on the economy and on the employment"
essay196,T1,MajorClaim,One of these several ways of learning that I prefer is doing things by my self rather than learning by reading about things or learning by listening to people talking about
essay196,T2,Claim,learning by doing things develops our maturity
essay196,T4,Premise,"When you do things by your self, you learn to depend on yourself"
essay196,T3,Premise,You will not be in need to refer to books or persons
essay196,T5,Premise,The fact of doing things by ourselves can help us to get some experiences that would strong our maturity
essay196,T6,Premise,"if some one wants to learn how to be a leader, they have to experience this by being in a real situation of leading a team or a group, or even a situation"
essay196,T7,Premise,We can not be leaders by reading books or by listening to person talking about leading
essay196,T8,Claim,learning by doing things is more exciting than learning by reading about things or listening to people talking about
essay196,T9,Premise,There are a lot of things in life that should be learnt by doing them
essay196,T10,Premise,Reading about things or listening to people talking about can rarely submit the same sensation or the same excitement to some one who wants to learn about the same thing
essay196,T11,Premise,People who want to learn how to swim have to go to the beach or to the swimpool and laid themselves in the water to feel and know what is swimming
essay196,T12,Premise,Nor listening to people or reading about can teach them swimming
essay196,T13,Premise,we find more motivation to continuing on learning by doing things
essay196,T14,Premise,"With the time, Reading about things or listening to people talking about could become more and more boring"
essay196,T15,Premise,Learning by doing things gives us more and more pleasure especially if we success in learning perfectly this things
essay196,T16,Claim,we become motivated to learn other things by doing them
essay196,T17,MajorClaim,learning by doing things is the best way and the best method to learn things
essay197,T1,Claim,there are good arguments in favour of this trend
essay197,T11,Premise,Burning plane fuel can releases carbon dioxide into environment that cause the Earth to heat up
essay198,T1,MajorClaim,governments should certainly spend money on the public transportation system
essay198,T2,Claim,it would deal with problems that the rising number of private cars is creating
essay198,T3,Claim,the using of public transportation reduces the amount of resources using on transportation
essay198,T4,Premise,the more cars we use means that the faster gasoline in this world is used up
essay198,T5,Premise,"Cars depend on gasoline, which is a non-renewable resource"
essay198,T6,Premise,"if the public transportation is efficiently used, the amount of gasoline consuming per person will be much lower"
essay198,T7,Premise,"this definitely helps to reserve our invaluable natural resource, gasoline"
essay198,T8,Claim,public transportation helps to solve the air pollution problems
essay198,T9,Premise,public transports use much less gasoline to carry people than private cars
essay198,T10,Premise,"It means that by using public transports, the less gas exhaust is pumped to the air and people will no longer have to bear the stuffy situation on the roads, which is always full of fumes"
essay198,T11,Premise,using public transportation is much safer than private transportation
essay198,T12,Premise,"According to National Safety Council, riding the bus is over 170 times safer than private care"
essay198,T13,Claim,"there is no reason that governments should hesitate to invest in public transportation, a healthy, safe and economical way of transporting"
essay198,T14,MajorClaim,spending money on improving public transportation is necessary
essay198,T15,Claim,"it is the key to protect our world, creating a healthy and safe environment for people to live in"
essay199,T1,MajorClaim,I prefer to study individually
essay199,T2,Claim,"it helps me to concentrate more, and it helps me to build my personality"
essay199,T3,MajorClaim,I agree with the idea of studying a lone
essay199,T4,Claim,it helps me to focus more and establish my personality
essay199,T5,Claim,Studying alone helps us to focus more in our lessons
essay199,T6,Premise,I am a type of person who cannot comprehend my subjects unless I am alone
essay199,T7,Premise,"I can prepare my schedules, guidelines, exercises and go over them all"
essay199,T8,Premise,"we have a lot of subjects which require us to sit and study alone such as math, reading, and drawing"
essay199,T9,Premise,I can take advantage of every minute without wasting by studying alone
essay199,T10,Claim,we are building our personalities when we study alone
essay199,T11,Premise,answering our homework alone encourages us to be more responsible and independent
essay199,T12,Premise,it motivates us to be accurate in our work in the future
essay199,T13,Premise,"when I fix my study plan with a specific time and finish it on time, it improves my ability in the future to become more precise and careful"
essay200,T1,MajorClaim,human activities are having a bad effect upon our planet
essay200,T2,Claim,"human are polluting the Earth's environment, exhausting natural resource and threatening the living of other species"
essay200,T3,Claim,People are corrupting their ecosphere
essay200,T4,Premise,"In recent decades, concurrently with the increase of human consume, the waste discarded by human also multiplies"
essay200,T5,Premise,"These wastes including household waste and industrial waste are so big that a ""new"" continent is now being formed in the sea from garbage"
essay200,T6,Premise,"the industrial exhaust gases are adulterating the air, causing the insalubrious phenomenon such as acid rain, global warming or climate change"
essay200,T7,Claim,people are draining the Earth's natural resources
essay200,T8,Premise,"These resources such as oil, coal are vital for human activity"
essay200,T9,Premise,"nowadays, the exploitation activities of these resources are increasing dramatically to adapt to the infinite need of people"
essay200,T10,Premise,"Researchers indicated that most of natural resources are un-recyclable and only several decades after, the Earth's natural resources are totally exhausted"
essay200,T11,Premise,"At that time, human activity will be seriously affected due to the dependence on these resources"
essay200,T12,Claim,people are endangering other species' live
essay200,T13,Premise,Hunting has been a fundamental activity of human for having food
essay200,T14,Premise,"Through million years of hunting, especially in recent centuries with the innovation of rifle and dynamite, people have killed many animals and even have made some kinds of them become extinct"
essay200,T15,Premise,"people, suffering from the population pressure, are expanding their living area"
essay200,T16,Premise,the living area of other species narrowed
essay200,T17,Premise,This narrowing of living region is pushing many creatures to the brink of extinction
essay200,T18,MajorClaim,human activity are gradually destroy the Earth
essay200,T19,Claim,"it is polluting the Earth environment, depleting the resource and imperiling other species' lives"
essay201,T1,Claim,supporting art will benefit the human beings and the company in short-term interest
essay201,T2,MajorClaim,I still hold the environment protection for long-term interest
essay201,T3,Claim,conservation is more urgent now than at any time in history
essay201,T4,Claim,supporting environment protection will benefit the company eventually
essay201,T5,Claim,conservation leads us to a higher standard of living
essay201,T6,Premise,an increasing amount of people pay more attention to conservation
essay201,T7,Premise,sponsoring conservation is a more efficient method of advertising
essay201,T8,Premise,"Just imagine if the project your company is sponsoring effectively improves the environment, then your company would be known as an environmentally-friendly company and benefit from it in this consumer-oriented society"
essay201,T9,Premise,"According to a statistic conducted by the International Animal Preserving Association, we have only ten percent of the animals that have ever existed, which means that the biodiversity of our home is grievously endangered"
essay201,T10,Premise,"rising sea levels, caused by global warming, have reached a level that is threatening human's life in many countries"
essay201,T11,Premise,"If we continue discharging carbon dioxide with non-environmentally friendly cars, nations like Japan will be submerged and weather patterns could change, causing flooding, drought, and an increasing amount of damaging storms"
essay201,T12,Premise,"the ecosystem is in its worst condition ever and if we didn't take harsh measures now, we never will"
essay201,T13,Premise,art is one of the best ways of entertaining human beings
essay201,T14,Premise,"with exhaust fumes and acid rain, we do not have the energy and enthusiasm to appreciate the paintings or photographs"
essay201,T15,Premise,Biodiversity and a more beautiful nature are not only the results of abetter environment but also are the necessities of photography and other types of art
essay202,T1,Claim,the co-workers should believe in fellowship
essay202,T2,Premise,This helps them to enjoy their work life while building up very strong personal relationships
essay202,T3,Premise,you spend most of your day at office
essay202,T4,Premise,"If you have a good company in office, it is certainly a blessing"
essay202,T5,MajorClaim,"a good co-worker needs to have three most important characteristics such as cooperation, trustworthiness, and fellowship"
essay202,T6,Premise,The co-workers should be cooperative with one another
essay202,T7,Claim,The co-workers need to trust each other
essay202,T8,Premise,"If they do not cooperate, there will be lots of disputes"
essay202,T9,Premise,They should not act on suspicion
essay202,T10,Premise,he always left office sharp on time without giving any consideration whether the work has been finished or not
essay202,T11,Premise,I once had a co-worker who was too family conscious
essay202,T12,Premise,"Most of the time, I had to do his work in order to protect him from getting caught to the supervisor who was a very authoritative person"
essay202,T13,Premise,one day I wanted to be off early because I had to take my mother to the doctor
essay202,T14,Premise,"When I requested my co-worker to give a helping hand to finish my work early, he turned down my request giving a silly excuse"
essay202,T15,Premise,From that day onwards I did not offer him any support and finally he was transferred from our department to a distant location as a punishment for his irresponsibility
essay202,T16,Claim,if the co-workers do not corporate with each other that would be devastating in a work environment
essay202,T17,Premise,This is a very important aspect in the work environment
essay202,T18,Premise,I came across a situation once such that one of my subordinates used to suspect his co-worker for carrying tales to me
essay202,T19,Premise,To a certain extent his suspicion was valid as his co-worker made several attempts to highlight the drawbacks of him
essay202,T20,Premise,I never encourage tale carriers as a principle and therefore his co-worker gave up talking ill against him with me
essay202,T21,Premise,But this mistrust continued and created very unpleasant situations for everybody in my department
essay203,T1,MajorClaim,it is one's hard work that helps him reach his target
essay203,T2,Claim,I do not see any rational in believing in luck to reach one's goals
essay203,T3,Premise,it is good to be lucky
essay203,T4,Claim,depending on luck for everything is not good
essay203,T5,MajorClaim,I strongly believe in hard working that would not easily disappoint you as luck sometimes does
essay203,T6,Claim,"if you depend only on luck for all your accomplishments, you are taking a great risk"
essay203,T7,Premise,Luck is something intangible and no one can guarantee that it would ever come your way
essay203,T8,Premise,"If it doesn't work, it would be a great disappointment"
essay203,T9,Claim,"all my accomplishments were backed by my hard work, not my luck"
essay203,T10,Premise,I never did encounter any disappointments of missing my goals
essay203,T11,Premise,"if you strive hard to achieve what you want, then your hard work would take you at least closer to your final goal"
essay203,T13,Claim,those who believe in hard work are clear about their goals and know about their final destination
essay203,T14,Premise,They carefully organize the process of achieving their targets and continue to evaluate their progress until they reach the final goal
essay203,T15,Premise,"If you believe in luck, you would be clueless about where you are heading"
essay203,T16,Premise,"a friend of mine, who had severe financial constraints, had the habit of buying lottery tickets thinking that one day he would win a lottery"
essay203,T17,Premise,He was living in an illusion that he can solve his financial issues with this lottery
essay203,T18,Premise,up to this day his luck has not appeared and problems have got further worsened
essay203,T12,Claim,"if you work hard, luck too might shine on you and take you some more steps further ahead from your actual target"
essay203,T19,Premise,my boss worked tirelessly for his promotion
essay203,T20,Premise,He looked at every aspect that he needed to qualify for the promotion
essay203,T21,Premise,He realized that having a master's degree would be a great credential for him to outperform his competitors
essay203,T22,Premise,"he had many commitments at home and work, he somehow managed to complete this degree before he was eligible to apply"
essay203,T23,Premise,At the end he was not only able to get the promotion amidst a stiff competition but also got nominated for a foreign scholarship
essay203,T24,Premise,he had more credentials than other officers in his capacity
essay204,T2,MajorClaim,traditional learning still has many benefits to the students
essay204,T1,Claim,online classes have many advantages
essay204,T3,MajorClaim,I prefer traditional learning classes
essay204,T4,Claim,the participant with the others like classmates or professors is still an important factor in studying
essay204,T5,Premise,Working in group leads to more discussion and more opinion among the class
essay204,T6,Premise,the discussion class results in expanded children vision and their respect to others roommate's ideas
essay204,T7,Premise,Unlike the distance learning that children have few opportunities to discuss with their friends
essay204,T8,Claim,classroom learning provides other activities than studying
essay204,T9,Premise,"During student's free time, they have a number of activities that they can join, such as playing sports, going to lab, or going to library"
essay204,T10,Premise,These activities lead to more interact with their friends
essay204,T11,Premise,Connection with friends improves their IQ abilities
essay204,T12,Premise,they have a chance to learn about their societies
essay204,T13,Premise,the online course keeps the children at their home only
essay204,T14,Claim,"in school, there are professors that guided you during you had a problem or needed an advice"
essay204,T15,Premise,The professor provides good answers to you
essay204,T16,Premise,"They do not mind helping you, and they never leave you alone when you got a problem"
essay204,T17,Premise,"in distance learning, these aspects of the professor had reduced their important"
essay204,T18,Premise,The professor has been assigned to teach only
essay204,T19,Premise,there will be a long response from the teachers when children ask them a question
essay205,T1,MajorClaim,students should be free not to attend classes
essay205,T2,Claim,it improves the quality of student life as well as their learning motivation and teaches important life skills
essay205,T3,MajorClaim,it is clear that going to classes should be optional for students
essay205,T4,Claim,I hold this belief due to the improvement of students' current experience as well as the valuable skills and knowledge they obtain for their whole life afterwards
essay205,T5,Claim,"some students might learn better at home on their own, for instance, by reading the textbook"
essay205,T6,Premise,This problem occurs especially if the lecturer is lethargic
essay205,T7,Premise,By letting students choose not to attend class you give them the opportunity to escape bad teaching
essay205,T8,Premise,they are able to save precious study time and dive into the course syllabus independently
essay205,T9,Claim,being free to stay away from classes improves flexibility and therefore quality of student life
essay205,T10,Premise,Sometimes the wild party on Thursday night is too good to end already at midnight only because of a lecture on Friday in the morning
essay205,T11,Premise,With a liberal policy students are able to postpone the learning to the afternoon which gives a feeling of freedom and improves time efficiency
essay205,T12,Premise,"Research has shown that the more satisfied the students are with those life aspects, the better they perform in academic areas"
essay205,T13,Premise,Intrinsic motivation is known to be much more desirable because it leads to better learning and well-being
essay205,T14,Claim,By giving students the freedom to choose about class attendance they might rather be thinking about why they decided to study and learn to motivate themselves
essay205,T15,Premise,These are crucial skills for the duration of their study and their whole life time
essay205,T16,Premise,in order to gain intrinsic motivation students need to become aware of their strengths and aims
essay206,T1,MajorClaim,I would prefer to live in a small town
essay206,T2,Claim,"I think a small town has some advantages, such as good weather, a healthy life and better facilities"
essay206,T3,MajorClaim,I prefer to live in a small town
essay206,T4,Claim,"it has some advantages such as less stress, because of better weather conditions and also, better relationship within a town"
essay206,T5,Premise,In small town people know each other and have better deal together than big cities
essay206,T6,Premise,on big cities people feel alone and depress more than small cities
essay206,T7,Premise,people in small town have more happiness and friendship and less illness and stress
essay206,T8,Premise,the first advantage of living in a small town is a healthy life that we can obtain due to many items
essay206,T9,Premise,One of the conditions that helps us to be healthy is good weather and less population that exist in a small town
essay206,T10,Premise,in a small town there are less crowded and less traffic
essay206,T11,Premise,Living in a place with less pollution such as air pollution or sound pollution helps us to have a healthier life and one of the main consequences is less stress and more happiness
essay206,T12,Premise,in a small town foods and materials we need are healthier than in big cities and there are fresh foods and fruits
essay206,T13,Claim,it is obvious that living in small towns is healthier than in big cities
essay206,T14,Claim,another advantage of small towns is living costs
essay206,T15,Premise,"Living cost is one of the important concerns in every society and then, in a small town living cost is fewer than in big cities"
essay206,T16,Premise,in a small town we can live in big houses with good landscapes
essay206,T17,Premise,because of less crowded spaces we have more facilities and more services
essay206,T18,Premise,Transportation cost is less than in big cities and we have less traffic
essay206,T19,Premise,we can save time and money
essay207,T1,Claim,young people tend to study or work in urban areas
essay207,T2,Premise,these provide them many educational opportunities and career potentials
essay207,T3,MajorClaim,I do not approve of this trend due to negative effects such as low quality of life and affecting the environment
essay207,T4,Premise,cities often offer more well-paid jobs and study chances compared to rural areas
essay207,T5,Claim,they move to big cities to pursue academic career and find jobs in order to have a higher standard of living
essay207,T6,Premise,many large companies and universities often locate in cities which are hailed as promising lands to develop their career
essay207,T7,Premise,"if a gradate stays in the city after leaving his college and seeks a job with good salary instead of returning his village to do farm work, he could perhaps buy a house or his own car after a short time"
essay207,T8,Claim,cities cannot provide adequate space for thousands of dwellers that might lead to poor housing conditions and sanitation
essay207,T9,Premise,the burgeoning number of young adults from the countryside flocking to cities gives rise to overpopulation in cities
essay207,T10,Premise,it might put strain on the environment
essay207,T11,Premise,"If there are more people in the cities, there would be large numbers of vehicles on the road, which causes air pollution"
essay208,T1,Claim,it will take some time on it
essay208,T2,MajorClaim,high school students should take a course on basic economics
essay208,T4,Claim,it can provide students a sense of direction in academy
essay208,T5,Premise,"Basic economic class can help the students touch the surface of this field, let them to know what this subject mainly discuss"
essay208,T6,Premise,That will help the students cultivate their own interest and a sense of career orientation
essay208,T7,Premise,students may study harder for their economic dreams
essay208,T8,Premise,economy is always correlate with politics
essay208,T9,Premise,"students can study specialized knowledge along with some Politian status, which may open their vision toward the nation and don't get limited in the textbooks"
essay208,T10,Premise,there is also an intimate connection between economy and enterprises
essay208,T11,Claim,students can also gain knowledge more practical and vivid
essay208,T12,Claim,the basic economic course can also help with the students when they go to college
essay208,T13,Premise,"They may feel more readily to learn the knowledge in this field and save much time, with that they are able to study more efficiently and more deeply than other students"
essay208,T3,Premise,That as well would provide the students with more confidence and let them become more compatible
essay208,T14,MajorClaim,I suggest the basic course of economic is necessary
essay209,T1,MajorClaim,it will yield more negative results than positive ones
essay209,T2,MajorClaim,it should be made available for a wide range of learners
essay209,T3,Claim,"it should be up for grabs for a majority of young people, who wish to pursue their passion as well as develop comprehensively"
essay209,T4,Premise,university is not just about academic studies but also a place to nurture artistic talent and develop soft skills
essay209,T5,Claim,there is a tendency for social vices to rise if university is to be restricted to only the best people
essay209,T6,Premise,"Apart from the disheartened ones, many devoiding of neccessary preparations are likely to be recipes for failure when applying for jobs, mostly the white-collar ones"
essay209,T7,Claim,outstanding academic students are eligible for university due to their intellectual advantage
essay209,T8,Premise,"such abstract or complicated informatin, easily absorbed by those students, may prove as a matter of pressure for those who lack equivalent skills"
essay209,T9,Premise,it is undeniable that one deserves what he has done
essay209,T10,Premise,University is like a gift presented to those who have gone to great length to attain
essay210,T3,Premise,education and preventative measures should receive a greater budget is the potential improvements in health system
essay210,T5,Claim,society should be educated and became aware of health issues so that the potential precautions on the way of illnesses can be taken instead of trying to provide treatment for the increasing number of patients
essay210,T6,Claim,governments should allocate more budget on prevention from illness and providing health education is the welfare of the society
essay211,T1,MajorClaim,schools should not remove these subjects
essay211,T2,Claim,non-academic subjects are as essential as academic subjects for a student’s development
essay211,T3,Premise,"from the health point of view, schools should not only deliver academic subjects"
essay211,T4,Premise,"If physical education is removed from the syllabus, there will be considerable negative effects on students’ health"
essay211,T5,Premise,"after studying and sitting in the classroom for the whole morning, it is better for students to do some outdoor activities, such as stretching, jogging and playing ball games, in order to improve their learning ability during the afternoon classes"
essay211,T6,Claim,"Removing physical classes from school education will not only be harmful to young people’s health, it will also decrease their learning capability"
essay211,T7,Claim,school education should not only focus on the academic development of a student
essay211,T8,Premise,it is much more crucial to teach them how to be independent and live a good life
essay211,T9,Premise,"Success in life should be the ultimate goal of a student, which requires more than academic knowledge, but also practical life skills such as cooking, good communication skills and teamwork spirit"
essay211,T10,Premise,schools are responsible for developing their students into well-rounded people
essay211,T11,Premise,It is more important for a person to success in life than to success only academically
essay211,T12,Claim,students can learn practical skills after school hours from their parents
essay211,T13,Premise,it is not a good idea
essay211,T14,Premise,most young people would rather watch TV or play computer games after school instead of learning life skills from their parents
essay211,T15,Premise,parents are usually too busy with their daily jobs to teach their children the life skills
essay211,T16,MajorClaim,"non-academic subjects should be completely removed, I strongly disagree with that"
essay212,T1,MajorClaim,"I would follow the new customs, if I migrated to another country"
essay212,T2,MajorClaim,the immigrants should follow the customs in the new country
essay212,T3,Claim,"it will be easier for people to assimilate into a new country, if they follow the new customs"
essay212,T4,Premise,"When people migrate to a new country, they are likely to suffer the culture shock, because of the difference between two cultures"
essay212,T5,Premise,The custom is just a form of the culture and following the custom is a good way to know more about this culture
essay212,T6,Premise,"if one wore in white and went to common Viharas to observe a rather longer-than-usual, full-length Buddhist sutra in Buddha's Birthday in India, he or she would learn something about Indian religion and culture"
essay212,T7,Premise,"people understand the culture, and then they adapt to the new country"
essay212,T8,Claim,keeping own customs stably might cause discrimination
essay212,T9,Premise,"When people insist to keep their own customs and refuse to accept the new one, they regard themselves as a special group in the new country"
essay212,T10,Premise,The local people may also regard them as a special group as well and separate them from the main-stream society
essay212,T11,Premise,One example of this is that the Chinese immigrants in Indonesia in 1969
essay212,T12,Premise,They formed Chinatown and kept Chinese language and customs in it
essay212,T13,Premise,"While the Indonesians stopped working at 4:00 pm and went home for rest, Chinese immigrants were still working"
essay212,T14,Premise,"being much richer than local people, they faced the discrimination"
essay212,T15,Premise,Their houses and private cars were buried by local people
essay212,T16,Premise,"the locals were jealous of Chinese people, who had so much wealth, which should have been theirs"
essay212,T17,Premise,"If the Chinese immigrants had followed the local customs and assimilated into Indonesia, they would not have been regards as a group of Chinese and discrimination might have been alleviated"
essay213,T1,MajorClaim,the capability of working independly is more significant
essay213,T2,MajorClaim,the capablity of working alone is the foundation for the skill to work in team and plays a significant role in a lot of situations
essay213,T3,Premise,"in many important cases when team-working is not possible, the ability to work alone will help"
essay213,T4,Premise,effective cooperation can make things easier and faster
essay213,T5,Premise,The apperant example is that there are a lot of tests that do not allow team-working
essay213,T6,Premise,"Let's imagine that you perform really well when you can discuss the problems with other people, but you have no experience of working alone, standardized tests such as SAT, TOEFL may be your nightmares"
essay213,T7,Premise,"Testing is a very important aspect of life, and still the majority of tests do not allow you to work in team"
essay213,T8,Claim,"if you want to get brilliant achievements such as going to college, acing your school's final tests, you should consider learning to work on your own"
essay213,T9,Claim,the ability to work alone will help you increase your ability to work with other people
essay213,T10,Premise,Working in team does not mean that you do not have to come up with your ideas
essay213,T11,Premise,"Everybody in a team must have his/her own opinion first, then discuss them with other members"
essay213,T12,Premise,"When we work in team, we still think individually"
essay213,T13,Premise,our brain are not connected but separate
essay213,T14,Premise,"When everyone in a team can come up with his/her own ideas, working in team will definitely more effective"
essay214,T1,Premise,It spoils the smoker's reputation and threats other people's health
essay214,T2,MajorClaim,"it is unwise to smoke in a restaurant as well as other public places, and relevant state laws should be codified to strictly prohibit it"
essay214,T3,Claim,smoking in a restaurant is a harmful and disrespectable behavior
essay214,T4,MajorClaim,"smoking should be prohibited in restaurants as well as other public places, and that we should support states laws to ban it"
essay214,T5,Claim,"smoking not only damages the restaurant's environment, but also imposes a potential threat on others' health"
essay214,T7,Premise,"the second-hand smoke, which comes from the smoker's mouth, puts an even greater threat on surrounding people's health than the smoker himself"
essay214,T8,Claim,smoking in restaurants should be strictly banned
essay214,T9,Premise,it makes the restaurant a polluted place which threatens every customer's health
essay214,T10,Premise,"if there is only one person smoking in a restaurant, all others will smoke unconsciously and their health is under attacked"
essay214,T11,Premise,some burned substance in a cigarette can easily deteriorate a person's respiratory system after he/she inhales it
essay214,T12,Premise,"it is too strong to assert that smoking should be prohibited everywhere in the society, one smoking in a restaurant is considered to enjoy his time with the ignorance of others' health"
essay214,T6,Claim,"the disgusting smoke will severely affect their appetite, or, in other words, spoil their meals and make them an unpleasant experience"
essay214,T13,Premise,"The smoke exhaled from the smoker often makes other people feel uncomfortable or disgusted, thus affecting their mood in having their meals"
essay214,T14,Premise,"This, on the other hand, can indirectly decrease the restaurants' popularity"
essay214,T15,Premise,fewer people are willing to consume there due to their unpleasant experiences
essay214,T16,Premise,"Not only does it aggravate his health, making him more subject to respiratory diseases, but also it damages his public image and reputation"
essay214,T17,Premise,most people see smoking in restaurants as an impolite human behavior
essay214,T18,Premise,This is especially true when the smoker is a popular political figure or an entertainmening celebrity
essay214,T19,Premise,the public are likely to believe that the smoker lacks basic civility and should not be encouraged to be a public leader
essay214,T20,Claim,smoking does no good to the smoker himself
essay215,T1,MajorClaim,Having one's own hobbies and doing physical activities can bring us a lot of benefits
essay215,T2,Claim,it may take us a lot of times to develop our personal hobbies
essay215,T3,MajorClaim,it is good for us to have hobbies and do physical activities which are different from our work
essay215,T4,Premise,"doing so can bring us a healthy body, a refreshed mind and a way to release pressure and sadness"
essay215,T5,Claim,having hobbies and doing physical activities is the best way to keep fit
essay215,T6,Premise,doing some sport and hobbies can prevent us from becoming too fat or short-sighted
essay215,T7,Premise,Looking at the computer screen all day long can make us daze
essay215,T8,Premise,My neighbor Tom once was a computer engineer in a big company
essay215,T9,Premise,He ate fast food everyday and never went out to exercise
essay215,T10,Premise,"When he found out that he was too fat to find a girlfriend, he made up his mind to loose weight"
essay215,T11,Premise,He started to jog every morning
essay215,T12,Premise,"After a moth, he is thinner and finds a girlfriend"
essay215,T13,Claim,having hobbies and doing sports can refresh our mind
essay215,T14,Premise,doing something for a long time can be boring
essay215,T15,Premise,"at school, students have breaks every class so that they can relax for a few minutes and prepare for the next class"
essay215,T16,Premise,Humans are not robots; we can't keep working for twenty-four hours
essay215,T17,Premise,Doing sports or hobbies for a short time can recharge our batteries
essay215,T18,Claim,"we should develop at least one personal hobby, not to show off, but express our emotion when we feel depressed or pressured"
essay215,T19,Premise,"Playing musical instrument is a good way, I can play classical guitar"
essay215,T20,Premise,"When I meet difficulties in studies, I will take my guitar and play the song Green Sleeves"
essay215,T21,Premise,It makes me feel better and gives me the confidence
essay216,T1,MajorClaim,the advantages of upgrading the roads which I mentioned above are totally convincing and indispensable
essay216,T2,MajorClaim,the most possible solution to these problems is improving roads and highways
essay216,T3,Claim,we all know that upgrading public transportation will surely aggravate the pollution and accidents
essay216,T4,Claim,investing in roads and highways can broaden the area and allow more public transportation to work
essay216,T5,Premise,"The buses, cars and trains regularly emit a noxious gas which causes lots of fatal diseases such as lung cancer and pneumonia"
essay216,T6,Premise,the sound emanates from the engines can worsen our hearing
essay216,T7,Premise,there are many accidents happening on the roads
essay216,T8,Premise,"in my country, buses are attributed to the cause of skyrocketing of accidents"
essay216,T9,Premise,Vietnam has approximately twelve thousand people die of accidents which is equivalent to the death toll of the tsunami in Japan
essay216,T10,Premise,Not only buses but also other personal vehicles can move easily on the roads
essay216,T11,Premise,I always leave school at the time that everybody rushes into the roads and hastily goes home
essay216,T12,Premise,It is extremely troublesome for me to escape from the crowd on the roads in only one hour
essay216,T13,Premise,"if the roads are enlarged, everyone can go home in short time and there are hardly any collisions"
essay216,T14,Claim,spending on renovating the highways and roads can improve the quality
essay216,T15,Premise,All of us are afraid of moving on the rough roads with lots of portholes
essay216,T16,Premise,Those bad conditions result in many terrible accidents and make several people feel worried
essay216,T17,Premise,We should not accuse the drivers of causing accidents
essay216,T18,Premise,a part of the responsibility belongs to the authorities
essay216,T19,Premise,"What's more, a smooth surface makes the transportation and movement become safer and easier"
essay217,T1,MajorClaim,learning about life through personal experience seems more appropriate
essay217,T2,Claim,the way of learning life through listening to the advice of family and friends is more realistic than the latter
essay217,T3,Premise,Family members such as your parents are experienced in life so they can give you proper and sincere guidance on every aspect of life
essay217,T4,Premise,"And friends, people who are the same generation with you, they are understand your favorite and ability enough to tell you which is suitable for you, which is not"
essay217,T5,Premise,"By listening to your family and friends advice, you can definitely avoid many unexpected things"
essay217,T6,Claim,finding out life through personal experience can help you become more independent and mature
essay217,T7,Premise,there are so many grate things that you can missed if you don't experience it by yourself
essay217,T8,Premise,a friend told you not to try skydiving because it was so dangerous
essay217,T9,Premise,"If you did as he told, you could fail to see how wonderful it is to be fall freely"
essay217,T10,Premise,family and friends accidentally harm you by giving you advice all the time
essay217,T11,Premise,You will grow to be dependent and reliant
essay217,T12,Premise,free yourself and do what you desire without notice about consequences is the way that success people would like to choose
essay217,T13,Premise,growth is a long process that experience is indispensable
essay217,T14,Claim,"experiencing the real life by myself, I could learn more than just obey the advice"
essay218,T1,MajorClaim,childhood is the happiest time of a person's life
essay218,T3,Claim,in childhood most people are happier than in adulthood
essay218,T4,Premise,"They do not have to worry about bills, jobs, how would their life be in the future"
essay218,T5,Premise,"They just worry about two things: to have fun, learn and be happy"
essay218,T6,Premise,"A child's daily life is school, playing and sleeping"
essay218,T7,Premise,when I was young I just came home from school and then I would took my bike or soccer ball and go out and play with my friends in my neighborhood
essay218,T2,Premise,"I did not have to worry about costs and other things, I just had fun and learned"
essay218,T8,Claim,people are most creative when they were children
essay218,T9,Premise,children imagine new things and games just to have fun and be happy
essay218,T10,Premise,childhood is the period where people go to school and learn
essay218,T11,Claim,school memories are one of the best memories in a person's life
essay218,T12,Premise,"There you learn, to find your first love, to make new long-lasting friendships and of-course you will have a lot of fun"
essay218,T13,Premise,my father's best moments in his life are in his school years
essay218,T14,Premise,he is still in-touch with some of his classmates and sometimes they get together and share their childhood memories
essay218,T15,MajorClaim,"childhood is, indeed, the most happiest moments in a person's life"
essay219,T1,MajorClaim,These changes make cooking so easy-to-use and time-saving as to improve the way we live to a great extent
essay219,T2,MajorClaim,I would assert that this change has improved our life significantly
essay219,T3,Claim,"the time-saving, simple food preparation process gives us more time to do other activities, more chance to select diverse kinds of foods and more willingness to cook meals"
essay219,T4,Claim,people have more chance to do other activities they like since food preparation is no longer time-consuming
essay219,T5,Premise,such a change has liberated many housewives from tedious cooking process and gave them additional time to do something more meaningful like accompanying family or doing a job
essay219,T6,Premise,more people can sleep a bit later to go to work
essay219,T7,Premise,they only need a couple of time to prepare for the breakfasts
essay219,T8,Claim,"since food preparation has become easier and more convenient, it is certainly great to preserve diverse kinds of foods at home"
essay219,T9,Premise,People can have a variety of dishes even in a small meal and choose whatever they like
essay219,T10,Premise,"More men, on the other hand, are willing to participate in cooking that they had never done before"
essay219,T11,Claim,This transformation may bring positive impacts to family in some cases
essay220,T1,MajorClaim,staying with the parents for longer time does more benefits than disadvantages to the young adult
essay220,T2,MajorClaim,staying longer with parents is a better choice
essay220,T3,Claim,"living with parents longer brings about memories with parents, less cost, and advice from parents"
essay220,T4,Premise,the young adult can have more experience with his parents
essay220,T5,Claim,undergoing with parents is worthwhile
essay220,T6,Premise,The young adult has to try to create memories with his dad and mom in the early age
essay220,T7,Premise,"When having a job, it is of low possibilities to work in his hometown"
essay220,T8,Premise,"If he lives with his parents for longer time, they have more chances to share the feelings, exercise, and travel together"
essay220,T9,Premise,All memories become priceless treasure as time passes by
essay220,T10,Premise,he may have to rent a house and the rental would become a burden for parents
essay220,T11,Premise,another daily expense is also the considerable outgoings
essay220,T12,Premise,Spending much money may not result in what the parents expect their children to be
essay220,T13,Claim,"the parents can save money, if their children live with them longer"
essay220,T14,Premise,living at home costs less than living outside
essay220,T15,Premise,Learning to be independent means that the young adult needs to leave home
essay220,T16,Premise,the young adult needs father and mother's suggestions
essay220,T17,Premise,"When in dilemma, the parents can comfort him and give him a big hand"
essay220,T18,Premise,They are the people who are most familiar with him can give a suitable advice and lead him to the right way
essay220,T19,Premise,"If the parents do not help him immediately, he would have to suffer more pain"
essay220,T20,Claim,"taking advice from parents, the young adult can go through obstacles easily"
essay221,T1,MajorClaim,the zoo is invaluable for human beings
essay221,T2,Claim,It is very crucial for learning
essay221,T3,Claim,It helps animals out of extinction
essay221,T4,Claim,it is a interesting travel location
essay221,T5,Claim,the zoo gives humans new knowledge
essay221,T6,Premise,the zoo is the important place for innate learning
essay221,T7,Premise,The zoo also let students have a chance to learning biology practically
essay221,T8,Premise,They are able to observe animals' behaviors and features
essay221,T9,Premise,practical learning help students relax from a boring lecture class
essay221,T10,Premise,researchers need the zoo to pick up some examples of animals for their researches
essay221,T11,Premise,it has diverse species of animals
essay221,T12,Claim,the zoo preserves a large number of rare animals and provides them safe habitats
essay221,T13,Premise,"In the zoo, there is not so harmful as a forest"
essay221,T14,Premise,"They, fed by zookeepers, do not need to find food themselves"
essay221,T15,Premise,we can do artificial insemenation to maintain nearly extinct wildlife
essay221,T16,Premise,"because of all weird, acute, and beautiful animals in the zoo, it can be a great tourist attraction"
essay221,T17,Premise,There are a lot of tourists who seek to see those animals closely
essay221,T18,Premise,"If the zoo has a large number of both national and foreign tourists, it will receive a great deal of money"
essay221,T19,Claim,It benefits to a certain country
essay221,T20,Premise,"That also make money flow, and then economics become better"
essay221,T21,Claim,"the zoo not only saves animals in danger of extinction, but also helps people around the world have better lives"
essay221,T22,MajorClaim,the zoo is so useful for the earth
essay222,T1,MajorClaim,parents are really the best teachers who give us much knowledge and advice
essay222,T2,Claim,parents are the first teachers who teach babies how to walk and speak and make children to become a good person
essay222,T3,Claim,parents provide their children the best social skills and knowledge in order to prepare for their children's future life
essay222,T4,Claim,"children are taught basic things, which influence their whole life, by their parents"
essay222,T5,Premise,"As a baby, they do not know any thing all around but they learn everything from their parents"
essay222,T6,Premise,Parents always try to explain and describe tenderly all things in simple way so that their baby can understand and learn from that
essay222,T7,Premise,parents bring the whole world of wonderful and colorful thing into their baby's little mind
essay222,T8,Claim,parents train their child how to become a good person
essay222,T9,Premise,They always make their children basically say thanks and apology in the right way
essay222,T10,Premise,it is common that they try to explain who is a good or bad person
essay222,T11,Premise,children are shown how to behave well with others
essay222,T12,Premise,this can influence positively their future children and makes children's behavior better before they face the real world
essay222,T13,Claim,parents' support is one factor which makes people succeed in their life
essay222,T14,Premise,parents are ones who loves their children most and always take care of their children
essay222,T15,Premise,they tend to provide the best knowledge and advice from their experience for children
essay222,T16,Premise,"Unlike a professional, parents always support children and give them much social skill so they can communicate well with others and have good habit in life"
essay223,T1,MajorClaim,television has more positive effects than negative effects
essay223,T2,Claim,the television can have violent programs
essay223,T3,Premise,"if children can use Tv programs wisely, there are more positive effects than negative effects"
essay223,T4,MajorClaim,I strongly disagree with the statement that television has negative effects on children
essay223,T5,Premise,it has useful and educational programs and quite helpful to relieve stresses for children
essay223,T6,Claim,television has useful and educational programs
essay223,T7,Premise,"Not only the up-to-date news, but also there are many programs which has educational purposes"
essay223,T8,Premise,"If children can use those programs wisely, they can learn many information from it"
essay223,T9,Premise,"in Korea, there's program called EBS"
essay223,T10,Premise,It is targeted for children to teenager
essay223,T11,Premise,We can study subjects through EBS lecture
essay223,T12,Premise,there are many documentary films such as the life of a great man in Korea
essay223,T13,Premise,Using those education programs let people get a lot of inspirations instead of having negative effects
essay223,T14,Claim,Tv is helpful to relieve our stresses
essay223,T15,Premise,Many children have a lot of stresses recently
essay223,T16,Premise,they have so much pressure about study
essay223,T17,Premise,"When they are watching sports programs, it's easy to relieve those stresses"
essay223,T18,Premise,I got too much stress from the school
essay223,T19,Premise,I was quite aggressive
essay223,T20,Premise,"After I watch the soccer match between Korea and Japan, the stress was gone"
essay223,T21,Premise,this soccer match helped me to continue my academic career in the school
essay223,T22,Premise,it helped me to relieve my stress
essay224,T1,MajorClaim,businesses had better not employ the workers for the whole of their life
essay224,T2,MajorClaim,the employer should not hire the staff for a whole life
essay224,T3,MajorClaim,brilliant bosses are conscious of the need for giving opportunities to diverse employees
essay224,T4,Claim,various ideas and creativity from different people are indispensable for a company to flourish
essay224,T5,Premise,"The invaluable experience of senior employees can pass down to the young apprentices who get used to new job, but regularly give out creative and novel ideas"
essay224,T6,Premise,the rapid development in every field nowadays requires precise updates and access to new knowledge
essay224,T7,Premise,the youngsters are capable of meeting those standards
essay224,T8,Premise,"they have activeness, inventiveness and enterprise which allow them to complete their jobs perfectly"
essay224,T9,Premise,These vital factors can decide whether the company can thrive or not
essay224,T10,Claim,the staff soon gets boring with their stable job in such a long time
essay224,T11,Premise,"At a certain time, they may presume that a securing job is the most important and necessary"
essay224,T12,Premise,they need to earn money to manage their life
essay224,T13,Premise,the bulk of them realize that high promotion and competition can assist them to improve their skills and horizons
essay224,T14,Premise,Many people enjoy challenging them
essay224,T15,Premise,they don not want to be monotonous and passive ones
essay224,T16,Premise,The same-old-same-old environment soon makes them depressed
essay224,T17,Premise,this situation will have an adverse impact on the enterprise
essay224,T18,Claim,the businesses ought to recruit many workers so as to tackle this aching issue
essay224,T19,Premise,the economic crisis and financial recession result in a tremendous increase in unemployment
essay224,T20,Premise,It enables the jobless to better their life and earn a living
essay224,T21,Premise,the factories and companies will have abundant human sources to ensure the pace of manufacture and also devising lots of unique ideas
essay225,T1,MajorClaim,childhood is the happiest period of one's life
essay225,T2,Claim,"It's not only the lack of responsibilities and daily struggle that make childhood the happiest time of our lives, but also factors like learning lots of new things every day and freedom to imagine and say what you think"
essay225,T3,Claim,"during our childhood, though responsibilies exist, we are much more free to do what we would like to"
essay225,T4,Premise,Being late for school or laughing at a place where you aren't supposed to do not have consequences as serious as that would be if you were an adult
essay225,T5,Premise,"Starting with our adulthood, we are strictly bounded with our responsibilities in our daily lives"
essay225,T6,Premise,"We are told at what hour we shall wake up, how we shall dress up and how we shall behave"
essay225,T7,Premise,Every action we make are watched closely and judged by the community
essay225,T8,Claim,childhood is the period of time in which a person is surprised most
essay225,T9,Premise,"There are lots of new facts you can learn, stories you can listen to and things you can see"
essay225,T10,Premise,Another great thing about being a child is possibility learning new and interesting things about the world you live in every single day
essay225,T11,Premise,Being a child means that you are new in this world and every single thing around you is there to be discovered by you
essay225,T12,Premise,"Children are not judged about the things they say as much as the adults, and freedom to express yourself is a very important for developing a colorful imagination"
essay225,T13,Premise,"In adulthood, people are forced to express themselves in boundaries"
essay225,T14,Premise,they are in no way free to think or use their imagination
essay225,T15,Claim,Using your imagination and saying what you think freely is another great thing about being a child
essay225,T16,MajorClaim,"Childhood, in several aspects, is the happiest period of our lives"
essay225,T17,Claim,"It's not only because of the nature of childhood and children, but also the way our lives are changed when we are adults"
essay226,T1,Claim,life changes rapidly
essay226,T2,MajorClaim,"there are many things in the past that we can learn about, such as mistakes, success and knowledge in many fields of study"
essay226,T3,MajorClaim,"the past's mistakes, success and knowledge all have crucial impact on people's lives today"
essay226,T4,Claim,past obviously saves ourselves a bunch of failures and times
essay226,T5,Premise,"As everyone's life is too short to risk trying anything without any prepare, we all should learn about other's mistakes"
essay226,T6,Premise,we can avoid making the same ones
essay226,T7,Premise,"Each mistake, from the smallest to the bigger one, is a treasure of experience, which, if we can make full use of, will make us well-prepared for many complicated situations of our life"
essay226,T8,Premise,the predecessors' mistakes are the first thing that we should consider when learning about the past
essay226,T9,Premise,others' accomplishment can be served as the direct way
essay226,T10,Claim,people's success in the past is as significant as those mistakes
essay226,T11,Premise,If the predecessors' mistakes are the indirect way that leads us to the goals
essay226,T12,Premise,"By looking into the ways other people use to achieve their targets, we have the chance to make those mine, put them into practice and, of course, be successful like them"
essay226,T13,Premise,"Edison's statement ""Genius is 1 percent inspiration and 99 percent perspiration"" is still helpful for everyone today, and probably in the future"
essay226,T14,Claim,"the past is the basis in which people can use to develope new knowledge, inventions"
essay226,T15,Premise,"If it had not been for those knowledge in the past, we could never be as modern as today"
essay226,T16,Premise,How can America be the world's leading country if Columbus did not accidentally discover it in his search for India
essay226,T17,Premise,How can the comtemporary scientists study the earth's gravity without the apple which fall on Newton's head
essay226,T18,Premise,They are only some of many precious knowledge that the past presents us
essay226,T19,Premise,We cannot ignore them in any way
essay227,T1,MajorClaim,spending the budget for space exploration is an important activity to save living of humanity in the future
essay227,T2,MajorClaim,spending budget for space exploring is not the waste budget
essay227,T3,Claim,it may helps to save civilization of humanity
essay227,T4,Premise,Many governments believe that space exploration is an activity that wastes the budget
essay227,T5,Premise,the essential challenge of humanity in the future would be the discovery of a new place for the living
essay227,T7,Claim,it is very significant to find a new place for living in other planets
essay227,T6,Premise,"In during history, our planet is threatening by many of other planets or stars and it is an enormous danger for living of humanity"
essay227,T8,Premise,"In 20th century, although human being succeeded to achieve out of space by means of new technologies such as rockets, but finding a new place for living in another planet is impossible until now"
essay227,T9,Premise,"In the future, many countries will try to prevent attach of other countries by using and invention new missiles"
essay227,T10,Claim,space exploration will use as a military power for many countries
essay227,T11,Premise,Both countries tried to send man to the moon and show their power to each other
essay227,T12,Premise,"In the past, the space race happened between the United Stated and the Soviet Union"
essay227,T13,Premise,Space exploration has used as a tools for military power in the cold war
essay228,T1,MajorClaim,TV programs are among the popular topics in every day talk as well as a great time for gathering
essay228,T2,Claim,Modern TV has smart system that let you be connected with people
essay228,T3,Claim,watching TV take a lot of your day
essay228,T4,Premise,it makes people meet and start a conversation about what they watch at other times like weather forecast and sport programs
essay228,T5,Claim,people like having meals while they are watching TV
essay228,T6,Claim,Families usually tend to watch television either with each other or friends
essay228,T7,Premise,my friends and I used to sit together and enjoy watching movies using VHS player at nights
essay228,T8,Premise,It was fun and a little bit similar to the cinema
essay228,T9,Premise,TV can be one of communication ways
essay228,T10,Premise,"TV can be connected to multimedia devices that have smart operating system like Google TV, WDTV using Skype, tango and other apps"
essay228,T11,Premise,Teenagers can play games online with their friends
essay228,T12,Claim,we can communicate with each other through TV
essay228,T13,MajorClaim,TV helps you to get connected with people
essay228,T14,Claim,TV may take some of your time away from your family and friends
essay228,T15,Claim,it can also make family get together and help to get in conversation
essay228,T16,Claim,it's one way of recent communications
essay229,T1,MajorClaim,friendship is more important than mistake by a friend
essay229,T2,Claim,mistake is terrible
essay229,T3,Premise,a mistake does not last for a long time but a friendship lasts forever
essay229,T4,Premise,Anybody does not remember mistakes
essay229,T5,Premise,"If someone remembers mistake, he or she has a closed mind"
essay229,T6,Premise,mistakes will be forgotten quickly
essay229,T7,Premise,my friend Lee made a mistake that he broke my precious gift
essay229,T8,Premise,"I forgot about it just after two days, and I felt at peace with him"
essay229,T9,Claim,mistake is more forgettable than friendship
essay229,T10,Premise,a friend is a gift of our life
essay229,T11,Premise,"when the mistake friend made was not a big problem, we need to understand friend and forgive it"
essay229,T12,Premise,"According to a research, 85% of people answered that a best gift is a friend"
essay229,T13,Premise,"if a friend makes very a big mistake, we will need to end a friendship"
essay229,T14,Premise,"if you end a friendship whenever your friend makes a mistake, there will be no friends around you"
essay229,T15,Claim,Everybody makes mistake
essay229,T16,MajorClaim,a mistake can not brake friendship if it is not a big
essay229,T17,Claim,friendship is forever and gift our life
essay230,T1,MajorClaim,it is the best way for teenage children to take a part-time job to prepare their adult life
essay230,T2,Claim,it is an oppertunity to learn how to deal with money
essay230,T3,Premise,"when I was 16, I found a job during summer vacation and earned some money by own"
essay230,T4,Premise,"At the beginning of the semester, I was told to buy a text book"
essay230,T5,Premise,I spent most of my salary hanging out with my friend
essay230,T6,Premise,"I finally realized that I should learn to make a plan before I spend my money, and that did influence me in my life now"
essay230,T7,Premise,"when children get a job, they are able to earn money by themselves, instead of getting pocket money from their parents"
essay230,T8,Claim,"by taking a part-time job, they certainly have to be responsible for anything they have done"
essay230,T9,Premise,"if a student get a job in a company but he is frequently late for work, the company may reduce his payment or even fire him"
essay230,T10,Premise,"To compare with the school life, they might suffer only a small punishment at school"
essay230,T11,Premise,"Under the circumstances, he will learn that he has to obey the rule and take responsibility for their work"
essay230,T12,Claim,"to help their children to adapt adult life, parents should let them experience it as much as they can"
essay230,T13,MajorClaim,to encourage children taking a part-time job is a good choice for them to get prepared for adult life
essay231,T1,MajorClaim,It’s certainly better for children to grow up in a big city
essay231,T2,Claim,"I hold this belief because of two main reasons, academic and social reasons"
essay231,T3,Premise,"you won’t know a lot of people, there are gossips everywhere, and your life will be really limited"
essay231,T4,Claim,Growing up in the countryside is not such a good experience
essay231,T5,MajorClaim,they will grow up in a good neighborhood of a big city and they will be very happy about it
essay231,T6,Claim,if a child grows up in a big city they will be all day at home at the computer or at the video-game
essay231,T7,Premise,this is not true if you live in a neighborhood with other people about your age as I did
essay231,T8,Premise,"My friends and I used to play soccer, bike, climb trees and do a lot of other stuff every day"
essay231,T9,Premise,"We did play video-games, but that wasn't our main activity"
essay231,T10,Premise,In a big city there are more kinds of people and more things to do
essay231,T11,Claim,In a big city you have more qualified teachers and a better access to technology
essay231,T12,Premise,He said that he had to study a lot to pass the test to enter the university
essay231,T13,Premise,I have a friend that grew up in the countryside
essay232,T1,MajorClaim,parents are the best teacher
essay232,T2,Claim,Children normally think that their parents are somehow special and that makes them the most important people in the children’s lives
essay232,T3,Claim,the things that parents say have great power to their child
essay232,T4,Premise,More power than any friend or other adult could have
essay232,T5,Premise,"if someone tells a kid that something is wrong and they shouldn't do it, but his father told him/her that it was right, the kid will listen to the father instead of the other person, even if his father is wrong"
essay232,T6,Premise,a child normally spends more time with their parents than with other people
essay232,T7,Claim,their parents have more time to teach him/her than anybody else
essay232,T8,Premise,They have more contact and more intimacy with their children
essay232,T9,Premise,"even if the parents don’t intend to teach their children something, they are always observing and learning by themselves"
essay232,T10,Premise,"if there is a man that beats his wife and treats her bad, his child probably is going to be rude and treat girls bad"
essay232,T11,Claim,children usually mirror themselves on their parents
essay232,T12,MajorClaim,parents are the greatest teachers
essay233,T1,MajorClaim,ease to prepare food has improved people’s lives
essay233,T2,Claim,But people should be careful with what they eat
essay233,T3,Premise,some industrial foods are very bad for their health
essay233,T4,Premise,they should buy only food from well known brands
essay233,T5,Claim,being able to prepare a tasty food just putting it into the microwave or into the oven is awesome
essay233,T6,Premise,they don’t have much time to spend in the kitchen
essay233,T7,Premise,people normally have lots of things to do
essay233,T8,Premise,"if an engineer needs to make a project, but he needs to deliver it tomorrow, he could save hours preparing a food with the microwave instead of cooking everything from scratch"
essay233,T9,Claim,"when someone wants to prepare a good food alone for some reason, some time ago he/she would need to be a very good cook to prepare that food, but nowadays is very easy to prepare a healthy and tasty food"
essay233,T10,Premise,"if a guy wants to prepare a dinner to his girlfriend, he could just buy some food that comes with instructions"
essay233,T11,Premise,Normally you just need to put it into the oven and wait some time
essay234,T1,MajorClaim,standardized tests are valuable option for educational system as long as it would help teachers to know if the students are really getting knowledge
essay234,T2,MajorClaim,schools which obligate their students to take standardized tests are right
essay234,T3,Claim,these schools can qualitatively check if they are giving an appropriate education to their students
essay234,T4,Premise,exams could be the only way for teachers to see the real abilities of those students
essay234,T5,Claim,standardized tests are preferable
essay234,T7,Premise,"some students are not so active on the lessons, cause they are already familiar with the issue"
essay234,T8,Premise,many teachers rely only on the exam results while grading the class
essay234,T9,Premise,the usage of standardized tests is the superior option for them
essay234,T6,Premise,some students may get used to simply rewriting solved problems from the blackboard
essay234,T10,Premise,they will never try to solve problems on their own
essay234,T11,Premise,standardized tests offer them such chance
essay234,T12,Claim,"schools should require students to take standardized tests, as long as this option helps to both sides"
essay234,T13,Premise,standardized tests can be good chance for students to apply their knowledge on practice
essay234,T14,Claim,requirement to take standardized tests is the right choice
essay234,T15,Premise,in this case teachers can compare the level of knowledge of different students
essay234,T16,Premise,"In any class there will be students who will show low academic performance, so teachers could work with them more intensively"
essay234,T17,Premise,standardized tests are required over those who don’t
essay234,T18,Premise,if the teacher would know the level of each student he would fairly share his time to all of them
essay234,T19,Premise,they help teachers to fairly grade the students
essay235,T1,MajorClaim,universities should provide free of cost education to the interested scholars
essay235,T2,Claim,now-a-days universities with good name charge high fees and this leads one to think about affordability
essay235,T3,Premise,many of the interested scholars failed to get the admission in good universities
essay235,T4,Premise,"they have to think about work along with the studies, and this left them with only one choice, which is work"
essay235,T6,Claim,the issue of affordability has become crucial to the students
essay235,T7,Premise,University is more likely to become a money making business
essay235,T8,Premise,"In today’s world education is getting expensive, and people are tending to apply for self-finance education in order to get the admission"
essay235,T9,Premise,"the scholars are facing a lot of difficulties apart from their high requirements of previous education, they has a lot to face the other difficulties and burden while getting admission such as accommodation, food, traveling, clothing, etc"
essay235,T11,Premise,"it is hard to get manage two things at a time for instance, working and studying is not an easy job for the scholars, they need to concentrate on their studies"
essay235,T5,Premise,"MPhils and PhDs scholars are probably engage in the research work, which takes their full concentration and surveys"
essay235,T10,Claim,The idea of free of charge education inspires those scholars who really want to put their efforts and get a degree from best universities
essay235,T12,MajorClaim,"universities have to look over the issues face by most of the scholars; their message should be spread education, not making money, and motivate those scholars who want to get education"
essay236,T1,MajorClaim,a professor should spend more time doing research rather than educating students
essay236,T2,MajorClaim,a professor should do their research all the time during their careers as a teacher in university
essay236,T3,Claim,he or she could push him/herself forward all the time
essay236,T4,Premise,He or she should always keep the passion in her field
essay236,T5,Premise,A professor means a researcher or an expert of a specific science subject
essay236,T6,Premise,he or she can do better in teaching works
essay236,T7,Premise,the most impressive professor during my studying in university is Mr. Yang who keeps in researching and reading
essay236,T8,Premise,He is also the one who gave us inspiration and taught us the way to study more efficient by ourselves
essay236,T9,Premise,"All of my classmates gave him a rank of AAA, the excellent teacher"
essay236,T10,Claim,"If a professor doesn't get any researching works, he cannot give us the opportunity"
essay236,T11,Premise,"As for students, we can get what we want to know from textbooks, webs or teachers"
essay236,T12,Premise,we can only turn to our professors when we want to take part in a research and to get ourselves promoted
essay236,T13,Claim,a professor who is concentrate in his or her research is thinking and creating new ideas all the time
essay236,T14,Premise,He or she may stimulate us students to come up with some creative sugesstions
essay236,T15,Premise,That is good for both of the professor and students
essay236,T16,Claim,"Without their research, there will be no new technologies come out quickly"
essay236,T17,Premise,"They are the leaders almost in every fields of science, arts, culture and so on"
essay236,T18,Premise,all professors in the university are fortune of the society
essay236,T19,Premise,"Without their research, there will be more artcrafts being ruined by nothing"
essay236,T20,Premise,"Without their research, there will be less information of our ancestors to be known on the earth"
essay237,T1,MajorClaim,in general television and movies influence our behavior in bad ways more than in good ways
essay237,T2,Claim,"They make people to eat more rubbish food, spend less time with their friends and family, and be someone that are not themselves"
essay237,T3,Claim,There are a lot of people eating foods or snacks when they are watching television
essay237,T4,Premise,Most of the foods they eat are fat foods like chips or pizzas
essay237,T5,Premise,It is not rocket science to know that these foods are not good for people’s health
essay237,T6,Premise,Many companies know about this behavior and use advertisements on television to make people buy more of these foods
essay237,T7,Premise,"In turn, people will consume these rubbish foods more and we have to deal with a lot of fat diseases"
essay237,T8,Claim,"Television and movies also make people to spend more time on their couch than with their family and friends, especially children"
essay237,T9,Premise,They communicate less with their parents
essay237,T10,Premise,a lot of their time is used watching television and movies
essay237,T11,Premise,"When people are watching television or movies together, they also talk less to each other, compare to when playing social games, such as parlor games, together"
essay237,T12,Premise,they spend a lot of money to buy a lot of beauty products or go to gym to get better appearance or body
essay237,T13,Premise,"When people see beautiful women and men on the advertisements, they think that they are ugly"
essay237,T14,Claim,These advertisements build ideal images that make people to feel bad about themselves and want to be more like these images
essay237,T15,Premise,"When a cool hero characters in a movie smokes and yet a lot of people like him, then people who idolize him may also begin to smoke although they don’t prefer it"
essay237,T16,MajorClaim,most of the time they influence people’s behavior in bad ways
essay237,T17,Claim,television and movies are entertaining
essay238,T1,MajorClaim,I personaly tend to visit museums when I'm in a new place
essay238,T2,Claim,"it's good for me know about the culture, tradition and history of other places"
essay238,T3,Claim,"the museums are a visual source to know the history, tradition and culture of any place in the world"
essay238,T4,MajorClaim,it's fun and educational
essay238,T5,Claim,museums provide a tremendous amount of information about different aspects of the history and culture of that place
essay238,T6,Premise,And also taking the chance for making friends
essay238,T7,Premise,Visit museums can bring you the opportunity to establish relations and knowledge to participate in conversations
essay238,T8,Premise,And that kind of knowledge speaks very highly of you
essay238,T9,Claim,other people visit museums are the most boring expirience of a trip
essay238,T10,Premise,"My cousin Pedro literaly hates to visit museums but he really enjoyed his visit to the famous London - Madame Tussaud museum, it was kind of art entertainment but also that visit helped him to understand the artist works, and in addition he started to respect and admire other types of arts that offers in other museums"
essay239,T2,Claim,a person with good manner will give others a fine personal impression
essay239,T3,Premise,"Through those impressions, a person was easily to get acquired with others and blended with the community that surrounded him as soon as possible"
essay239,T4,Premise,"I worked in a new company, if I am a guy with good manners and treating everyone well, my new colleagues will accept me, even then I will be approved by the employers"
essay239,T5,Premise,"In opposite situation if I am being rude, I can not get along well with each other"
essay239,T6,Premise,I will be fired and have no other choice but lost my job
essay239,T1,Claim,people will get respect from politeness within each other
essay239,T7,Premise,Politeness and tender words not only can help the speaker to earn a good reputation but also that encourage the listeners who were in need
essay239,T8,Premise,A successful corporation must have a relationship with respect and pleasure
essay239,T9,Premise,There are many more facts have improved that people with politeness are easily to be succeed
essay239,T10,Premise,"from their behaviors, they made their partners or opponents to find their own individual dignity"
essay239,T11,MajorClaim,people should be polite to others in a such busy and crowded world
essay239,T12,Claim,the society needs a civilized environment and orders
essay239,T13,Premise,a degree of social civilization depend on its people's qualities
essay239,T14,Premise,"In order to create a better living environment for ourselves and our offsprings, our behaviors must be asked with politeness and good manners"
essay239,T15,Premise,"Benefit from those effective measures, there may be an obvious effect on the reducing of criminal rate"
essay240,T1,MajorClaim,some tough experiences people met before will be helpful in their life path
essay240,T2,Claim,experiences of difficulties teach them how to keep a nice mood and have confidence all the time
essay240,T3,Premise,"hardship makes people realize how to cherish and compliment the common but wonderful little things happened in their life such as, a shining weather, a delicious breakfast and etc"
essay240,T4,Premise,People who have such nice spirit usually know how to find the true love in their life instead of being seduced by greed as to lose themselves in the end
essay240,T5,Premise,they are conscious of what to do and how to do when fierce crisis happens
essay240,T6,Premise,they already have such experiences of overcoming some difficulties
essay240,T7,Premise,Those people are more likely to achieve their ambitions in their career
essay240,T8,Premise,they are aware of how to lead people to reach success despite what kind of difficulties are getting in their way
essay240,T9,Claim,people who experienced lots of difficulties will be calmer when they are in troubles
essay240,T10,MajorClaim,most tough experiences in people's life path will be a priceless treasure to them
essay241,T1,MajorClaim,life in a city is much better than life in the countryside
essay241,T2,Claim,in the city there is much better education system
essay241,T3,Premise,the schools and the universities have well equipped classes and the famous professors would like to work in such places
essay241,T4,Claim,city provides more work opportunities than the countryside
essay241,T5,Premise,"There are not only more jobs, but they are also well-paid"
essay241,T6,Premise,living in a city is more expensive
essay241,T7,Premise,incomes are higher
essay241,T8,Claim,"in the urban areas there are also more citizens what means, that the culture diversity is huge"
essay241,T9,Premise,"Meeting and knowing new people's tradition is an unforgettable experience, which could influence on one's previous habits"
essay241,T10,Premise,the city has well-organised lines of transport
essay241,T11,Premise,The buses and trains are more frequent than in the countryside
essay241,T12,Claim,the city provides better communication
essay241,T13,Claim,"in the countryside there are many places to rest, because of its location"
essay241,T14,Premise,peaceful and close to the nature areas could help to avoid worries and sadness
essay241,T15,MajorClaim,living in the city is much better nowadays
essay242,T1,MajorClaim,living environment is more important than job for most of us
essay242,T2,Claim,job can bring us happiness
essay242,T3,Premise,People can receive a sense of values and respected from job
essay242,T4,Premise,"If people receive respect from others, they will feel achievement and self-confidence"
essay242,T5,Claim,job can provide money to us
essay242,T6,Claim,people should concern more about their living environment than job
essay242,T7,Premise,"for most of us, job is only a tool to maintain our lives"
essay242,T8,Premise,Few people can feel happiness from their job
essay242,T9,Premise,they have to continue to work more than 30 years
essay242,T10,Premise,"Workers in the FOXCONN factory, which is the main manufacture of APPLE Company, just repeat one action more than 8 hours every day"
essay242,T11,Premise,These labor works cannot provide workers with a lot of happiness
essay242,T12,Premise,they feel tired and frustrated after long hour work
essay242,T13,Claim,"beautiful environment is one of basic physiological needs, which are the most fundamental requirements for people"
essay242,T14,Premise,"Without beautiful environment, people are not able to feel happiness and will fell anxiety"
essay242,T15,Premise,"Nowadays, the fast development of economy is gradually destroying our environment very quickly"
essay242,T16,Premise,Factories released a huge amount of wasters into river and soil
essay242,T17,Premise,"In order to build city and factory, people destroy huge forests"
essay242,T18,Premise,"In China, some residents who live in nearby some toxic factories became sick"
essay242,T19,Premise,these factories release a lot of toxic water and wasters into environment around people
essay242,T20,Premise,local residents benefits from an increasing number of jobs which are provided by those factories
essay242,T21,Premise,they cannot feel happiness from high-paying job
essay242,T22,Premise,most of them suffer from cancer or other diseases
essay242,T23,MajorClaim,it is far better to protect our living environment rather than focus on job or work
essay242,T24,Claim,the goal people is for good livers
essay243,T1,MajorClaim,"I prefer e-mail due to 3 reasons: convenience, honest expression and fluency in communicating"
essay243,T2,Claim,e-mail has been a great way of communication
essay243,T3,Premise,You can talk to others from thousands mile
essay243,T4,Premise,"if you are in Vietnam and another person is in the US - half of the Earth, no matter how far it is, you can keep contact"
essay243,T5,Premise,We will never have to worry if our mails will be sent to the right address
essay243,T6,Premise,"If the address is wrong, then you will know right away"
essay243,T7,Premise,e-mail doesn't take too much time: just a click
essay243,T8,Premise,e-mail will be a good tool to help me speak out
essay243,T9,Claim,writing e-mail helps people express honestly
essay243,T10,Premise,the face-to-face conversations make them feel stupid
essay243,T11,Premise,"Sometimes, their ideas are not expressed as exactly as they expect"
essay243,T12,Premise,"I want to talk to my friend about a ticklish problem like her behavior, it's hard for me to face her and explain what she should do"
essay243,T13,Premise,She will just read my e-mail instead of listening to my voice which can make her annoyed
essay243,T14,Premise,I don't have to worry about any other thing can make my opinion become unpersuasive
essay243,T15,Claim,E-mail helps me arrange my idea perfectly and make it persuasive
essay243,T16,Premise,every communication needs fluency
essay243,T17,Premise,people can understand each other exactly and remember it for a long time
essay243,T18,Premise,Voice email or face-to-face conversations sometimes make reserve people feel not very confident
essay243,T19,Premise,"when I face my parents, I can't speak out every idea and express consecutively"
essay243,T20,Premise,"They may stop me, speak something against it and that makes me forget what I want to say"
essay243,T21,Premise,Anyone can meet this problem once in any conversation
essay243,T22,MajorClaim,e-mail is the greatest way for major people to use
essay243,T23,Claim,Its convenience saves our time
essay244,T1,MajorClaim,television has more bad than good
essay244,T2,Claim,it has made people not to have conversation each other
essay244,T3,Premise,they cannot make appointment or go out with their family or friends at that time
essay244,T4,Premise,One who has favorite programs tends to be obessed with them when they are on air
essay244,T5,Premise,they think the programs are so crucial to their lives
essay244,T6,Premise,"One of my friends, for example, once cancelled an appointment to play basketball with in order to watch the favorite television show ""Infinete Challenges"""
essay244,T7,Premise,"This is not only about basketball, but also about our friendship, which depends on how often we meet and have a chance to talk to each other"
essay244,T8,Premise,"watching television alone at home, my friend lost the opportunity to increase cohesion between us"
essay244,T9,Claim,television shows make people forget what is really important
essay244,T10,Premise,it is not good for them to watch television if they want to improve their sense of closeness
essay244,T11,Premise,Watching television program together is not that different from watching same program alone
essay244,T12,Premise,it is reported that most of people don't converse with their family when they are watching television together
essay244,T13,Premise,It is natural they behave in that way
essay244,T14,Premise,television shows don't require any participation
essay244,T15,Claim,"even when people watch television together, there is no chance for them to have conversation in front of television"
essay244,T16,MajorClaim,"it is detrimental to communication among members in group, family or friends or whatever, to sit in front of television and just stare forward"
essay244,T17,Claim,It is because television not only makes people be obsessed with it but also makes their mouth close
essay245,T1,MajorClaim,communicating by e-mails or voice mails is better
essay245,T2,Premise,In this case it is not so difficult to write an e-mail or to leave a voice mail
essay245,T3,Premise,even shy people feel themselves more confident
essay245,T4,Claim,communicating by e-mail is easy
essay245,T5,Premise,Many people have problems with calling a person that they are not acquainted with
essay245,T6,Premise,I might not have time to call a person or to meet with him or her in an appropriate time
essay245,T7,Premise,for me it is better to leave a voice mail
essay245,T8,Premise,I get home at about midnight and I still need to answer some questions and to solve some routine problems
essay245,T9,Premise,I work and study at the university and I don't have spare time during the day
essay245,T10,Claim,you can write an e-mail at any time of the day
essay245,T11,Premise,you can change the word order or you can choose more appropriate style to sound more polite
essay245,T12,Premise,When you speak face-to-face you are not as able to control every word as you are when you write an e-mail
essay245,T13,Claim,when you write an e-mail you have enough time to think carefully about what you are writing and how it would be better to express yourself
essay245,T14,Claim,there is no chance to disturb people by sending them an e-mail
essay245,T15,Premise,You should not worry about interrupting an important conversation or some other business
essay245,T16,MajorClaim,I would prefer to answer it by means of internet or voice mail
essay246,T1,MajorClaim,every fast and not well thought decision is a wasted one
essay246,T2,MajorClaim,a hurried decision is almost never a good one
essay246,T3,Claim,making quick decisions leads to probable bad results
essay246,T4,Premise,"making a quick decision means that it's not very thought out, and that it hasn't been checked from all its aspects"
essay246,T5,Premise,"if someone decided to quit his job without really thinking about the alternative, or a plan B, he could end up being unemployed, because of his speedy decision"
essay246,T6,Claim,making a rushed decision could also mean that the person is missing out on a potential opportunity
essay246,T7,Premise,"if this person had waited and thought his decision through he wouldn't have missed out on the job opening in the same firm, but at a different position"
essay246,T8,Premise,he wouldn't have been unemployed
essay246,T9,Claim,"hasty decisions, not only goes to waste, but also, could affect the entire life of the person"
essay246,T10,Premise,"To put it differently, is that after this person has quit his job and became unemployed, he can no longer pay his bills nor buy what he needs for his everyday needs"
essay246,T11,Premise,his life had taken a turn to the worst
essay247,T1,MajorClaim,cars have improved modern life
essay247,T2,Claim,cars cause a lot of pollution
essay247,T3,Premise,"they provide flexibility, which is important in nearly all areas of life"
essay247,T4,MajorClaim,"Travelling, social life and employment are highly dependent on the flexibility of a person and there is nothing in the world that makes more flexible than an own car"
essay247,T5,Premise,they can visit each other regularly by using their vehicle
essay247,T6,Claim,Many people are now able to maintain relationships over great distances
essay247,T7,Premise,my car has always been a great help to see my childhood friends very often although I lived in another city
essay247,T8,Premise,I was also able to establish a relationship with a man living 89 kilometers away
essay247,T9,Premise,Thanks to my car we could see each other at the weekends and are still a happy couple today
essay247,T10,Premise,Without my automobile we would probably not have been able to develop a relationship
essay247,T11,Premise,"people are now able to overcome long distances in a short amount of time, which leads to numerous advantages"
essay247,T12,Premise,people are able to drive to work and can work further away from home
essay247,T13,Premise,they are more flexible
essay247,T14,Premise,My father for example has always been working all around Germany and because of that earned more money
essay247,T15,Premise,"He used his car to drive to the other end of the country, worked there during the week and came home for the weekend"
essay247,T16,Premise,"If he had no car, he wouldn't be able to see his family at the weekends so for him his automobile is a great benefit - not only in financial but also in social terms"
essay247,T17,Claim,cars increase the chance of employment
essay247,T18,Premise,the automobile allows people to travel more often and thus get to know the world
essay247,T19,Premise,If people do not own cars they are likely to stay in their hometown or village most of their life
essay247,T20,Premise,They are mainly using public transport and are thus limited in accessing certain areas
essay247,T21,Premise,There are still places in nearly every country in the world that cannot be reached by public transportation and can only be visited by car
essay247,T22,Claim,people who own a vehicle have greater access to more places and will see more of the world
essay248,T1,MajorClaim,choosing the job that is similar to parents' jobs could benefit to one's career
essay248,T2,MajorClaim,parents can lead their children to a more smooth career path
essay248,T3,Claim,one can get more support from his or her parents if they are in the same industry
essay248,T4,Premise,as parents are involved in the same environmen
essay248,T5,Premise,"my father is a software programmer, and he indeed teaches me a lot in programming and some computer knowledge"
essay248,T6,Premise,"Whenever I met a difficulty, I would reach him for consulting"
essay248,T7,Premise,he has many experiences
essay248,T8,Premise,I could save enormous time in finding solution
essay248,T9,Premise,This truly makes me more competitive than my colleagues
essay248,T10,Premise,"If I worked in the different field from my father, I would have faced much difficulty than I do now"
essay248,T11,Claim,"they could thus support much more to their children, such as domain knowledge and industry-related information"
essay248,T12,Premise,they know which company has better welfare or provides better education
essay248,T13,Premise,their friends in the same industry can even help to write recommendation letters to some certain companies
essay248,T14,Premise,It is undoubted that a good recommendation letter is extraordinary important in this competitive society
essay248,T15,Premise,"When others are still struggling in preparing their resume, one with a good recommendation letter has already passed the first stage in the interviewing process"
essay248,T16,Premise,parents have worked in tens of years
essay248,T17,Premise,they have accumulated a rich network in a certain industry
essay248,T18,Claim,They have a deep insight in it and could provide much support to their children
essay248,T19,Claim,choosing a job similar to one's parents' is not always a correct decision
essay248,T20,Premise,the condition of job market is completely different
essay248,T21,Premise,"when it comes to the trend, no one can predict it correctly"
essay248,T22,Premise,The condition of job market changes enormously fast like a flash
essay248,T23,Premise,there is no way to predict any job can be popular for 30 years or more
essay249,T1,MajorClaim,children should be forbidden in watching television or movies excessively
essay249,T2,Premise,"children generally have weak self-control, and thus they lose their time easily"
essay249,T3,Claim,Watching TV for a long time without doing homework is one of major headaches that most of children have brought to their parents
essay249,T4,Premise,"Whenever I back to home from school, the first thing I would do is turning on the television and sit there for hours"
essay249,T5,Premise,"I could watch TV for hours, but I could hardly sit in front of my desk to do homework for few minutes"
essay249,T6,Premise,"I could memorize all channels that TV programs was playing, but I could barely memorize any word on the textbook"
essay249,T7,Premise,"I, therefore, did extremely bad at school due to the lack of studying"
essay249,T8,Premise,Children are not mature enough to make a judgment of what is good or bad
essay249,T9,Premise,they are likely to imitate the behaviors on TV out of their curiosity
essay249,T10,Premise,"Recently, more and more children smoke"
essay249,T11,Premise,they imitate actors' behaviors on TV or movies
essay249,T12,Premise,"according to some statistics, there are more and more children have violent tendency, and the reports attribute this to TV programs and movies"
essay249,T13,Claim,there are many programs on TV or movies that are harmful to children in metal and physical health
essay249,T14,Premise,sometimes programs on TV are full of violence and sex which are harmful to children
essay249,T15,Premise,it doesn't mean that children should do it overtime and without being taken care what they are watching
essay249,T16,Claim,children should watch TV and movies for their rich contents that could give children some topics in conversation
essay249,T17,MajorClaim,"In considering whether the time children watching on TV or movies should be constrained, I hold a strongly positive point of view toward this issue"
essay249,T18,Claim,"children are poor at time management, and are less mature to make a good judgment, they cannot be too serious to be taken care when watching TV and movies"
essay250,T1,MajorClaim,they do deserve this high payment
essay250,T2,Claim,those who are paid high salaries must exceed others and achieve something incredible in certain ways
essay250,T3,Premise,a worker's salary can properly reflect his/her competence and value on his/her career
essay250,T4,Premise,They are not paid for no reason
essay250,T5,Premise,"As we are now live in a competent world, we must show ourselves to be great enough so as to convince the employer that we deserve a better payment"
essay250,T6,Premise,It's all the same in every profession
essay250,T7,Premise,"the richest athletes usually correspond to the greatest athletes in their fields, namely Michael Jordan or Tiger Woods"
essay250,T8,Claim,such high salaries can also guarantee and support the athlete's great performances
essay250,T9,Premise,Most of us only see the luxurious side of a rich athlete and ignore how may difficulties they've gone through and how much cost they've thrown into investing themselves
essay250,T10,Premise,They shall reap within their high salaries
essay250,T11,Premise,"if they are not paid high enough in order to conform to their performances, there might not be such brilliant performances for us to be amazed"
essay250,T12,Claim,the gap between the rich athletes and normal people is so huge that it seems to be unfair
essay250,T13,Premise,"as long as everyone has equal chances to pursue his/her dreams and careers, that would be fair"
essay250,T14,Premise,"Fairness is not about equal payments for everyone, but equal chances to acquire the same goal or accomplishment"
essay250,T15,MajorClaim,high salary for athletes is what they deserve in accordance with their own achievements and also a guarantee for quality performances
essay250,T16,Claim,"It is a positive encouragement for many more talented people to contribute to the world of athletics and entertainment, giving us awesome performances to enjoy"
essay251,T1,MajorClaim,people who can't accept others' criticism can't succeed in group working
essay251,T2,Premise,"the work belongs to every member, not a personal show for specific one member"
essay251,T3,Premise,It doesn't work if one member solely insists on his/her idea and doesn't take other member's criticism
essay251,T4,Premise,It's every member's duty to respect other's opinion
essay251,T5,Claim,"the core of group working is ""consensus"""
essay251,T6,Premise,It's the idea that everyone’s opinion accounts
essay251,T7,Premise,"In group works, group members gather together to have brain-storming discussion, think over every possible solutions and then finally reach an agreement"
essay251,T8,Premise,Criticism definitely hurts
essay251,T9,Premise,it points out your drawbacks and forces you to confront them
essay251,T10,Premise,criticism can help you detect those drawbacks and fix them if you are willing to take it
essay251,T11,Claim,"Even if you are not working in a group, you still need to take others' criticism"
essay251,T12,Premise,taking criticism is a virtue as you take someone's opinion that is against you
essay251,T13,Premise,Those who don't even take a word of criticism will eventually lose chances to get improved
essay251,T14,Premise,"if you can't take any criticism, not only will you fail in cooperating with other people, but also get defeated in personal works"
essay251,T15,Premise,"As one Chinese idiom goes: ""The good medicine tastes bitter“"
essay251,T16,Premise,Criticism might be the most powerful solution to heal
essay251,T17,Claim,"even if you are right, criticism is still helpful"
essay251,T18,Premise,"in this case it not only is a fixer, but it also serves as a practice to test you how much you know about your work"
essay251,T19,Premise,Taking criticism doesn't necessary mean that you have to take it all
essay251,T20,Premise,You should have your own judgments too
essay251,T21,Premise,And it's kind of art to make the best use of criticism
essay251,T22,MajorClaim,criticism is essential especially in group working but in other occasions we still need criticism
essay252,T1,MajorClaim,children should learn music and art in a young age
essay252,T2,Claim,they do contribute several merits to them
essay252,T3,MajorClaim,young age is the perfect time for children to learn music and art
essay252,T4,Claim,Music and art can accompany a spirit as long as they are given the chance to enter his/her life
essay252,T5,Premise,they are given more freedom and their imagination has not yet been killed due to reality circumstances
essay252,T6,Premise,Children are privileged to have these abilities
essay252,T7,Claim,it's very suitable for children to develop senses of music and art when they are young
essay252,T8,Premise,Children absorb things quickly and they bear exact the ability needed in music and art-imagination
essay252,T9,Premise,Music and art are not like math or language which has more strict rules
essay252,T10,Premise,"They are more abstract, requiring creativity and imagination to be enriched"
essay252,T11,Premise,"Even if their performances are just some simple drawings and melodies, music and art still bring out children's joy of flying in imagination"
essay252,T12,Claim,"even if children are not going to be great musicians or artists, learning music and art is still worthy"
essay252,T13,Premise,music and art are life-long cultivation worthy of investing
essay252,T14,Premise,They teach us how to appreciate beauty and express feelings in a creative way
essay252,T15,Premise,They are essential to our spiritual life
essay252,T16,Premise,it can nourish your temper and serve as a leisure
essay252,T17,Claim,parents shouldn't put so much stress on children
essay252,T18,Premise,learning too many skills seems to be a burden for them
essay252,T19,Premise,it depends on how you value these learning activities to be like
essay252,T20,Premise,"If parents push their 5 years old child to play piano 8 hours a day just like a professional performer, that might be too much"
essay252,T21,Premise,"In a child stage, music and art are more like an open door to introduce the art world than training area to acquire specific skills"
essay252,T22,Premise,it will not be such pressure on children
essay252,T23,Claim,"they are indeed valuable to people not only in their young stage, but in every stage"
essay253,T1,MajorClaim,the best way for teachers to make students more interested in a subject is to explain how that subject can help and apply to their lives outside school
essay253,T2,MajorClaim,using life experiences and examples to demonstrate the knowledge on a subject is an effective way to attract students' attention and keep them eager on learning
essay253,T3,Claim,it reinforces students' impression on the knowledge but also invites students to practice the knowledge out on their own
essay253,T4,Claim,"by explaining how the subject contributes to daily life, students will have vivid impression on that subject thus become more interested and active in acquiring the knowledge on that subject"
essay253,T5,Premise,"Take chemistry for example, merely memorizing the names of the substances and the structural formulas seems to be very boring, while representing where and how those chemical reactions really happen near students will raise their curiosity and lead them to digest those theories learned from the class"
essay253,T6,Premise,"While I was in senior high school, my chemical teacher once showed us how the detergent dissolves oil by an experiment and later on taught us how to describe this process with formal structural formulas"
essay253,T7,Premise,This type of learning method is more fun and eventually the results are good
essay253,T8,Premise,"I connected the visual images of that experiment with the formula and I barely forget, even though now I'm not studying chemistry anymore"
essay253,T9,Claim,"by bridging the theories with daily life events, students are given the chance to apply knowledge to their lives and develop their own ability of problem-solving"
essay253,T10,Premise,This will address students' interests
essay253,T11,Premise,it's the assignment that needs real life participation
essay253,T12,Premise,"in law class, students are informed their rights and duties and they are taught how they can apply law to different situations that might happen upon them"
essay253,T13,Premise,"When any one of the situations occurs, they can think independently and figure out how to react"
essay254,T1,MajorClaim,tackling down environmental problems is of the first priority rather than economic developments
essay254,T2,Premise,we will all perish as she's gone
essay254,T3,Premise,"Just like a man that needs a healthy body, all the living creatures as a whole needs a strong planet as well"
essay254,T4,Premise,"Without Earth, whatever great civil constructions and economic achievements will end up in vain"
essay254,T5,Premise,All the living creatures live together on our mother Earth and she is the only one
essay254,T6,Claim,environmental protection is far more urgent than economic developments
essay254,T7,Premise,"Environmental problems are global rather than local, which means that no countries can be spared from these problems"
essay254,T8,Premise,"Take global warming for example, when the temperature increases, the whole globe is affected, suffering the hotter weather together"
essay254,T9,Premise,"The melting ice mountain not only jeopardizes habitats of animals living in the polar region, but its effects of the rising sea level also endangers the residents living in the small island near the equator"
essay254,T10,Premise,the rising sea water could drown them
essay254,T11,Premise,Environmental issues can not be divided by nationality
essay254,T12,Premise,all humans are simply entwined together by our only home-Earth
essay254,T13,Claim,the influence on environmental problems are boarder and more profound than economic issues
essay254,T14,Premise,"if the economic is in a very bad situation, people would revolt instantly, while environmental problems seem to be more like chronic diseases that would not burst out right away"
essay254,T15,Premise,the truth is that we've been encountering so many sighs and warnings of global climate anomalies and other environmental crisis right now
essay254,T16,Claim,economic issues are global and critical as well thus can not be put aside
essay254,T17,Premise,"It would be unwise to still deny the truth and keep focusing on economic developments and unfortunately, usually the economic developments are even the causes of environmental damages"
essay254,T18,MajorClaim,environmental conservation is more essential than economic developments in the aspects of urgency and ranges of influence
essay255,T1,MajorClaim,there will be a decrease in cars use in the future
essay255,T2,MajorClaim,the car use will definitely decrease in twenty years
essay255,T3,Premise,the public transportation has improved
essay255,T4,Claim,it is much convenience to take a subway or a bus
essay255,T5,Premise,I live in a city which always have a jam in the morning and doesn't have enough parking lots for the cars
essay255,T6,Premise,with the stations increased people are willing to take a public transportation than drive on their own
essay255,T7,Claim,"with the risen of the aware to the environment, people will think more about whether to drive on their own or not"
essay255,T8,Premise,a driving car can make a lot of different pollutions to the world
essay255,T9,Premise,"instead of driving each one's car, if we put forty people in a bus, it will solve the traffic jam by decrease the cars use and also reduce the air pollution for the city"
essay255,T10,Claim,a personal car uses is in need
essay255,T11,Premise,a public transportation can't meet every place
essay255,T12,Premise,it may be true when you want to go to some countryside or some other inconvenience places
essay255,T13,Premise,"no matter you are going to somewhere for a trip or you just simply live in some suburbs and so on, it always have some other ways that you can do, you can ride a bike, or even walk on your feet"
essay255,T14,Premise,"It not only helps you to reduce the car use, but also good to your health"
essay255,T15,Premise,this won't be a problem at all
essay256,T1,MajorClaim,students should always attend class no matter what the outcome of the exam is
essay256,T2,Claim,"in terms of learning, attending class is more effective than simply studying alone to pass the exams"
essay256,T3,Premise,Classes are designed diligently for the students and professors absolutely bear more knowledge than the students
essay256,T4,Premise,"Professors not only have the knowledge, but also equip with experiences, knowing how to guide their students toward their academic achievements"
essay256,T5,MajorClaim,students can learn more thoroughly as well as showing respect for professors and themselves through attending classes
essay256,T6,Claim,It's an essential learning process
essay256,T7,Claim,class attendances are regarded as critical as examination performances
essay256,T8,Premise,Those who even achieve high scores on exams could fail if they didn't show up in the classes
essay256,T9,Premise,Many professors grade their students with class attendances
essay256,T10,Premise,Attending class is the most persuasive way for the students to show respect to the professor as well as themselves
essay256,T11,Premise,it's students' basic responsibility to attend class
essay256,T12,Premise,this is a rather immodest way of thinking
essay256,T13,Premise,professors can always give students more than students themselves could because of the experiences and their qualifications as professors
essay256,T14,Premise,"even if students believe that they are so brilliant to surpass their professors, they can still go to the classes to discuss with professors and classmates"
essay256,T15,Claim,if students already understand the contents on the class enough to pass the exams or they can study the course on their own
essay257,T1,MajorClaim,any great success need great work not great luck
essay257,T2,Claim,luck is one factor in reaching goal
essay257,T3,Premise,its impact is extraneous and we must not reckon on luck in our plans
essay257,T4,Premise,He do a lot of exercise in football field every day
essay257,T5,Premise,it is not for which he is luckier than me
essay257,T6,Claim,famous people are usually diligent people not lucky people
essay257,T7,Premise,Hard work make you a professional man/woman which are powerful in his or her job
essay257,T8,Premise,when you work hard you decrease portion of chance in your success
essay257,T9,Premise,in football game it is said that penalty-kick need good chance to be goal
essay257,T10,Premise,Statically the chance of being goal is fifty-fifty
essay257,T11,Premise,But I think Ronaldo make a goal from a penalty-kick with more possibility than me
essay257,T12,Premise,It is not for which Ronaldo is more fortune than me
essay257,T13,Premise,Definitely it is for which he have more practice and exercise than me
essay257,T14,Premise,it is wise advice which you have hard study to success on exam
essay257,T15,Premise,If you pick up any choice by chance you would fail the exam
essay257,T16,Premise,"You cannot prepare for it without any study and Rely on your luck, even if you be a very lucky"
essay257,T17,Premise,you prepare for TOEFL or other multiple-choice test which has four option to choose in every question
essay257,T18,Claim,we cannot always lean on our luck to be successful
essay257,T19,Premise,"I don't want to disavow the role of luck in success, but as you know it hardly accompany us"
essay257,T20,Claim,The most fortunate people in the word cannot manufacture an automobile or build a high tower just by her or his chance
essay257,T21,Premise,you have to work hard to learn and to get a lot of information before doing a project in good way
essay257,T22,Premise,These plans is done by someone who is mastered in his/her work
essay257,T23,Premise,such people do work hard and have great experiences because of their hard works
essay258,T1,MajorClaim,both learning by myself and learning with a teacher could be helpful
essay258,T2,Claim,Learning with a teacher can prevent one from being confused and increase the rate and speed of learning
essay258,T3,Claim,for practical subjects you have to have a teacher
essay258,T4,Claim,sometimes I would rather learning on my own
essay258,T5,MajorClaim,both can help and each of them has its own advantages and disadvantages
essay258,T6,Claim,it is good to learn with a teacher and sometimes on my own
essay258,T7,Claim,I will learn faster and better and won't get discouraged and confused
essay258,T8,Premise,A good and experienced teacher can help me learn faster and easier
essay258,T9,Premise,"Sometimes when learning a course by myself which is hard and confusing to understand and has few sources available, I get discouraged after spending a lot of time"
essay258,T10,Premise,"In this situation, I'll look for a teacher and request for help from him or her"
essay258,T11,Premise,And then he or she will teach me the course efficiently in a short time
essay258,T12,Premise,"if you want to learn driving a car or some jobs like medicine and engineering and some sports like skiing and swimming, you'll have to find a teacher"
essay258,T13,Premise,It's almost impossible and inefficient to learn those things on your own
essay258,T14,Premise,"if you are going to learn some things by yourself, you may learn and understand them incorrectly"
essay258,T15,Claim,There are some practical subjects that you can only learn them with a teacher or an instructor
essay258,T16,Premise,"from my own experiences, after I had started learning playing the guitar without a teacher, I got used to wrong habits regarding strumming and tempo, but after finding and learning with a tutor and identifying and eliminating those incorrect habits, I was able to play properly"
essay258,T17,Claim,There are some things that I prefer to learn them without a teacher
essay258,T18,Premise,I won't have to spend extra money for a teacher and my time will not be wasted either because of going to classes
essay258,T19,Premise,"In today's world there are many great and useful sources available like books, electronic books, the internet and TV and satellite"
essay258,T20,Premise,I can utilize them as tutorials for many things
essay258,T21,Premise,I can learn English or other languages by a lot of helpful books and many online websites
essay259,T1,MajorClaim,working at home is worse and less efficient than working in the office
essay259,T2,MajorClaim,working in the office is obviously better than working at home in terms of efficiency
essay259,T4,Premise,"Think about the big project that a group is working on, if any group member has new idea about the project, he/she can assemble his/her colleges right away and discuss"
essay259,T5,Premise,They can either get help from colleges or discuss about the work together
essay259,T6,Premise,It's more efficient and straight-forward than talking in the phone
essay259,T7,Premise,"if one’s computer or Internet has any breakdown, he/she can call the MIS staff to fix"
essay259,T8,Claim,"while working in the office, people can interact with their colleges instantly"
essay259,T9,Claim,working at home has many disadvantages that will no doubt lower the efficiency of works
essay259,T10,Premise,people are easily distracted while working at home
essay259,T11,Premise,It's hard to concentrate on work if people can grab the TV remote or some junk foods right away
essay259,T12,Premise,"while people are working at home, there will be no one supervising them, thus raises the chance of loafing"
essay259,T13,Premise,"people who work at home are more likely to miss the important events happening in the office, like some announcements from the boss"
essay259,T3,Claim,It not only has the advantage of working with colleges but also it provides a real working atmosphere that can never be grasped if people choose to work at home
essay260,T1,MajorClaim,"once you are unique enough, you are already on the way to success"
essay260,T2,Claim,"If you don't make yourself outstanding enough or you fail to distinguish yourself from others, you will be easily replaced and eliminated by someone who is better than you"
essay260,T3,Premise,"when I was in college, I was always chosen to be the presenter of group report"
essay260,T4,Premise,I was the only one in my group who could present the report thoroughly and fluently
essay260,T5,Premise,being positively different from everyone else usually means that you've achieved something that is superior than others
essay260,T6,Premise,"As living in a competent world, we are like playing a survival game"
essay260,T7,Premise,Only who has the sharpest weapon can survive
essay260,T8,Premise,Take the most popular and prestigious technology company- Apple- for example
essay260,T9,Premise,The reason why it gains such a tremendous success is because it achieves some brilliant qualities that can never be caught up by other competitors
essay260,T11,Premise,It has its operating systems that can run smoother than any other companies and its design always wins the popularity among consumers
essay260,T10,Premise,It is the uniqueness of Apple design that creates its own value
essay260,T12,Claim,being unique can create your own value which can never be taken by others
essay260,T13,Premise,"once you are special and unique, pursuing success is a matter of actively creating the fashion rather than passively waiting for other people to recognize and appreciate you"
essay260,T14,MajorClaim,being different and unique is the better way to achieve success
essay260,T15,Claim,"It not only shows your competence but also creates your own value, making you take the lead in your way towards success"
essay261,T1,MajorClaim,the art and music should be required to study
essay261,T2,Claim,"the art and music, from my point of view, are also essential for younger student's future life"
essay261,T3,Premise,those subjects help students learn this planet from another perspective and they can release people from the enormous pressure nowadays
essay261,T4,Premise,"It is well known that the art and music are not bound by country border, and they are something that is shared by the people from every parts of this world and is symbols of various cultures"
essay261,T5,Premise,learning art and music enables students to appreciate the fruits of eminent artists and musicians and to feel the fascination of different cultures
essay261,T6,Premise,students are able to feel the greatest music masterpiece in Euopren as the symphony of destiny-Beethoven's most notable workpiece is played
essay261,T7,Claim,art and music would broaden student's horizon and therefore make them thoughtful
essay261,T8,Premise,"with the improvement of life rhythm, people have currently suffered too much pressure from their studies or jobs, and these pressure are likely to destroy one person if he cannot find a way to emancipate himself"
essay261,T9,Premise,"Art and music are, of course most accessible tools for modern people to liberate themselves from the extremely stressful life"
essay261,T10,Premise,"When enjoying one piece of brilliant paintings, such as the Mona Lisa, people would put all their pressure down on the ground and just think about what the most proficient and mysterious smile in this world stands for"
essay261,T11,Premise,they would totally involve in the ocean of art and their stressful nervous would be relieved
essay261,T12,Premise,this sense towards art is built on the initial study on the art
essay261,T13,Claim,studying art and music is also the appropriate outlets of stress and superb ways to relax
essay261,T14,Premise,the study of art and music is supposed to rely on younger student's own interest
essay261,T15,Claim,the school should replace some basic science class with some art and music class in order to cultivate student's interest of art without adding extra study pressure
essay261,T16,Premise,The education of art and music would not work if students resist it
essay261,T17,MajorClaim,younger students' art and music education should not take the second place
essay261,T18,Claim,"in the modern society, since understanding of the lengthen and depth of the world is important and meanwhile people have burdened excessive pressure"
essay262,T1,MajorClaim,every prospective between generations alters and especially the challenges for this generation are significantly different from the last generation
essay262,T2,MajorClaim,"challenges for this generation are more complicated and diverse than the past generation, whether in career or in self-identification"
essay262,T3,Claim,"it is no doubt that until the next generation, there will be whole new challenges waiting for the next youngsters"
essay262,T4,Premise,"In the past, focusing on one skill was enough to deal with the problems"
essay262,T5,Premise,every industry was rather small in size and simple to manage
essay262,T6,Premise,"as those industries expand and become internationalized, people are required to equip with multiple skills to answer those challenges"
essay262,T7,Premise,now there are more chances to do business with people around the world
essay262,T8,Premise,"besides one's own profession, language ability is essential as well"
essay262,T9,Premise,financial crimes are rampant in the 21st century
essay262,T10,Premise,surging up demands for those who excel at both laws and financial management
essay262,T11,Claim,"under globalization and industrial integration, the work-related challenges for this generation are getting more complicated and challenging"
essay262,T12,Premise,The past generation was given less freedom and was usually asked to follow the paths their parents had prepared for them
essay262,T13,Claim,young people in this generation are exposed to more creative ideas and rather think individually
essay262,T14,Claim,this generation is encountering the self-recognition issue which could not be experienced by the previous generation
essay262,T15,Premise,They are eager for finding who they are and what they really want
essay262,T16,Premise,It is fortunate that they can struggle with these sweet worries and these worries are indeed never easy for them
essay262,T17,Premise,They have to make decisions between so many possibilities and they are responsible for taking the consequences
essay263,T1,MajorClaim,having a large scale of different knowledge is the key to success
essay263,T2,Claim,"when one knows different region's works, it will help one to get a friend much easier"
essay263,T3,Premise,I have studied some of the engineering courses
essay263,T4,Premise,"While some of the problems are the Engineering department's part, I went there and discussed with the colleagues there"
essay263,T5,Premise,"It is much easier for us to contact than any other person in my department, which made me popular there, and much easier to get the help that I need"
essay263,T6,Premise,"Thanks to Jeff's hard working during his leisure time, he learned a lot about the history of art"
essay263,T7,Claim,"when you want to translate your major, it is important to know some of the things about different fields"
essay263,T8,Premise,"Things ended up that he joined in a great team, while his friend who only knew financing issues can do nothing but worked in a bank"
essay263,T9,Claim,"if one can’t success one’s own major, what else things he can do in different filed"
essay263,T10,Premise,what if one finally find out him or her has the talent in other filed
essay263,T11,MajorClaim,a broad knowledge of different subjects is really important
essay264,T1,Claim,successful people can learn important and very valuable points from trying new things
essay264,T2,Claim,great success requires taking great risks
essay264,T3,MajorClaim,success and trying new things and taking risks go hand in hand and to achieve success you should consider them
essay264,T4,Premise,"if you want to know how to act effectively when communicating with people, you can try something new like salesmanship in various stores and places"
essay264,T5,Premise,By selling goods or other commodities you will face different people with different behaviors and personalities
essay264,T6,Premise,you will learn how to behave people in different situations and jobs in the future
essay264,T7,Claim,These experiences can only be obtained by trying new things and can’t be always found in books
essay264,T8,Premise,There are always interesting and useful experiences that successful people can learn them only by trying new things
essay264,T9,Premise,"If you want to gain very high profits in investments, you should use great and very high amounts of money in very risky financial decisions and dealings in which you may lose much amount of money"
essay264,T10,Premise,"If you want to achieve a remarkable success in an important exam, you should risk studying all the time and sacrificing your free time and your favorite hobbies"
essay264,T11,Premise,"The more you take risks, the greater your successes will be"
essay264,T12,Claim,it is important to take risks
essay264,T13,Premise,"If you don’t take any risks, you will have an ordinary life with average successes"
essay265,T1,MajorClaim,both the ability to relate well to people and studying hard in school are important for success in a future job
essay265,T2,Claim,each of them has its own benefits
essay265,T3,MajorClaim,we should notice to both of them
essay265,T4,Claim,studying hard in school is an important factor to succeed in a job
essay265,T5,Premise,"If we study them hard, we will have the chance of doing our job better and quicker in the future"
essay265,T6,Premise,We need to know and learn about the theoritical basis of our future job
essay265,T7,Premise,"In school, we are able to identify skills required for our future job and work on mastering and learning them"
essay265,T8,Premise,"if someone wants to become a good industrial engineer, he should study his technical courses very well so that he will be able to utilize them well in his future job"
essay265,T9,Claim,relating well to people is also another important factor
essay265,T10,Premise,One of the other factors for success in a future job is effective commuincation
essay265,T11,Premise,"By relating well to people, we are likely to have a lot of friends"
essay265,T12,Premise,we will have a wide network of communication
essay265,T13,Premise,Commuincation can bring many benefits
essay265,T14,Premise,"if you need help with getting a job, by commuincating with people offering jobs whom you treat well"
essay265,T15,Premise,"they respect you as well, you can achieve your goal"
essay265,T16,Premise,"if you are a salesman in a store or any other place, by relating well to your customers, you will increase the chance of their coming back again and becoming your regular customers"
essay265,T17,Premise,This can be done in school
essay266,T1,MajorClaim,the advertising is not the main cause of unhealthy eating habits
essay266,T2,MajorClaim,advertising is not the primary reason of unhealthy eating habits
essay266,T3,Claim,advertising might lead to healthier eating customs due to the growing awareness of living under a better lifestyle
essay266,T5,Premise,The key to forming a healthy eating pattern lies in people's concept of wholesome diets and self-control
essay266,T6,Premise,"advertising always makes the products so tempting, regardless of whether they might bring negative effects on the human body"
essay266,T7,Premise,advertising is not the only information source for people
essay266,T8,Premise,"People can still acquire different viewpoints about foods from other sources, like news or magazines"
essay266,T9,Premise,"As long as people are clear about how to maintain a healthy body and they persistently keep track of their eating habits, they can successfully prevent themselves from those temptations"
essay266,T10,Premise,It will be not persuasive if people just blame the advertising sector of a fast-food company for making them so fat and not reassess their own behaviors
essay266,T11,Claim,advertising is not entirely decisive on personal eating habit
essay266,T12,Claim,advertising may even bring healthier eating habits to the people
essay266,T13,Premise,"in the era when people are becoming conscious of a healthier lifestyle, some companies are actually aiming at this rising trend and start to promote healthy foods"
essay266,T14,Premise,Think about the recently popular organic foods that are claimed to grow in an environment without pesticide and those crude foods in which less salt or less sugar are added
essay266,T15,Premise,These are the main traits that advertising is hitting on and the overall results are good
essay266,T16,Premise,the advertising industry bolsters people's awareness of having a healthy lifestyle
essay266,T4,Claim,There are the build-up of the concept about healthy eating habits and self-control that really matter
essay267,T1,MajorClaim,Television has destroyed communication among friends and family
essay267,T2,Claim,"Some People spend a lot of time watching television, others even eat watching television, and some others make of this media a priority"
essay267,T3,Claim,"television is a great tool to learn, entertain and inform what is happening"
essay267,T4,MajorClaim,"television has destroyed communication among friends and family as soon as television become a priority, spend a lot of time watching it and eat in front of the television"
essay267,T5,Premise,she is used to his habit that she prefers to write him an email
essay267,T6,Premise,"Sometimes his wife wants to talk before they go to work, but he only let her talk during commercials"
essay267,T7,Premise,"Instead of spend time with family and friends, they like to seat on a chair for hours"
essay267,T8,Premise,"Time with the family is gold, some people have to realize that and take quality of time to talk to them"
essay267,T9,Premise,"I know someone who wakes up in the morning and before even eat he turns the television on, he even records the programs he cannot watch during work hours"
essay267,T10,Claim,some people spend a lot of time watching television
essay267,T11,Premise,"This is the time, when if they have children, they can share everything about school, a project and even concerns"
essay267,T12,Premise,"when there is a dinner with friends, some people do not have a fluid conversation"
essay267,T13,Premise,the television is again in between them
essay267,T14,Premise,"When family or friends gather together to have a good time eating and talking, this is not the reality in some cases"
essay267,T15,Claim,Another way television has destroyed communication is when some people cannot even seat at the table and have dinner with the family
essay267,T16,Claim,some people make the television a priority
essay267,T17,Premise,I remember a friend told me one day that because she was watching a telenovela I could not go to her house a certain time during the night
essay268,T1,MajorClaim,both sports and social activities should not receive equal amount of money with libraries and laboratories
essay268,T2,Claim,I do not deny the importance of doing sports in the success of university students
essay268,T3,MajorClaim,I don't think that equal amount of money should be spent on academic issues like libraries and laboratories and physical or social activities
essay268,T4,Claim,spending too much money for equipping the gyms or constructing football/basketball courts are really not necessary to encourage students to do sports
essay268,T5,Premise,"my roommate, Mary, always wakes up 6 in the morning and spends 1 hour doing sport in the park which is near our dormitory"
essay268,T6,Premise,"When she gets to the dorm, she is really full of energy and after taking a shower, she is ready to start a good day"
essay268,T7,Premise,she is doing exercise without spending a cent
essay268,T8,Premise,"What the university should do is informing the students the benefits of doing sport by hanging some posters in the campus, inviting some athletes to lecture for students and encourage them to spend some time for their body and health"
essay268,T9,Claim,The university should provide the best equipment needed for physical education students
essay268,T10,Premise,students choose their major based on their interests
essay268,T11,Premise,their major in completely involved in physical activities
essay268,T12,Premise,for an engineer or a medicine student I do not find it fair enough to equip gyms instead of their laboratories
essay268,T13,Premise,it really make the students enthusiastic to use innovative technology to learn and maybe find new things in their field
essay268,T14,Premise,"For students who want to gather with their friends or want to go out to meet new people, university programs are the last place they would choose"
essay268,T15,Premise,"when I and my friends want to spend time with each other, we prefer to go out of university to the places where we do not want to be disturbed by any familiar people"
essay268,T16,Claim,spending money on social activities looks like wasting money
essay269,T2,Claim,Relating well to people can bring plenty of merits to future job
essay269,T3,Premise,friends is a treasure with respect to either our daylife or our career
essay269,T4,Premise,"Having a good ability of relate to people means you have a number of friends in a variety of fields, imagine when you are in trouble, you have a lot of people who have good relationship with you, so you can ask for your friends to help you solve this problem as soon as possible, even an esy phone call, instend of a series of complex solutions"
essay269,T5,Premise,"If top-level managers want to make a project successful, have a good relationship with their subordinaries is the prerequisit for the managers' work complete successfully, managers should listen to their employees needs and complaints about this job, pay much patiant and care to them"
essay269,T6,Premise,"no matter who you are a top-level managers of a company or a low-level employee of that company, relating well to people is also a importent issue"
essay269,T7,Claim,make a good relationship with them
essay269,T1,MajorClaim,I do really prefer to improve my ability of relating people and make more friends rather than studying hard in school
essay269,T8,Claim,"if a low-level employee desire to enhance his position, it's fairly important to have a good relationship with their boss"
essay269,T9,Premise,"only if the employee is considered excellent in his boss's eyes, he will be more possible to enhance position"
essay269,T10,Claim,good specify knowledge is more crucial for future job
essay269,T11,Premise,"Studying harder in school, getting a good resume and absorbing lots of working knowledge, which can make these graduates more competitive than other applicants in one certain job"
essay269,T12,Premise,majority of people would choose the former
essay269,T13,Premise,it has more chance than the latter in terms of getting good jobs in the future
essay270,T1,Claim,it can improve the efficiency and reduce the crisis of our actions
essay270,T2,MajorClaim,"it is essential for people, especially young ones, to possess the ability to plan and organize"
essay270,T3,Claim,great planning and organizing ability is able to cause our actions more efficient and productive
essay270,T4,Premise,"Take myself as an example, I used to be overwhelmed by the burden of preparing for the final exam, submitting my paper, and finishing my internship work at the end of each term"
essay270,T5,Premise,"Yet, in this year, following the suggestion of my roommate, John, I make a to-do list to plan and organize perfectly everything I should get done in the final and hence take every tasks and trivials into control"
essay270,T6,Premise,"This plan ability helps me a lot, making me climb to the top rank of the class while finishing everything else"
essay270,T7,Claim,"the capacity to plan and organize also help young people to eliminate the crisis in their actions, which may ruin one's whole effort over a very long time"
essay270,T8,Premise,the employees in every company have to create profit as much as they can for their supervisors and complete their assignments perfectly
essay270,T9,Premise,"If some employees lack the ability to plan and organize ahead, they may get the procrastination and therefore take into action until the deadline is imminent"
essay270,T10,Premise,those employees who did not plan and finish their assignments ahead of time perhaps are unable to finish these tasks on time and therefore will be penalized or get fired
essay270,T11,Premise,Every employee can not afford this kind of loss
essay270,T12,Premise,the deadline of task is shifted to an earlier date for the change of company's schedule
essay270,T13,Claim,it is not need for young people to possess this ability
essay270,T14,Premise,the ability to plan and organize can be learned until obtaining a job
essay270,T15,Premise,this ability is also essential for young people
essay270,T16,Premise,young people can overcome their bad habits and fulfill their goals more quickly with this ability
essay270,T17,Premise,"As searching information on the internet, young people are probably distracted by other attractions such as online games or social webs"
essay270,T18,Premise,they would surf on the internet for hours and end up no where
essay270,T19,Premise,It is obviously a huge waste of time
essay270,T20,Premise,"if they make their plan in the first place, and then stick to their plans, they could get their work done quickly beyond their imagination"
essay270,T21,MajorClaim,the ability to plan and organize is undoubtedly a powerful and sharp weapon that we must be armed with
essay270,T22,Claim,"In this complex society, we, young people, are encompassed with multiple tasks"
essay271,T1,MajorClaim,being present at classes seems a wiser option
essay271,T2,Claim,being present at classes provide students with opportunity of communicating with other students that is beneficial for understanding new material by reviewing them throughout the free times in college
essay271,T3,Premise,they can help each other for learning materials better
essay271,T4,Premise,if they do not attend classes they cannot use the help of others for assisting them to comprehend difficult problems
essay271,T5,Claim,"by the help of teachers, students can understand ideas faster and easier"
essay271,T6,Premise,teachers explain them thoroughly in the class and after that give them a lot of examples to clarify the points
essay271,T7,Premise,In this way attending classes not only wastes their time but also facilitates their understanding process that takes them less time for comprehending materials in comparison with self-study
essay271,T8,Premise,they have to obey class’s disciplines and they practice to be more perseverance in the process of doing their assignments
essay271,T9,Premise,the ones who choose to study at home do not have any discipline for their studies and cannot force themselves to study in particular times
essay271,T10,Premise,they may miss some important parts in virtue of the chaotic and incoherent study
essay271,T11,Claim,appearing in class makes students more conscientious
essay271,T12,MajorClaim,communicating and studying with peer group is a good way for learning materials
essay271,T13,Claim,teachers have a conspicuous role in assisting students for learning materials that being present at classes is a requisite for benefiting it
essay271,T14,Claim,attending to classes makes students more attentive and have them to do their studies on time that this attitude lead them to success
essay272,T1,MajorClaim,"I personally disagree with this notion that these types of communication, telephones and email, made people less personal"
essay272,T2,Claim,Communication between people by using telephones and email made my life easier
essay272,T3,Premise,"Unlike email, send message by using mail service could be lost and could be sent to wrong address"
essay272,T4,Premise,I can using telephones and email to talk or write directly to people I want to connect with
essay272,T5,Premise,I can make a phone call or write email to my parents whenever I want
essay272,T6,Premise,"It is not possible to have conversation in person with my parents, who live in my country"
essay272,T7,Premise,Telephones and email made me feel close to my parents
essay272,T8,Claim,"telephones and email help people, who live far away from other people, to connect each other"
essay272,T9,Claim,using telephones and email could express some important words better than face-to-face communication
essay272,T10,Premise,"sometime when I argue with my friends, I cannot express my self to my friends at that moment"
essay272,T11,Premise,"when I have a time to realize what had happened, I could explain the real thought that I want to express without emotion"
essay272,T12,Premise,these types of communications make me feel personal
essay272,T13,MajorClaim,telephones and email do not make communication between people less personal
essay272,T14,Claim,Telephones and email make me feel personal
essay272,T15,Premise,I could directly connect with people that I love
essay272,T16,Premise,I could express my personal thought through telephones and email
essay273,T1,Claim,The big cities have lots of advantages and facilities over the small towns
essay273,T2,Claim,Where a person lives and grow up is very important to his future life
essay273,T3,Premise,"the environment that a person grow up, build the personality and his/her culture"
essay273,T4,MajorClaim,I highly prefer living in a big city to living in countryside
essay273,T5,Claim,People in big cities have many options to enjoy their life and spend their times with their friends in social places in contrary to people living in small towns who have few choices and at most cases one bar or one cinema to socialize with their friends
essay273,T6,Premise,"There are lots of social places in big cities like restaurants, museums, bars, sporting clubs, cinemas, theatre and etc"
essay273,T7,Premise,in this modern world education has a very important role in the human kind future life
essay273,T8,Premise,Better education results better career and been well paid
essay273,T9,Claim,persons in big cities have more chance to get the better job than people living in small towns
essay273,T10,Premise,lots of companies placed in big cities and there are more job positions in there than small towns
essay273,T11,Premise,In big cities educational facilities is quite better than small towns with more experienced and profession teachers
essay273,T12,Claim,by living in big cities one sacrifices quiet and peaceful life with breathing fresh air and loses much time in traffic and anyway for transportation
essay273,T13,Premise,distances in big cities often are too far to pass quickly
essay273,T14,Premise,Every technology has it’s good and bad effects but I prefer having the technologies with their disadvantages to living like 16 century without any of modern facilities of technology
essay273,T15,Claim,medical technologies is completely better in big cities and in my view this profit overcomes all the bad influences of technologies on human kind
essay273,T16,MajorClaim,"living in big cities is quite funnier and better and more exciting than living in small towns because of many more social places, technologies facilities, better education and medical services"
essay274,T1,MajorClaim,you should focus on what you are good at
essay274,T2,MajorClaim,doing what you can already do well helps you make a big accomplishment and do it much better
essay274,T3,Premise,"the more time you spend on what you do well, the more likely to achieve something great you will be"
essay274,T4,Premise,"Albert Einstein, one of the most competent physicians in history, devoted most of his life to develop theory in physics and finally established special and general relativity"
essay274,T5,Premise,he hardly cared about something else
essay274,T6,Premise,"It is said that, surprisingly, he never tried to distinguish a hand soup and a facial soup"
essay274,T7,Premise,using two different soups properly was quite annoying
essay274,T8,Claim,you will be more likely to accomplish your purpose by concentrating on what you do well
essay274,T9,Premise,Focusing what you are good at helps you attain your goal
essay274,T10,Premise,"When you're doing something well, you will feel more satisfied and more interested in it"
essay274,T11,Premise,you will motivate yourself to do more
essay274,T12,Premise,I used to be good at math when I was in junior high school
essay274,T13,Premise,I was really satisfied with the fact that I could do preferably
essay274,T14,Premise,I became to absorb myself to try more advanced level of math problems
essay274,T15,Premise,I could not only get higher scores in math test but also solve the university-level problems
essay274,T16,Claim,"by doing what you are good at, you will be better at it"
essay274,T17,Premise,"If you keep doing what you already do well, you can be better good at it"
essay275,T1,MajorClaim,children should learn to manage their own money at a young age
essay275,T2,Claim,it is crucial to learn our children as soon as possible to learn financially issues
essay275,T3,Premise,"sociologists found that our characteristics and personality forms early in life, even though when we are not borne"
essay275,T4,Premise,when I was at age 7 my father gave me monthly money to buy thing that I liked
essay275,T5,Premise,First time I spend the whole money to eat at school and my money finished
essay275,T6,Premise,"I asked my father for extra money, but he refuse to give it to me"
essay275,T7,Premise,I found that I should manage the way that I spend money
essay275,T8,Premise,I learned to be economical and now I have every thing I wanted
essay275,T9,Premise,"I had a friend to had a rich and prosperous family, his parent gave him everything he demanded from his childhood"
essay275,T10,Premise,He became an arrogant person who could not stand on his feet and always asked for money
essay275,T11,Premise,"His parent tried a lot and hired some experts to learn him manage his financial and carrier life, but unfortunately it was useless"
essay275,T12,Premise,"Finally one night, having fun with his irresponsible friend in his luxuries car, he crashed a truck and died"
essay275,T13,Premise,"Not only did he cause lots of damage to the society property, but also bring sorry to his family"
essay275,T14,Claim,"Even in rich families if children did not learn to manage their own money, when they grow up they will become unappreciative and dependent persons who want to just used their parents prosperity"
essay275,T15,Premise,"If parents get the children all they wanted, they would be run out of their money for their essential needs"
essay275,T16,Claim,children should be free to spend money to they what they want
essay275,T17,MajorClaim,it is very important to learn our children from their beginning of their life to be financially responsible persons
essay275,T18,Claim,our personality form in childhood and it is not easy to change it in adulthood
essay276,T1,MajorClaim,dancing is an important part of culture
essay276,T2,Claim,dancing are represent to believe of people
essay276,T3,Premise,dancing could show how civilization of that culture is
essay276,T4,Premise,people use dancing to entertain themselves
essay276,T5,Claim,dancing is important in every culture
essay276,T6,Claim,dancing are the part of people belief
essay276,T7,Premise,some culture people believe that they dance in order to sacrifice to their god so they will be get a happy life
essay276,T8,Premise,"Or some part of the world that are in arid area believe that if they danced, the rain would come"
essay276,T9,Premise,dancing are significant part of culture that could show to something that people believe
essay276,T10,Claim,dancing can represent to civilization of that culture
essay276,T11,Premise,"I have seen many western movies that when a kingdom have visitor from another kingdom, king or queen would dance to show a splendid of their kingdom culture"
essay276,T12,Premise,"The way of movement, the way that they costume and also a music while they dance"
essay276,T13,Premise,All this is a civilization of their culture
essay276,T14,Claim,dancing is one of that ways
essay276,T15,Premise,"many culture, people have many ways to entertain themselves"
essay276,T16,Premise,Both people who see and dance also have a good time
essay276,T17,Premise,"many event, such as christmas, last christmas I went to mall to buy gifts, and I was entertained by group of people in santa custom dancing in christmas song"
essay276,T18,Premise,I felt that people around me happy and group of santas also happy to see people happy
essay277,T1,MajorClaim,learning facts has more subsequent advantages for students' future lives
essay277,T2,Premise,"when students learn facts more in school, they would be ready for facing problems in their own life after their graduations"
essay277,T3,Premise,more information about facts would make students more familiar with the real life other that only their concepts
essay277,T4,Claim,they would prepare to encounter their life out of school to solve their problems better
essay277,T5,Premise,"if they deal more with facts, they can realize social situations effectively and so improve their social communication in everyday life"
essay277,T6,Claim,it would improve students' social behavior
essay277,T7,Premise,"If students only rely on concepts and ideas theorically, they would not realize human's mind very well"
essay277,T8,Premise,They should understand objects more that concepts to obtain the ability of analyzing matters well
essay277,T9,Premise,It can prevent person to progress and thrive in every position
essay277,T10,Claim,"when a student understands a fact and its consequences, he or she can encounter it more confidently"
essay277,T11,Premise,concerns and anxieties are very destructive in everybody's life
essay277,T12,Premise,these way students are teached to control their fears and concerns in facing facts
essay277,T13,MajorClaim,learning facts is more beneficial for students in both social and individual life
essay277,T14,Claim,Students would improve their social positions and encounter their problems in positive ways and also intend in the more confidence manner and etc
essay278,T1,MajorClaim,these activities have the same efficient role in students' lives
essay278,T2,MajorClaim,sports and social activities should obtain analogous concern and money
essay278,T3,Claim,They bring a lot of advantages and benefits for students and also affect their future in a positive way
essay278,T4,Claim,sports are necessary for students to acquire their energy and health
essay278,T5,Premise,I decided to go to gym to recuperate and it responded very well
essay278,T6,Premise,"After that exam, I felt depressed and exhausted"
essay278,T7,Premise,last month I had very difficult exam that I forced to study for one week back to back
essay278,T8,Premise,"besides the good body shape, sports have very vital effects on human's healthfulness"
essay278,T9,Premise,our body and moral health depend to physical activities directly
essay278,T10,Claim,social activities have same rights to receive monetary support
essay278,T11,Premise,"besides the academic knowledge, the awareness of social behavior is an important factor for human's life"
essay278,T12,Premise,students should be prepared to present in society after their graduation
essay278,T13,Premise,social activities can help them to be familiar with other's mind and different environment
essay278,T14,Premise,social groups and classes are significant factors to prepare students to contribute in discussion and encounter real social environment
essay278,T15,Claim,they bring about students to be happier and to have more fun and entertainments
essay278,T16,Premise,"If we follow just one wing of my life i.e., studying as a student, after some whiles it would be boring and we wouldn't have any motivation"
essay278,T17,Premise,Such activities can help us to pick up with other students and have more friends
essay278,T18,Premise,more friends and new experience inspire the feeling of happiness and excitement in me
essay279,T1,Claim,"the internet gives daily necessary information, people can gain knowledge and they can explore the world"
essay279,T2,MajorClaim,the internet provides a lot of valuable information
essay279,T3,MajorClaim,people are satisfied with the internet and sometimes even thanks it
essay279,T4,Claim,"it helps us in studying, doing business and exploring the world"
essay279,T5,Claim,"With valuable information it provides, people can enjoy their lives much more"
essay279,T6,Premise,"Sometimes, they want an information that can help them in daily life which the internet can provide all of these to people"
essay279,T7,Premise,a businessman who has no time to watch a television or read a newspaper can receive news and check stock markets easily via the internet
essay279,T8,Claim,everybody would like to know what is going on around the world in their everyday lives
essay279,T9,Premise,Many people such as students can take online courses to study at home or they can watch beneficial videos which also teach them knowledge
essay279,T10,Premise,Not only students but also everyone could get more information and knowledge
essay279,T11,Premise,people who have problems with their health can search for more information about it
essay279,T12,Claim,"people can gain more knowledge by using the internet, the most useful technology in the world"
essay279,T13,Premise,people who have no time or have financial problems could travel around the world by using the internet
essay279,T14,Premise,They can see lots of picture and videos of many interesting places
essay279,T15,Premise,people can learn other countries's culture and tradition which makes them have more knowledge about that nations
essay279,T16,Claim,The internet makes the world becomes smaller which is a good thing
essay280,T1,MajorClaim,studying many subjects is better that one
essay280,T2,Claim,"students can study in subjects that they interested in, they can gain knowledge more than one field and they will have more chance to choose their future"
essay280,T3,MajorClaim,learning several subjects in universities is better than specialize in one subject
essay280,T4,Claim,it makes students have more chance to gain knowledge to use in their lives and opportunity to choose their own future
essay280,T5,Premise,"when students finished their high schools, they are confused about subjects that they are going to choose to study in universities"
essay280,T6,Premise,they interested in many subjects and they want to try them all
essay280,T7,Premise,pupil who want to study science are also like to learn music
essay280,T8,Claim,requiring students to study in many subjects is good for them
essay280,T9,Premise,they all can share opinion and knowledge to one another
essay280,T10,Claim,people who know a wide range of is better than people who know just one
essay280,T11,Premise,Students can gain more knowledge in every different subjects thy study
essay280,T12,Premise,university students who study business are also know history of the world
essay280,T13,Premise,students not only gain knowledge but they also have more experience
essay280,T14,Premise,they will meet new friends and teachers
essay280,T15,Claim,students who graduated with a variety of courses during university and lots of experience are definitely have more opportunity to choose their future or career
essay280,T16,Premise,graduates can work in various kind of works which they can select a job they prefer
essay280,T17,Premise,students will choose a career that they want including the job with high salary include
essay280,T18,Premise,bachelors can earn lots of money by working in other fields due to their knowledge
essay281,T1,MajorClaim,government should pay attention on basic needs of people first
essay281,T2,Claim,government should invest to create more jobs
essay281,T3,Premise,"When people have jobs, they did not have to steal money"
essay281,T4,Premise,criminal rate were drop
essay281,T5,Premise,people have a good quality life
essay281,T6,Premise,quality of life were dropping and this make people unhappy
essay281,T7,Premise,There were increasing in criminal rate in many cities
essay281,T8,Premise,"When people did not have money, They had to rob other people"
essay281,T9,Premise,"after great economic recession, many people in many countries were unemployed"
essay281,T10,Premise,"industrial in many countries still emit high intense of carbon dioxide, which caused of greenhouse effect"
essay281,T11,Premise,Greenhouse effect causes of climate change
essay281,T12,Premise,These impact on every living creature in the world
essay281,T13,Premise,government take care of this issue by declare regulate to control emission of carbon dioxide
essay281,T14,Claim,government should invest in alternative energy such as using solar energy instead of coal energy
essay281,T15,Premise,"If we lived in good environment, our life would be better"
essay281,T16,Premise,environment is also important issue that everyone depend on it
essay281,T17,Claim,government should create campaign to fill love to family
essay281,T18,Premise,setting event once a week to gather everyone in family to spend time with each other
essay281,T19,Premise,"When family understand each other, it mean society and a nation will not have much trouble"
essay281,T20,Premise,family is a root of society
essay281,T21,Premise,"If everyone in family did not have time to spend with each other, that family could have problems, If family had problems, it mean society could have problems"
essay281,T22,Premise,"When society had problems, it could impact to a nation"
essay281,T23,MajorClaim,government should spend money on basic people needs
essay281,T24,Claim,These three issues are the most important basic needs of people in my opinion that government should pay attention on to improve quality life of people
essay282,T1,MajorClaim,"reducing stress by listening to music, playing sports, and doing meditation are easy and practical ways"
essay282,T2,Premise,I always listen music from my mp3 player
essay282,T3,Premise,I could enjoy listening music without thinking of people around me
essay282,T4,Premise,I feel happy when I listen music
essay282,T5,Claim,listening to music is a great way to relax
essay282,T6,Claim,another way that is perfectly work for everyone to reduce the stress is exercise
essay282,T7,Premise,"after work, I always do exercise, and jogging is my favorite sport"
essay282,T8,Premise,"I feel that after working out, I am easily to fall asleep"
essay282,T9,Premise,Exercising not only reduce my stress but also make me get a good health
essay282,T10,Premise,Meditation is easy way to relax
essay282,T11,Premise,"it is not require any equipment, and it take few minutes"
essay282,T12,Premise,"A way to do meditation is that I just sit down, close my eyes, and count my breath"
essay282,T13,Premise,These could relieve me from stress
essay282,T14,Claim,meditation also one of the ways to reduce the stress
essay282,T15,MajorClaim,"listening to music, exercising, and doing meditation are the most activities that people could do to escape from stress"
essay282,T16,Claim,It is are easy and usable
essay282,T17,Claim,And everyone should find the time to do more and more to feel better physically and in everyone mind
essay283,T1,MajorClaim,"paying for teacher base on grade that students got is not appropriate, and it is not fair for teacher"
essay283,T2,MajorClaim,I totally disagree with this statement that teachers should be paid by how much their students learn
essay283,T3,Claim,teacher could not pay attention to each students in class
essay283,T4,Claim,learning abilities of student are different
essay283,T5,Claim,there are problems if paying teacher by grade students get
essay283,T6,Premise,there are certain period of time for teachers to teach
essay283,T7,Premise,"In these short time, it is not possible for teachers to pay attention to individual students in class"
essay283,T8,Claim,Teachers have to manage to teach every topics by schedule
essay283,T9,Premise,"If teachers pay attention to specific students, their work might not finish on time, and this might make many student miss some field in topics that they should know"
essay283,T10,Premise,"main task of teacher to give knowledge to students, and this role have to finish in time"
essay283,T11,Claim,teachers should not be paid by testing result that students get
essay283,T12,Premise,learning abilities in each students is different
essay283,T13,Premise,It is not possible that they all comprehend all lessons in the same period of time
essay283,T14,Premise,Some students might understand all topics that they had learnt but some are not
essay283,T15,Premise,testing result are different
essay283,T16,Premise,This problems depend on how hard study they do
essay283,T17,Premise,It is not teachers fault
essay283,T18,Claim,grade that students get should not be in evaluating teacher
essay283,T19,Premise,there could lead to a big problem if schools pay teachers by grade that students get
essay283,T20,Premise,That is problem in quality of education
essay283,T21,Premise,Teacher may not care about how they have to teach to make students understand the topics
essay283,T22,Premise,Teachers may just give high grades to get higher salary
essay283,T23,Premise,This problem should not be happened
essay284,T2,Premise,"if all the story end up in the same way, it will be boring"
essay284,T1,MajorClaim,"if the good people always get an happy ending, I don’t think it’s proper"
essay284,T3,Premise,"If good people always win, we can guess the ending of the movies or dramas"
essay284,T4,Claim,we can’t always let good people be rewarded in movies or TV programs
essay284,T5,Premise,Then we will feel less interested in them
essay284,T6,Premise,"But if the good people are not always rewarded, we will try to finish the movie or dramas to find out the end of the story"
essay284,T7,Premise,Hollywood stories usually have a happy ending like a hero beats a crime and get a girl
essay284,T8,Premise,"But now many people, including me, have been tired with it"
essay284,T9,Premise,I don’t want to see the same kind of ending again and again
essay284,T10,Claim,"if children always watch the TV programs that good people get rewarded, they may think it will be true in the real world"
essay284,T11,Premise,They will be misleading by those movies
essay284,T12,Premise,they may act like good people in order to get reward
essay284,T13,Premise,"Once they find the good people are not always get rewarded, they may feel upset and not to be a good person"
essay284,T14,Premise,the good people do good things no matter the ending is good or not
essay284,T15,Premise,we should tell this to the young children to avoid the misunderstanding
essay284,T16,Premise,"Even in the real world, good people can get a bad ending sometimes"
essay284,T17,Premise,it happen more often in the real world than in those movies
essay284,T18,Premise,those good endings sometimes are helpful
essay284,T19,Premise,Some people may be encouraged to do good things
essay284,T20,Premise,this kind of behavior won’t last long
essay284,T21,Premise,someday they will realize the truth
essay284,T22,Claim,we should show people the truth in the stories
essay284,T23,Premise,"if they can, they will be good people no matter how the story ends"
essay284,T24,MajorClaim,movies and TV programs should present different stories in which good people get reward or get nothing
essay285,T1,MajorClaim,I completely disagree with this statement that we should replace normal course with online course
essay285,T2,Claim,it should not replace classroom learning
essay285,T3,Premise,Learning in classroom could provide more information to study
essay285,T4,Premise,"learning in classroom are not only learning academic skills but also learning social skills, and learning how to solve problem in real situation"
essay285,T5,Premise,in classroom have many equipment to demonstrate real example
essay285,T6,Premise,"in biology class, learning anatomy by operating fog have many benefits"
essay285,T7,Premise,Learner could learn how to use tools and see actual organs of fog
essay285,T8,Premise,online class just only study in textbook not learnin real situation
essay285,T9,Claim,learning in classroom could provide more information and make students more comprehend in subjects that they had learnt
essay285,T10,Claim,online class could not provide knowledge about social skills
essay285,T11,Premise,This important skill cannot be gotten in online classes
essay285,T12,Premise,"In a classroom, teacher could give assignment to student to work as a group"
essay285,T13,Premise,"This could help students to learn how to deal with people, how to collaborate with people in their group"
essay285,T14,Premise,in school can provide exercise class which train student to move their body
essay285,T15,Premise,Classroom have specialist trainer to teach students to it right way
essay285,T16,Premise,"If student do it by themselves, they might be hurt themselves"
essay285,T17,Premise,This make students have healthier life which online class cannot provide
essay285,T18,Claim,"learning in classroom, student could have healthier life"
essay285,T19,MajorClaim,I personally disagree this this notion that we should replace classroom with online class
essay285,T20,Claim,having classroom could provide abundant skills to students
essay285,T21,Premise,classroom could provide real actual example to make students more understand in their subject
essay285,T22,Premise,classroom courses are also provide students to learn social skill
essay285,T23,Premise,classroom could provide exercise class to set students to have a good health
essay286,T1,MajorClaim,Many circumstances that I experienced change the way I think
essay286,T2,MajorClaim,experiences that shape my thinking and the way to live my life are teach me to be a better person
essay286,T3,Claim,These experiences taught me to change my life to be a better person
essay286,T4,Premise,I could find a better way to solve problems
essay286,T5,Premise,experiences could shape me to be more aware about my health
essay286,T6,Premise,these experiences could make me to make plan for my future life
essay286,T7,Claim,There are many experiences that are improve my life in many way
essay286,T8,Premise,"I could improve the way that I solve problems, improve how I take care of my health, and improve to plan my life for future"
essay286,T9,Premise,"in math class, the way that we learnt to find an answer by doing step by step"
essay286,T10,Premise,Start with find cause of problem and the way to do research to solve the problem
essay286,T11,Premise,I could adapt this method to use my real life
essay286,T12,Premise,"When I want to go to somewhere, I try to find the way to reach to destination"
essay286,T13,Premise,Which ways are shortest and which ways are less consume my time
essay286,T15,Claim,studying in university taught me to be more prudent person to solve problems
essay286,T16,Premise,This experience teach me to aware my health
essay286,T17,Claim,Some experiences could teach me the way to take care of myself
essay286,T18,Premise,reading and listening the news about choosing a good diet are the way to keep myself are more healthy
essay286,T19,Premise,I am always buy a quality food such as organic food
essay286,T20,Premise,This food are not have chemical
essay286,T21,Premise,I can have a good health
essay286,T22,Premise,This experience change me to concern about making plan for my future life
essay286,T23,Claim,experiences are also change to plan for my future life
essay286,T24,Premise,I read about saving money for my retire is a good plan for my life
essay286,T25,Premise,I start changing myself from spending many thing that I want to saving money for my entire life
essay287,T1,MajorClaim,Going to another place to learn language is better choice
essay287,T2,MajorClaim,learning language from foreign country is better than learning language in home country
essay287,T3,Claim,I have to improve myself to communicate with other people
essay287,T4,Claim,in foreign country I could have a chance to speak foreign language with my friends
essay287,T5,MajorClaim,Learning foreign language form another country is better choice for me to study language
essay287,T6,Premise,"everyone around me speaks foreign language, and then I have to improve myself to communicate with people"
essay287,T7,Premise,"If I could not communicate with other people, I could not even buy food to sacrifice my hunger"
essay287,T8,Premise,This environment makes me want to develop myself to be able to communicate with people that speak foreign language
essay287,T9,Claim,going to another country to learn language is a good environment to stimulate people to learn language
essay287,T10,Claim,having friend that speaks another language is help people to professional in that language faster
essay287,T11,Premise,"English school in outside my home country, there are many people that come from different places and from different languages"
essay287,T12,Premise,The only language that I could talk to make friends is English language
essay287,T13,Premise,I could talk with my friend without worrying about speaking wrong
essay287,T14,Premise,This reason makes me have a progress in foreign language faster
essay288,T1,MajorClaim,the transportation is an elementary factor which directly affects to people’s living
essay288,T2,MajorClaim,the thing that I really want to change is to have more public transportation
essay288,T3,Claim,I’m facing the traffic congestion every day
essay288,T4,Premise,people will have more ways to go to a place
essay288,T5,Premise,now buses are only a kind of public transportation in this community
essay288,T6,Premise,It makes people in this area have no choice
essay288,T7,Premise,They must take only a bus to go to another place
essay288,T8,Premise,"If a subway and a sky train are available here, it will be more convenience to them"
essay288,T9,Premise,people can estimate time from taking a subway train due to the train schedule
essay288,T10,Premise,On the contrary they cannot do so in case of a bus
essay288,T11,Claim,this improvement will decrease a bad traffic on the road indirectly
essay288,T12,Claim,"it should have more alternatives to use public transportation, such as a subway train or a sky train"
essay288,T13,Claim,They should increase more routes to make people transport more easily
essay288,T14,Premise,it is waste of time
essay288,T15,Premise,the buses provide merely two routes in this community
essay288,T16,Premise,It is absolutely a major problem
essay288,T17,Premise,"if a place I intend to go is not in the route of buses, I still have to take a bus that does not bring me to my destination but go to the center station first to exchange to another bus"
essay288,T18,Premise,having more kinds of public transportation can dwindle the number of people using their own cars
essay288,T19,Claim,The necessary energy will slowly be used up
essay288,T20,Premise,people use less their own cars
essay288,T21,Premise,"people can save their expenses form gasoline, which nowadays is getting more expensive"
essay289,T1,MajorClaim,students should be asked to evaluate their teachers
essay289,T2,MajorClaim,school should ask students to evaluate their teachers
essay289,T3,Claim,teachers could improve their performance
essay289,T4,MajorClaim,there are benefits to ask students to evaluate their teachers
essay289,T5,Claim,schools are also improve their quality
essay289,T6,Premise,they have high performance teachers
essay289,T7,Premise,students are easy to understand their subjects
essay289,T8,Claim,evaluating from students could improve teachers' performance
essay289,T9,Premise,Evaluating teachers made by students could improve teachers' performance
essay289,T10,Premise,evaluation made by students is similar to feedback from customer that business owners need to know in order to improve their product
essay289,T11,Premise,Students might complain about their teachers spoke too fast that students could not catch up on information
essay289,T12,Premise,teachers could improve themselves by speaking slower to make sure that students could get all information that they want to give
essay289,T13,Premise,school have teachers who are always improve their quality from evaluation made by students
essay289,T14,Premise,in many cooperation such as Microsoft that could produce many great products
essay289,T15,Premise,they have employees whose performance are very high
essay289,T16,Premise,Schools could produce intellectual students
essay289,T17,Premise,Teachers could augment their quality
essay289,T18,Premise,"When school gather teachers that have great performance, school are gaining higher quality"
essay289,T20,Claim,this evaluation from students could improve schools' quality
essay289,T21,Premise,teachers are always adapt the way they teach in order to make students easy to understand their subjects
essay289,T22,Premise,students could comprehend their subject easily
essay289,T23,Premise,"students, who study from great schools which have great performance teacher, graduate with great knowledge to survive in next steps of life"
essay289,T24,Claim,people who get the most advantage from evaluation is students
essay289,T25,Premise,Students could study in class that have teachers who have experienced and greater performance
essay290,T1,MajorClaim,I personally prefer to work for a large company
essay290,T2,MajorClaim,I would rather prefer working in a large company than in a small one
essay290,T3,Claim,"I have different reasons to hold that, such as having a better chance to find work, having a better salary and having the opportunity to travel around the world to attend international conferences"
essay290,T4,Premise,Large company equals more job opportunity
essay290,T5,Claim,to find a job in a large company is way more easier than to find a job in a small company
essay290,T6,Premise,"Large companies always look for new skilled employees to fill in their need of distributing, managing and selling their products in different countries"
essay290,T7,Premise,"if a large company decides to open a branch in a foreign country, they would need more employees in that country to work there"
essay290,T8,Claim,a large company can give better salaries than a smaller one
essay290,T9,Premise,"The fact that a company is a large one, this means that it's having a considerable success"
essay290,T10,Premise,this means that the company can give more salaries to its employees
essay290,T11,Premise,common sense would tell us that a famous and international known company won't give the same salary as a small local company
essay290,T12,Claim,"large companies have an international reputation, as they organize international conferences, meetings and workshops which will give me the opportunity to travel in different countries and meet new people"
essay290,T13,Premise,As well as learning new skills in my field from these workshops
essay291,T1,MajorClaim,college and university should be available for all students who want to pursue their goal
essay291,T2,Claim,"Students can have opportunity to learn, to practice, to gain more knowledge for their career and for their future"
essay291,T3,MajorClaim,Studying in college and university is a great opportunity that all students should have
essay291,T4,Premise,studying in advance education take a huge of money
essay291,T5,Premise,College and university do not want people who not qualify for to waste their money in these expensive courses and waste their time
essay291,T6,Premise,only good students have potentials to success programs more that those who are not considered as good students
essay291,T7,Premise,mediocre students are not have a chance to gain these advance knowledge from college and university
essay291,T8,Claim,college and university should consider students to study with them only if they are good students
essay291,T9,Claim,mediocre students should have opportunity to be trained in college and university
essay291,T10,Premise,moderate students should have a chance to try
essay291,T11,Premise,Everyone that has strongly ambition could pursue and success their goal even they are not classified as a good student because people can change
essay291,T12,Premise,With a good environment in college or university is encouraging students to study harder for a good future
essay291,T13,Premise,all students should have equal opportunity to study in higher education
essay291,T14,Premise,higher education take a lot of money and a lot of time
essay292,T1,MajorClaim,it is better that children are not be allowed to play the computer games
essay292,T2,MajorClaim,children should not be allowed to play computer games
essay292,T3,Claim,playing computer games is a a waste of time
essay292,T4,Premise,"An investigation done by Beijing University shows that 80% of the students who failed in the final exam paid 2 hours or more on-online games every week, while 90% excellent students expressed that they did not touch computer games during the most of the days"
essay292,T5,Premise,"Recent research by Scientist also reveals that the youngs are more likely to be attacted by and lose themselves in these computer games, because of their low control ability"
essay292,T6,Claim,a large number of students are obsessed in on-line computer games and as a result their performance in school are declined
essay292,T7,Claim,time on this activity is really time wasting
essay292,T8,Premise,children could learn nothing from these computer games
essay292,T9,Premise,all these games are developed for commercial purpose and in order to catch the eyes of the children
essay292,T10,Premise,"majority of the games use war, violence, bloody, or sexual subjects to lure the students"
essay292,T11,Premise,those subjects are not suitable for the students and will bring bad effects to the youths
essay292,T12,Premise,"It is not uncommon that the teenages are found sleepless for several days playing on-line games at public internet bar, and there are also some media reports regarding the sudden death case of the teenages in the internet bar"
essay292,T13,Premise,"majority of the students failed in front of the computer games playing and they use their time for studying, sleeping and physical exerice to play these computer games"
essay292,T14,Claim,there are a few students paying considerable time on the computer games playing finally choose computer games related jobs as their career
essay293,T1,MajorClaim,wok in person is preferred
essay293,T2,Claim,this means help to achieve a good communication
essay293,T3,Claim,discussion face to face in a meeting is much better than by emails
essay293,T4,Premise,team members may have different views and they need to reach a union opinion efficiently
essay293,T5,Premise,An experiment conducted by the Beijing University asked two groups of people to discuss the budget of an activity
essay293,T6,Premise,"The first group was asked to discuss in person, while the second group was asked to discuss by email"
essay293,T7,Premise,"the 1st group used 30 minutes to reach the agreement on the budget, while it takes 30 hours for the later one"
essay293,T8,Premise,The similar experiment done by other scientist show the same result that people can reach an agreement quickly if they could talk to each other
essay293,T9,Premise,there will be less conflicts or fight amongst the team members
essay293,T10,Premise,Writing an email for an informal matter will make that matter looks official
essay293,T11,Premise,people who receives the email may feel nervous or maybe feel offended by the words in writing
essay293,T12,Claim,"less misunderstanding leads to less conflicts and fights, and enhance the communication amongst the team members"
essay293,T13,Premise,their response will not be recorded and they will not misunderstand the informal discussion to an official claim
essay293,T14,Premise,"if the same words are expressed in talking, the counterparty will feel more relaxed"
essay293,T15,Premise,work in person can indirectly improve the quality and the efficiency of the project
essay293,T16,Claim,emails are not convenient for the work but it is better than none
essay293,T17,Premise,sometimes we have to use emails if the team members are not located in the same place
essay293,T18,Premise,"it is a classroom or campus projects, there is few possibility that the project members are located in different areas"
essay293,T19,MajorClaim,I prefer the project members to work in person rather them by email
essay293,T20,Claim,work in person will be more efficient
essay293,T21,Claim,"we should realize that in a project, there are numerous coordination works are required, if each opinion is communicated via email, there will be hundreds or thousands of emails there that we know this is not a good experience"
essay294,T1,MajorClaim,professors should be encouraged to mainly do research
essay294,T2,MajorClaim,it is natural to support the professors spending more time on doing research
essay294,T3,Claim,"While extending the way of their own development, the outcomes of the researches will also benefit the whole society"
essay294,T4,Premise,"by doing research, professors could catch up with the latest development of modern technologies"
essay294,T5,Premise,The research projects provide communication with the outside
essay294,T6,Premise,doing research is a method of self-improvement for professors
essay294,T7,Premise,Universities are relatively fenced environment
essay294,T8,Premise,I still remembered that my professor took part in several research projects when I was in college
essay294,T9,Premise,He was often invited to do speech in other universities
essay294,T10,Premise,"my university is not in the high-ranking list, he gained a reputation by those projects"
essay294,T11,Claim,The research projects like windows opened to the wider world
essay294,T12,Premise,you could not find another place with so much talent people gathering together
essay294,T13,Premise,there is really no reason to discourage professors from using those advantages
essay294,T14,Premise,It is very common to see state-of-the-art laboratories in the campus
essay294,T15,Premise,We all know that Einstein developed the theory of general relativity when he was a professor in HU Berlin
essay294,T16,Premise,Universities positively contribute the professors' success
essay294,T17,Claim,professors should fully use the research-friendly environment provided by universities
essay294,T18,Claim,doing research could also improve the teaching quality
essay294,T19,Premise,"With the help of research projects, professors could lead their students into the practical world from the classroom"
essay294,T20,Premise,They can easily teach students how to imply the knowledge in practice
essay294,T21,Premise,I still remembered the experience of being an assistant in one of my professor's research project
essay294,T22,Premise,"By participating in it, I had opportunities to use theories on textbooks in real life experiments"
essay294,T23,Premise,The research project provides a more efficient way of teaching
essay295,T1,MajorClaim,I prefer to learn with a teacher rather than learn by myself
essay295,T2,Claim,being without a teacher has shortcomings
essay295,T3,Premise,"if someone faced so complicated confusion in his study and his many endeavors on making out it were miscarried, this might be ended in disappointment"
essay295,T4,MajorClaim,I support this point that the learning with a teacher is better
essay295,T5,Premise,"for one who depends on only himself in learning, his improvement of ability, with regard to cooperation and express his opinion, is unpromising"
essay295,T6,Premise,"when we encounter difficulty in our study which we can not make out, that asking the difficulty from our teacher is propitious way for us to solve it instantly"
essay295,T7,Premise,"professors and teachers have much experience and knowledge, and are so dextrous with letting students understand their study"
essay295,T8,Premise,They know something which are not incorporated in such materials as books and webpages
essay295,T9,Premise,"I, in my class, often communicate with my teacher to find a coordinated answer to a my faced problem, and my classmates are so accustomed to communicating with the teacher"
essay295,T10,Claim,learning with a teacher is that you can ask about problems related your studies
essay295,T11,Premise,We can accomplish our assignments with little help of a teacher within less time than do it by ourself
essay295,T12,Premise,the teachers play important role in leading us to right direction
essay295,T13,Premise,This gives us opportunity to rise our educational level to an exited degree
essay295,T14,Premise,knowledge may be thereby better improved and strengthened
essay295,T15,Claim,the learning with a teacher is more efficient than by myself
essay296,T1,Claim,technologies allowed us to have a convenient life
essay296,T2,MajorClaim,it has made our lives more chaotic according to the reasons mentioned above
essay296,T3,MajorClaim,technologies made our lives more complicated
essay296,T4,Premise,it takes time for people to adapt them
essay296,T5,Premise,we are informed with devices that are produced with new features nearly every day
essay296,T6,Premise,many people often get lost
essay296,T7,Premise,I use new Iphone which I personally think is great
essay296,T8,Premise,"even though I used it for couple months, I still do not know how to use all the features proficiently"
essay296,T9,Premise,"I tried to go through all the instructions but, soon, I gave up"
essay296,T10,Premise,I found out that it is time-consuming and there are too many things to learn
essay296,T11,Claim,new technologies are always great
essay296,T12,Premise,they created their own language to communicate
essay296,T13,Premise,people used computers or cellphones to chat with others
essay296,T14,Premise,people try to type as fast as they are talking
essay296,T15,Premise,they use a lot of abbreviations and broken language
essay296,T16,Premise,"This has gotten worse with twitter, myspace, and facebook"
essay296,T17,Premise,"What are even worse, young people who are still in the early ages are exposed to them and impeded by the newly developed inventions"
essay296,T18,Premise,my younger brother does not know how to spell the words correctly and he talks to his friends with terms that I have never heard of
essay296,T19,Premise,I have tried to correct him for couple times but he just thinks that I am too conservative
essay296,T20,Claim,technology destroys the language
essay297,T1,MajorClaim,online classes should never replace classroom learning
essay297,T2,MajorClaim,the classroom learning is the best way to provide education for these reasons
essay297,T3,Premise,In the classroom environment you can learn from your classmates
essay297,T4,Premise,"if you see any of your classmates who is performing better, it will force you for making your performance more better"
essay297,T5,Premise,"When I was in First Year in B Com, I was not serious in my study, but when I saw some of my friends who took better grades than me, it influenced me and I intended to do better in my subjects"
essay297,T6,Premise,I got 1st rank in final exam
essay297,T7,Claim,classroom learning is the best way to provide education comparing to online classes
essay297,T8,Claim,It makes you perfect in time management skills
essay297,T9,Premise,in classroom learning you have to complete study work on time
essay297,T10,Premise,you can learn by participating in group studies how to communicate with others
essay297,T11,Premise,"It makes you communication and of course your group skills better, which can help you in your future and career"
essay297,T12,Claim,you learn quickly
essay297,T13,Premise,"professors play vital role in classroom learning, most of them are specialists is their subjects, and they help you by giving valuable information and useful skills"
essay297,T14,Premise,"You can improve your skills by work under any professor; you can ask questions face to face, it will clear your doubts"
essay297,T15,Premise,"For Toefl IBT Coaching first I was depend on some online courses, but after 1 month I realized that I was wasting my time so I joined an institute for preparation of Toefl IBT, and in 1 month I felt that my English skills have been improving faster"
essay297,T16,Claim,online classes have some advantages so they could be used as supplementary
essay297,T18,Premise,they could not be substitute of existing classroom learning
essay298,T1,MajorClaim,it is good for a teenager to do a part time job while he/she is still a student
essay298,T2,MajorClaim,part time job will be good for students
essay298,T3,Claim,it can destruct students from their study
essay298,T4,Premise,i did part time job in my high school and it did not hurt my academic result
essay298,T5,Premise,"Students can learn about time management, money management and convince people by their words"
essay298,T6,Premise,when I was in my high school I worked as a sales-man in a shop for a year
essay298,T7,Premise,i had to manage my time efficiently
essay298,T8,Premise,As i had to spend some of my time in my job
essay298,T9,Premise,I had to manage my boss as well as had to prepare my homework
essay298,T10,Premise,This taught me how to manage time efficiently and do any job quickly and effectively
essay298,T11,Premise,I learn money management
essay298,T12,Premise,"When my boss was out of the shop, i had to manage the accounts section of the shop"
essay298,T13,Premise,"From this i learned, how to manage money correctly"
essay298,T14,Premise,"This experience taught me, doing part time job can help students to learn many things"
essay298,T15,Claim,"students can learn lots of things from part time job, before starting their real job"
essay298,T16,Claim,"from part time jobs students can earn money, which can help their parents"
essay298,T17,Premise,part time job can help students earn money and which can help their parents financially
essay298,T18,Premise,"By tutoring them, i earned some money and bought me books with it"
essay298,T19,Premise,after taking that part time job i stopped taking my pocket money form my parents
essay299,T1,MajorClaim,its better that people learn foreign language in their own country
essay299,T2,MajorClaim,it is better for people to learn a foreign language in their own country
essay299,T3,Claim,It is cost effective and there is a pool of opportunities available now to accomplish the same
essay299,T4,Premise,"In the earlier periods, it was not easy to find a teacher to learn a foreign languge"
essay299,T5,Claim,"with the advent of globalization, one can easily find a teacher in their own country"
essay299,T6,Premise,"in Indian sub-continent there are large number of centers opened for getting trained in variety of languages like french, german etc"
essay299,T7,Claim,it is not possible for everyone to visit a foreign country to learn a foreign language
essay299,T8,Premise,it requires large amount of money and legal formalities
essay299,T9,Claim,it is very easy to learn a foreign in our own country
essay299,T10,Premise,Students can choose any language from the set of languages available at a university
essay299,T11,Premise,colleges and universities have introduced foreign language course as a part of their curriculum
essay299,T12,Premise,highly qualified foreign language teachers are easily accessible in various schools and colleges
essay299,T13,Premise,A large number of foreign language courses are available online and there are various forums where people can discuss their problems on different foreign languages
essay299,T14,Claim,technology has also played a great role in reducing the separation between learning a foreign languge in our own country
essay300,T1,MajorClaim,i discern that several small breaks will help students to be active in their academics
essay300,T2,MajorClaim,schools should consider giving several small vocations to the students during the year
essay300,T3,Premise,"it not only provide break to them from their regular commitment but also allows them to spend some time on themselves, heel stressful mind and boost desire of resuming to the regular schedule"
essay300,T4,Claim,Vacations are not only required by students but also by professionals and housekeepers
essay300,T5,Claim,several vacations throughout the year will keep stress level of students low
essay300,T6,Claim,students learning capability increase after having refreshing vacation
essay300,T7,Premise,Many educational bodies schedule its small vacations after term exams so that student's get relief form exam pressure
essay300,T8,Premise,"research done by universities proves that student's performance improves if they get regular breaks from their learning, preparation and examination schedule"
essay300,T9,Premise,Many colleges in foreign countries provide vacations to students after each semester that facilitate student to entertain themselves as well as prepare for their next semester
essay300,T10,Premise,several holidays aid these students to not only amuse themselves but also arrange fund and materials such as books and references material for their upcoming course
essay300,T11,Premise,in my school we used to get several vacations after our quarterly exams
essay300,T12,Premise,During those vacations i used to analyze my performance in latest examination and used to go through those question or concept again to avoid making same mistakes
essay300,T13,Premise,I also used to spend my time on developing some recreational activity or learning some sports or game
essay300,T14,Premise,"During my all vacations, I used to miss my school due to which I used to restart my session with great enthusiasm of learning and scoring good marks in new quarter"
essay301,T1,MajorClaim,a person should keep trying for his goals
essay301,T2,MajorClaim,one should not give up
essay301,T3,Claim,"Anyone who wants to achieve the goal should acknowledge that his effort and experience from suffering helps him understand his true potential and increase his strength, and ultimately, it will prompt him to be ready for overcoming the greater challenge in his life"
essay301,T4,Premise,I realized the true potential of my body and mind as I decided to train myself hard
essay301,T5,Premise,"Even if I were not to win this medal, I acknowledged the great amount of my endeavor as I could keep my tired legs running"
essay301,T6,Claim,committing to our goal helps creating personal worth
essay301,T7,Premise,I remembered how I was suffered in the first round when I was last person who touched the line
essay301,T8,Premise,"I did not give up, and believed that I would be better in the next round"
essay301,T9,Premise,I knew how to improve myself
essay301,T10,Premise,"I had been a loser for a thousand time before the first winning, and suffering from losing in each competition makes me stronger"
essay301,T11,Claim,one who learns the great difficulty will become stronger
essay301,T12,Claim,the responsibility is worthy of carrying
essay301,T13,Premise,"When the distance is longer and harder to achieve, a runner who can go beyond his limit will proud of himself"
essay301,T14,Premise,He can feel the sweetness of triumph
essay301,T15,Premise,he did not stop pursing his goal
essay301,T16,Premise,"we, as an average people, might feel that the responsibility to our goal is too heavy to carry on"
essay301,T17,Claim,the true reward is to have the dignity
essay302,T1,MajorClaim,saving some part of your earnings is essential
essay302,T2,Claim,"you can not predict future developments, neither in your professional nor your personal life, furthermore with savings you can fulfill some of your dreams"
essay302,T3,Premise,they had to move back in with their families and they lost their independence
essay302,T4,Premise,They could not afford the rent
essay302,T5,Premise,I remember some friends who lost their jobs recently due to the economic crisis in Europe
essay302,T6,Claim,The global economic conditions in these days are tough and there are many unpredictable factors that make it necessary to have some money on your bank account
essay302,T7,Premise,there are several uncertainties about your professional future
essay302,T8,Claim,It is possible that in the future you have some unavoidable expenses that you could not afford without savings
essay302,T9,Premise,you can not be sure about the development in your personal life
essay302,T10,Premise,Back in university I remember a friend of mine who had just little savings and he had to deal with a major repair of his car
essay302,T11,Premise,He could not afford the maintenance
essay302,T12,Premise,he had to sell it
essay302,T13,Claim,Working hard and saving money for later on investments is a great way of getting a satisfying feeling and to reward yourself for something you have accomplished
essay302,T14,Premise,with savings you can afford some luxurious goods and fulfill your dreams
essay302,T15,Premise,I made a month-long backpack trip through Southeast Asia last summer with my girlfriend
essay302,T16,Premise,Without our savings we could not have pursued our long-time dream
essay302,T17,MajorClaim,there is no other choice than saving money for some time
essay303,T1,MajorClaim,it is very important to live life at a slower pace
essay303,T2,Claim,living in a hurry comes along with several disadvantages
essay303,T3,Premise,"If you are always hurried and you do not take a certain time off, your body will react to your stressful lifestyle"
essay303,T4,Premise,"Many hardworking people have diseases, like the burn-out syndrome"
essay303,T5,Premise,their bodies cannot hold the pace
essay303,T6,Premise,my father had a a breakdown several years ago due to his stressful job
essay303,T7,Premise,"After several weeks off his body was restored, now he has reduced the tempo of his lifestyle and is doing fine"
essay303,T8,Claim,living your life on the fast lane is very stressful and can affect your health
essay303,T9,Premise,If you are always facing excessive stress you cannot care for your beloved's
essay303,T10,Premise,If you do not hurry yourself you can take more time for your family and friends
essay303,T11,Claim,living your life at a slower pace increases your happiness
essay303,T12,Premise,Caring for your social environment will increase your happiness and also reduce your stress level
essay303,T13,Premise,a friend of mine lives at a slow pace and is really satisfied about it
essay303,T14,Premise,he can enjoy his family and cultivate his friendships
essay303,T15,Premise,"When you are faced with difficult tasks and you do them in a rush, you are more likely to do avoidable errors or mistakes"
essay303,T16,Premise,Doing tasks in a hurry may end up in not considering all necessary aspects or opportunities
essay303,T17,Claim,"you might make mistakes, you would not have done with more patience"
essay303,T18,Premise,quality takes time
essay303,T19,Premise,I once wrote an essay in a hurry and got a bad grade
essay303,T20,Premise,I made few mistakes I could have avoided
essay303,T21,MajorClaim,"living a slower life is advantageous for your health, your happiness and even the quality of your work"
essay304,T1,MajorClaim,we clearly have to change our attitude towards the environment
essay304,T2,MajorClaim,"we definitely have to change our behavior towards the environment, not only to preserve the endangered animals but also to preserve our own living conditions"
essay304,T3,Premise,If we don't change our behavior we will extinct many species living for millions of years on the planet
essay304,T4,Premise,"As we destroy the natural habitat, like forests, jungles and lakes, to make place for our industry and farmland, we rob the ecosystem"
essay304,T5,Premise,every day a massive part of the Rainforest in South America is destroyed to provide wood and farmland
essay304,T6,Premise,If we don't preserve this important part of our ecosystem many endangered animals will loose their natural habitat and go extinct
essay304,T7,Premise,further generations will never have the opportunity to see and study these animals
essay304,T8,Claim,the natural diversity is very important for further generations
essay304,T9,Premise,"Our behavior causes pollution, which heavily affects the weather conditions on planet Earth and causes the undoubtedly Global Warming"
essay304,T10,Premise,"This not only affects the endangered animals, but also the humans"
essay304,T11,Premise,we are affected by the increasing sea level and the climatic changes
essay304,T12,Premise,"recent studies from the United Nations Organization have shown that, till 2050 the sea level will increase over one meter in the average"
essay304,T13,Premise,This will dramaticly affect all people living near the coast and change the global climate
essay304,T14,Claim,a stable and sustainable environment is essential for the weather
essay305,T1,Claim,"it is university level of education, students have enough maturity to choose their choice"
essay305,T2,MajorClaim,going to classes should be optional for the students
essay305,T3,Premise,some lecturers in our university read the same text in the reference books for that particular course module
essay305,T4,Premise,they didn't explain the contents in order to understand by the students
essay305,T5,Claim,they have enough ability to read and understand the text book
essay305,T6,Premise,the university students have grown up
essay305,T7,Claim,"with the modern technology, students can collect more information from different sources"
essay305,T8,Premise,"from the Internet, students can read many articles and e-books and can watch video tutorials which provide the information more apparently"
essay305,T9,Claim,some lecturers deliver lectures very informative and interesting way
essay305,T10,Premise,"When the students attend that lectures, they can obviously feel that it was very useful and they did not waste their time"
essay305,T11,Claim,going to classes are sometimes waste of the time
essay305,T12,Premise,It was waste of the time
essay305,T13,Claim,"rather than attending any boring lecturers, students can participate to other activities such as debate competition, swimming meet, Basketball and so forth"
essay305,T14,Premise,most of the university students are working students in order to manage the expenses during the education time
essay305,T15,Premise,Students need to work as part time basis
essay305,T16,Claim,"they have to schedule the lectures time, studying time and working time"
essay305,T17,Premise,they can meet other university students and build up the relationships with them
essay305,T18,Premise,mostly university has taken whole day for the lectures
essay305,T19,MajorClaim,"if the students choose the classes as optional, it would provide more benefits than drawbacks"
essay305,T20,Claim,few brilliant lecturers deliver more informative lectures
essay305,T21,Premise,some are boring the students in the class and wasting the students' time
essay305,T22,Claim,"When the students go to university, they have matured mentally and physically"
essay305,T23,Claim,They have enough knowledge to choose what they need to do
essay306,T1,MajorClaim,the convenience it brings is more
essay306,T2,Claim,technology may make people's life complicated in some aspects
essay306,T3,Premise,"With a private car, you can reach the destination in another city just sitting in the vehicle"
essay306,T4,Premise,"if you would like to have a trip across the ocean, a plane can carry you there in only a few hours, which is hard to imagine in the ancient times"
essay306,T5,Claim,"when it comes to the field of transportation, there is no doubt that the technology in automobile has made people's life simpler"
essay306,T6,Premise,"In the past, teachers have to write what they want to convey to students on the chalkboard, resulting in a great waste of time and the fatigue of teachers"
essay306,T7,Premise,"With the advent of iPads in e-learning, paper books become unnecessary, so does the blackboards"
essay306,T8,Premise,"all the knowledge and information are stored in the iPads, with a single click, and they would appear right before your eyes at once"
essay306,T9,Claim,technology also makes teaching simpler
essay306,T10,Premise,"the cell phone, which used to be simply a tool to deliver messages to your contacts in a distance, now are playing a role more than just a phone in social communications"
essay306,T11,Premise,"folks have to check their Facebooks, Twitters, and Forums accounts every minute, which add too much pressure to them"
essay306,T12,Premise,"games on their phone exert a tremendous fascination on teenagers, leading to a large problem that they got addicted to their phones"
essay306,T13,Premise,making their life more complicated and tired
essay306,T14,Claim,technology may make people's life more complicated
essay306,T15,Claim,technology may make people's life complicated in some cases
essay306,T16,MajorClaim,the convenience it brings in people's are significant
essay307,T1,MajorClaim,mass media deal too much with superficial things
essay307,T2,MajorClaim,"television, magazines and newspapers pay too much attention of peoples' private lives for all the reasons mentioned above, namely to increase audience or readership and to give exciting and shocking news to a society which feed upon gutter press and Tabloid TV"
essay307,T3,Premise,Gutter press and Tabloid TV are more and more replacing quality papers or documentaries programs
essay307,T4,Premise,"Thanks to the Internet, we can go online and have access to information from all over the world"
essay307,T5,Premise,mass media don't need any more to keep informed people but their goal is to have enough readers or TV audience
essay307,T6,Claim,television and newspapers focus on famous peoples' lives in order to increase their audience or readership
essay307,T7,Premise,"Nowadays, unscrupulous paparazzi constantly follow celebrities just to take a photo while they are eating or training"
essay307,T8,Claim,we live in a society where the most important thing is appearance and gossip
essay307,T9,Premise,Newspapers often receive accusations of checkbook journalism; this means that magazines pay people a lot of money for stories or photos
essay307,T10,Premise,"there are Reality TV, television programs in which people are put into artificial environments and situations, for example like ""Big Brother"""
essay308,T1,MajorClaim,I prefer to spend my entire live in one place which is my hometown
essay308,T2,Claim,"In my hometown, I have a lot of friends and good relationships, I love the traffic in here, and the environment is wonderful"
essay308,T3,Premise,Nowhere else can give me some people like in here
essay308,T4,Premise,"In here, I have a lot of friends, and we usually spend free time to play sports like soccer, basketball and of course we have a lot of fun"
essay308,T5,Premise,"Every people in my town have known each others, and we have good relationships"
essay308,T6,Claim,"If anyone needs help, his neighbor will help as much as possible"
essay308,T7,Premise,We have large streets but few cars
essay308,T8,Premise,we can move easily to anywhere
essay308,T9,Premise,"Last week, I went to the city center to meet my friends"
essay308,T10,Premise,The traffic in the city was too crowed
essay308,T11,Premise,I have to wait for an hour to go to my friend house
essay308,T12,Premise,I love the traffic system in here
essay308,T13,Claim,I want to live here
essay308,T14,Premise,"I have been gone to some places to travel and stay for a short time, and I realize that the environment in some place isn't clean and fresh like my home town"
essay308,T15,Premise,There were a lot of people
essay308,T16,Premise,the environment can't be keep clean
essay308,T17,Claim,I also love the environment in here
essay308,T18,MajorClaim,staying in one place is better than moving number of places
essay308,T19,Claim,Moving some places can give to you a lot of experiences
essay308,T20,Premise,"living in one place like your hometown can make you feel comfortable about the traffic, people and of course the environment"
essay309,T1,MajorClaim,both choices have their own advantages and disadvantages
essay309,T3,MajorClaim,I would definitely choose the second option: living in an apartment
essay309,T2,Premise,learning all those characteristics would really help me in leading successful life
essay309,T4,Claim,it teaches me everything that I certainly wants to learn in my life
essay309,T5,Premise,"students can have an opportunity to take part in many kind of extracurricular activities happing around the campus such as attending conversation club, or joining sports club"
essay309,T6,Premise,Students can also have more chance of interaction with their teachers and classmates
essay309,T7,Premise,"it is easier for students to get help when facing problem such as if students have problem in solving their math question, they can easily ask for help to their roommates, classmates, or teachers"
essay309,T8,Premise,living in a dormitory helps students to familiarize themselves with the academic environment of the university
essay309,T9,MajorClaim,both living accommodation have its own benefits
essay309,T10,Claim,living in dormitory is always helpful to students
essay309,T11,Premise,"students can learn many new things such as how to become responsible, independent, punctual, co-operative compared to living in university dormitories"
essay309,T12,Premise,"They are responsible to take care of everything including paying their apartment rent on time, and dealing with the utility bills"
essay309,T13,Premise,"students also have to focus on their study, and try to maintain their grades higher"
essay309,T14,Premise,students also have a chance to know about the community around them
essay309,T15,Premise,"Interacting with the people, and socializing with them prepares students for the life after graduation"
essay309,T16,Claim,living off campus prepares students for the real life
essay310,T1,Claim,"Trying to learn skills, working in two places in a week and gaining more tasks are the reasons which take into account as the most important causes of my choice"
essay310,T2,MajorClaim,Working fast yet risky has a place near the ideal goal
essay310,T3,MajorClaim,people should work faster even more risky
essay310,T4,Claim,"Gaining more skills by study, having more than one job, and handling more tasks are the benefits of it which overweighs its disadvantages"
essay310,T5,Premise,Attending in some classes which try to increase the skills of employees can be considered as an absolutely effective parameter
essay310,T6,Premise,"If people learn how should increase their speed at work by studying, they can stares in their workplace"
essay310,T7,Premise,I have a friend who was working so slowly
essay310,T8,Premise,He has been threatened by his boss who was going to fire him
essay310,T9,Premise,My friend went to a course where he learned how should work rapidly and now he is working
essay310,T10,Claim,"if persons work rapidly, they will have more chance to study"
essay310,T11,Premise,If they work just in one organization they cannot earn enough money
essay310,T12,Premise,This fact pushes them to work faster and faster
essay310,T13,Premise,applying to study abroad needs a lot of money
essay310,T14,Premise,I am working in two organization to gain more salary
essay310,T15,Claim,people prone to work in two or three firms in a week
essay310,T16,Premise,the expenses have been increased
essay310,T17,Premise,"The more money, the more chances"
essay310,T18,Premise,"If you show in your workplace that you are the one who can work more than other even carelessly, your boss will assign you more tasks"
essay310,T19,Premise,"If you do them fast too, the first acknowledgement of your boss encourages you to work harder"
essay310,T20,Premise,It turns you to a person who has skill of working without hesitation
essay310,T21,Premise,"Even if we ignore this result, by the same token, you can get higher position and more money"
essay310,T22,Claim,people who work slowly can no longer handle more tasks
essay311,T1,MajorClaim,students can acquire university knowledge without the prerequisite of passing exam
essay311,T2,MajorClaim,the university should allow the student to participate in the classed without passing the test
essay311,T3,Claim,not only is every students expert in every part of one subject but also it will reduce the student in the campus who leave uncultivated
essay311,T4,Premise,I don't like electronics
essay311,T5,Premise,electronics cannot always be seen in the real world
essay311,T6,Claim,the students are not constantly expert in every part of a subject
essay311,T7,Premise,And I have had 0 in physics score when I study the electronics
essay311,T8,Premise,But I constantly achieve 100 score when I study other part of the physics
essay311,T9,Premise,"And if I cannot attend the classes until I pass the exam of electronics, I could not pass the entire part of physics, and I will fail the exam over and over again"
essay311,T10,Premise,"Luckily, in our university, you can attend the classes regardless of the score you reach"
essay311,T11,Premise,And I can study physics without consideration of my electronics
essay311,T12,Premise,"And at last, I took the electronics again and pass the exam"
essay311,T13,Claim,the university student may don't reach a high if the university allow student to participate in the class no matter whether they pass the test or not
essay311,T14,Premise,the benefit of free to access to the classes eclipse the issue of lower points
essay311,T15,Claim,"if the university take the policy that no one can attend the classes without passing exam, students are highly likely to leave uncultivated"
essay311,T16,Premise,"If one fail most of the exam, it means that he or she cannot participate in most of the classes"
essay311,T17,Premise,And the students will have nothing to do in the campus
essay311,T18,Premise,he or she will play online games days and nights
essay311,T19,Premise,The academic achievement will decline
essay311,T20,Premise,this student will become a loser in the world
essay311,T21,Premise,And all this is due to that the university don't permit them to attend the class
essay311,T22,Premise,This is not the failure of the university but also the entire education system
essay312,T1,MajorClaim,"Money should spend on facilities in school or update resources, which are beneficial to school rather than just instructors"
essay312,T2,Claim,The professors are essential
essay312,T3,Premise,the schools are established for students
essay312,T4,Premise,the most efficient way to improve the education is to guide the students to learn actively
essay312,T5,Premise,By renewing some facilities in school so students will spend more time at school doing assignment
essay312,T6,Premise,A comfortable environment can attract people to stay longer
essay312,T7,Premise,students spend more time on school to make a good circulation of learning
essay312,T8,Premise,students have a better environment to working on their assignments
essay312,T9,Premise,the quality of their assignments will improve
essay312,T10,Premise,the competition between peers enhances and forms a circulation
essay312,T11,Premise,"In my school, the classrooms in my university are old and kind of shabby"
essay312,T12,Premise,I prefer spending money in a coffee shop to staying at school to finish my assignment
essay312,T13,Premise,It's unpleasant to stay at school
essay312,T14,Premise,"coffee shops are not always quiet, so my classmates and I often finish our work roughly"
essay312,T15,Claim,the school should put more emphasis on students instead of professors
essay312,T16,Claim,"To improve education, spending more money to raise professors' salary is inappropriate"
essay312,T17,Premise,"the ultimate purpose is to change, to motivate students to be better"
essay312,T18,Premise,High-salary instructors don't teach students harder because they earn more money
essay312,T19,Premise,There won't be any effect if school does so
essay312,T20,Premise,There was news about raising professors' salary in my country
essay312,T21,Premise,This event provoked a demonstration composing of students mostly
essay312,T22,Premise,The proposal of the demonstration was eliminating the raising salaries
essay312,T23,Premise,"if the policy of raising salary was supported, the demonstration would not happen"
essay312,T24,MajorClaim,I against providing more money to professors
essay312,T25,Claim,Students' tuition is not only for the professors but also for their quality of learning at university
essay313,T1,MajorClaim,pets should be treated like human beings
essay313,T2,Premise,"they listen to us, more than some people will ever do"
essay313,T3,Premise,We can talk to them
essay313,T4,Premise,"When I was 14 years old, my uncle passed away and I felt like everything was no longer important"
essay313,T5,Premise,Talking to my friends was frustrating
essay313,T6,Premise,none of them have ever felt that way
essay313,T7,Premise,I was all alone at home for a long time
essay313,T8,Premise,my dog was near me and it seemed to me that only him could understand my deeply feelings
essay313,T9,Premise,pets aren't able to speak with us
essay313,T10,Premise,we can nonetheless count on them
essay313,T11,Claim,pets are our friends as well as certain human beings are
essay313,T12,Premise,"Similarly to friends, indeed, they are always with us and they are there if we feel alone"
essay313,T13,Premise,nowadays the pet therapy is becoming more popular than before
essay313,T14,Premise,Researchers have discovered that pets can bring benefits in a huge amount of illnesses
essay313,T15,Premise,There are dogs who lead blind people around the city
essay313,T16,Premise,pets are important for depressed people as well
essay313,T17,Premise,without them they could not go around all alone
essay313,T18,Premise,their presence make them feel better
essay313,T19,Premise,there are dogs who are educated in order to find out criminals or to use their sense of smell to find drugs
essay313,T20,Claim,pets are useful for a variety of things
essay313,T21,MajorClaim,pets deserve to be treated like family members
essay313,T22,Claim,they are our friends and they can be useful in many situations
essay314,T1,MajorClaim,it is necessary for us to be extraordinarily cautious
essay314,T2,Claim,rough work is intolerable when we want to stay competitive
essay314,T3,Claim,we need to catch up with the pace of the world
essay314,T4,MajorClaim,it might not be the most beneficial move to our society
essay314,T5,Claim,fast pace may be the wise move to correspond with today's world
essay314,T6,Claim,"even when the world operates in fast pace, it still requires accuracy"
essay314,T7,Premise,Even simple issues in our daily life like homework require accuracy
essay314,T8,Premise,"If we rush through the work by taking risk of making mistakes, we are actually making zero effort going through our study roughly only for the purpose of fill in before the deadline"
essay314,T9,Premise,it only fulfills the work itself which is rather worthless
essay314,T10,Premise,It is our capability of work that we should improve rather than holding the belief in completing it
essay314,T11,Premise,it may take time to keep up with the others if w need to review our work multiple times
essay314,T12,Premise,with consistent work soon enough we'll be able to bring up our speed in completion of work
essay314,T13,Premise,We soon will be out of the picture even when we kept up with the pace
essay314,T14,Premise,when the problem reveals itself we'll have to go back and fix the mistakes we have made
essay314,T15,Premise,This might be even more costly and time consuming than a neat completion of work at the start
essay314,T16,Claim,"Even when we managed to keep up with the pace by neglecting the details of a project and only aim for a general frame of the project, this will not be something satisfy for the company and clients"
essay314,T17,Premise,"other than the importance of accuracy, the world also seeks efficiency, which concludes both minimum time completion and also criterion of quality"
essay314,T18,Premise,A miscalculation of the orbit in launching rocket may lead to a failure of the whole project which might worth trillions of dollars
essay314,T19,Premise,"even when the scientists want to finish off quickly, but they couldn't miss even a single part of the mission since it may trigger loads of problems"
essay314,T20,Claim,Some work cannot tolerate any mistakes at all
essay314,T21,Premise,"in official missions like the work done by NASA, a tiny mistake can be catastrophic"
essay315,T1,MajorClaim,I prefer to live in bigger cities than in small ones
essay315,T2,Claim,living in a dynamic environment can turn into a very rich experience that sharpens one's personality and open one's eyes on the real world
essay315,T3,Premise,"Life in big cities cities gives one new challenges every day, let it be deciding which restaurant to go to or deciding which company to work for"
essay315,T4,Premise,"For me, this lifestyles is very attractive and is considered a huge advantage of big cities compared with the constant, slow paced life styles of small towns"
essay315,T5,Claim,"the facilitates and services it contains which support and improve the quality of its inhabitants' lives, hospitals, advanced medical facilities can satisfy one's need of medical safety"
essay315,T6,Claim,"Cultural events such as exhibitions and theatre plays can enrich one's and widen his horizons, things which aren't offered by small towns"
essay315,T7,Claim,big cities offer more opportunities for one's career advancements and a more chances of higher income that small towns does
essay315,T8,Premise,"higher income can be the basis of a happier, healthier life"
essay315,T9,Premise,economic power of a country is driven by it's big cities and the majority of wealth and finance is centered and controlled in big cities
essay315,T11,Claim,I would love to spend some days in countryside to recharge my soul and relieve myself from daily stress
essay316,T1,MajorClaim,What government should take into consideration at the first place should not be historic and traditional building preservation but new building construction
essay316,T2,MajorClaim,new building construction hold the right to gain more money from government
essay316,T3,Premise,"If the price of housing grows continuously, a comfortable place to live in will be a luxury to the middle class and the low class"
essay316,T4,Premise,"ordinary people, especially the younger generation, will fall into a certain pattern - work, pay bills for housing, work; and I am sure that it will increase people's dissatisfaction of the government"
essay316,T5,Premise,"when they are working, the fair of losing their accommodation always lingers, which will limit their efficiency"
essay316,T6,Premise,government should spend money on people to rescue them from this
essay316,T7,Premise,"only a government of the people, by the people, for the people will finally last; people's cohesiveness will be promoted"
essay316,T8,Claim,Building more accommodating constructions meets people's basic need
essay316,T9,Premise,People cannot live a harmonious life if citizens do not have a decent place to live in
essay316,T10,Claim,new building construction deserves more governmental investment
essay316,T11,Premise,it requires far more resource compare to old building preservation
essay316,T12,Premise,"Build a new building has following prerequisites, land that has been sold by the government via formal procedures, a reliable construction company and tremendous amount of labor"
essay316,T13,Premise,hundreds of problems would occur during the construction
essay316,T14,Premise,only government can cope with it by utilizing its enormous resource like dollars and effectiveness
essay317,T1,MajorClaim,"experience makes us more skilled, improves our decision making and makes us more compatible for life"
essay317,T2,Claim,those challenges of their initial life teach them important survival lessons which help them for whole life
essay317,T3,Premise,Every day comes with new challenges for them like walking
essay317,T4,Premise,"when they tried to learn walking, they stumble and hurt themselves many times"
essay317,T5,Premise,they slowly tune their technique and learned to walk
essay317,T6,Premise,No known scientist has success in first attempt
essay317,T7,Premise,Scientists try and test many specimens before they get they want
essay317,T8,Premise,Thomas Edison tested around 10000 bulbs before inventing Light bulb
essay317,T9,Premise,all the initial experiments would be difficult and frustrating for him but he searched for more options and learnt new findings with each experiment even when he was failing in his attempts and finally found break through
essay317,T10,Claim,All inventions and experiments are based on many unfortunate observations
essay317,T11,Premise,first time I was away from parent and staying with people I had not known
essay317,T12,Premise,"I had felt very fragile and emotionally distracted, but then slowly I started adjusting with roommates and built connection with them"
essay317,T13,Premise,"I also became more casual and social with others, this experience increased my communication skill and social speaking skills"
essay317,T14,Premise,"When I moved to college hostel after school, first few days were very unsettling for me"
essay317,T15,Premise,"We might be facing a toughest time of life at the time, but when we think back about those moments later in life, we feel more confident about our decisions and about ourselves"
essay317,T16,Claim,Our difficult experiences also make us robust and strong unknowingly
essay317,T17,MajorClaim,every experience in life whether it is good or bad always gives us something to learn and keep for life
essay317,T18,Claim,Good experiences give us good memories and bad ones teach us lessons for life
essay318,T1,MajorClaim,no additional payment should be charged on them
essay318,T2,MajorClaim,charging drivers for another fee for this could be unreasonable and irrational
essay318,T3,Claim,"""rush hours"" are usually not the direct consequence of drivers"
essay318,T4,Claim,charging them extra fee might seems to be out of the jurisdiction
essay318,T5,Premise,"Capitalism enfranchised people's right to own properties, and consequently, their rights to use them"
essay318,T6,Premise,"Driving cars during the rush hours might is bound to polluting cities's environment, but laws protect drivers to do so"
essay318,T7,Premise,traffic jam is a natural phenomenon that nobody is able to shun or ban
essay318,T8,Premise,it is out of drivers' control
essay318,T9,Premise,"Wars are notorious, but you can't blame the soldiers who are justing fight for their countries"
essay318,T10,Claim,Charging drivers one more fee makes no sense and is ridiculous
essay318,T12,Premise,Buying a car spends hundreds of thousand; paying for all sorts of fee takes another several-these are all ready too much for most of the families to bear
essay318,T11,Premise,charging them too much fee adds a lot to their burden and is actually jeopardizing their rights
essay318,T13,Premise,Majority of the families buy cars simply for a safer and easier conveyance
essay318,T14,Premise,"Sometimes traffic jam occur only due to the malfunction of a traffic light, or unreasonable organization of roadways"
essay318,T15,Premise,"the one who should be charged for a fine is the city planner, not drivers"
essay318,T16,Claim,charging drivers fees regardless of the causes of the problems could be ridiculous and even unlawful
essay318,T17,Claim,"Rather than passively forcing drivers to pay another fee, government should instead, be more active on advocating the use of more efficient and environmental-friendly energy or planning out more reasonable and convenient layout that allow people to reach their destinations with less oil"
essay319,T1,MajorClaim,parents should encourage students to take the part-time job
essay319,T2,MajorClaim,it is better for parents to encourage them to take part-time jobs
essay319,T3,Claim,taking the part-time job can let students experience the real adult life and know more about it
essay319,T4,Premise,most people they contact with are also students
essay319,T5,Claim,they can teach students many things about adult life
essay319,T6,Premise,there are a few opportunities for students to know how to live adult life in the university
essay319,T7,Premise,"when students do part-time jobs, they can work with many kinds of people, and most of whom are adults"
essay319,T8,Premise,"My friend Lisa, who is doing part-time job now, tells me that it is fabulous to take it"
essay319,T9,Premise,"Through part-time job, she makes friends with different kinds of people and they let her know the different aspects of adult life"
essay319,T10,Premise,"Lisa thought in adult life, work is the core; but after she knows these friends, she changes her mind that the true core for the adult life is responsibility but not work"
essay319,T11,Premise,thanks to the information her new friends has provided; now she is more confidence about her future adult life
essay319,T12,Premise,we do not experience it
essay319,T13,Premise,it is very difficult for us to really know how tense the adult life can be
essay319,T14,Claim,we need part-time job to teach us how hard the real adult life can be
essay319,T15,Premise,"some questionnaires indicate that if students have taken part-time jobs, they will make the best use of their time to prepare their future and more importantly; they will not expect too much for their future than students who have not taken the part-time job"
essay319,T16,Claim,the part-time job can make people understand future life better
essay319,T17,Premise,parents always tell students that the adult life is much tenser than school life
essay319,T18,Claim,the part-time job will effect student' study
essay319,T19,Premise,most students will do the part-time job in their holiday
essay319,T20,Premise,it will not effect on their study
essay319,T21,Premise,"Compared with playing computers every day, doing part-time jobs is the best choice for students to spend their holiday"
essay320,T1,MajorClaim,type of temper and advantages of individual work are the most persuasive arguments in favor of studying alone
essay320,T2,Claim,my productivity boosts when style of work is appropriate with my type of temper
essay320,T3,Premise,"Being by nature introvert, I have to spend much time and efforts on adjusting to surroundings and especially new people"
essay320,T4,Premise,"Once, when I was working on presentation with strangers, I sat aside and so prepared more than half of work myself instead of making attempts to get acquainted with unknown people"
essay320,T5,Premise,"I must not divide tasks and duties between team members, share responsibility and benefits, and spend time on teambuilding"
essay320,T6,Premise,These advantages are especially important in situations of shortage of time
essay320,T7,Premise,About a year ago I was lucky to become a participant of student brainstorming game
essay320,T8,Premise,"To my rivals' surprise, being the only member of my own ""team"" I gained a victory"
essay320,T9,Claim,working alone allows me to avoid spending time and efforts on many things that are an integral part of teamwork
essay321,T1,MajorClaim,I would prefer to have my own job
essay321,T2,Premise,"By having my own business, I can manage my own time"
essay321,T3,Premise,"could work whenever I want, or I do not need to give reasons to my boss for a delay"
essay321,T4,Premise,I can arrange time to travel when I would like
essay321,T5,Premise,I can work long hours for earning more money
essay321,T6,Premise,the most important reason for me to be self-employed is the sense of free
essay321,T7,Claim,"time is the more valuable thing, which I have in my life"
essay321,T8,Claim,I never have been rich in my life
essay321,T9,Premise,"If I work for other people, I have to give my ideas to employers cheaply"
essay321,T10,Premise,my salary is not dramatically changed
essay321,T11,Premise,I can earn more money based on my creativity and personal ideas
essay321,T12,Premise,earning money is the fundamental reason that why people work
essay321,T13,Premise,The amount of money is always the most important criterion for everyone to choose a job
essay321,T14,Claim,many people are not eager to work for themselves
essay321,T15,MajorClaim,"I would like to run my own business to control my own time, and to earn more money based on my noble ideas"
essay322,T1,Claim,The historic buildings show the history of our ancestors
essay322,T2,Claim,they can develop tourism industries by attracting tourists
essay322,T3,MajorClaim,we should preserve historic buildings in the city
essay322,T4,Claim,They can benefit us financially by developing other industries
essay322,T5,Claim,"they are the symbols of our nations, which can show the historical culture of our previous ancestors"
essay322,T7,Claim,"Historic buildings answer many questions, which are mysterious about our previous ancestors; thereby no one can determine the price of the historic buildings"
essay322,T8,Premise,They show the history of nations and previous generations who lived in the city
essay322,T9,Premise,They show the lifestyle of people who lived in thousands of years ago
essay322,T10,Premise,"They show us how they survive, or how they defend themselves etc"
essay322,T11,Premise,"By investigating about their structures, we can understand how much they knew about the architecture of building"
essay322,T12,Premise,"historic buildings are important treasures, which provide an area to learn valuable lessons"
essay322,T13,Premise,It is a valuable opportunities for any city having historic buildings to show them to new visitors
essay322,T14,Premise,It is interesting for most people to know about the way people live in thousands years ago
essay322,T15,Claim,Another advantage of historic buildings is their capabilities to attract more tourists to the city
essay322,T16,Premise,Historic building can develop other industries such as restaurants or other food industries and handicrafts shops and so on
essay322,T6,MajorClaim,"It is important for any city to replace old buildings with new ones, but these revolutions should not include historic buildings"
essay323,T1,MajorClaim,no one else is better than our parents in terms of teachers
essay323,T2,Premise,"when we grow bigger, they teach us many fairy tales and several important ethic lessons that affect us till the end of our lives"
essay323,T3,Premise,"As we were born, parents taught us from the very little things such as how to smile, how to walk to the ordinary routines such as eating"
essay323,T4,Claim,parents are our teachers from the very early time in our life
essay323,T5,Claim,we will never forget what our parents have taught us
essay323,T6,Premise,we use it every day
essay323,T7,Premise,I believe I will never forget what my parents told me about how to be grateful to other people who help me
essay323,T8,Premise,"at school we study bigger things about sciences and languages, but after school we learn from our parents"
essay323,T9,Premise,we spend most of our time at home with our families than it at school
essay323,T10,Premise,"when we leave school, maybe we will forget parts of the lessons we learn at school if we do not experience them in life"
essay323,T11,Claim,"even when we grow older, get married and then have our own families with spouses and children, parents always keep watching us and help us to realize which is right and which is wrong in life"
essay323,T12,Premise,parents love their sons or daughters unconditionally
essay323,T13,Premise,"my older brother has got married and lived independently for two years but when he faces difficulties in his work or his life, he comes back to meet our parents and ask for advice"
essay323,T14,MajorClaim,parents are our best teachers
essay324,T1,Claim,the same task give us opportunities to be an expert
essay324,T2,MajorClaim,different types of tasks endow more colors to our life
essay324,T3,Claim,great achievement needs someone keen on one task for long time
essay324,T4,Premise,"when it comes to ""happier"", different type of jobs can be responsible factor"
essay324,T5,Premise,It allows us to achieve more
essay324,T6,Premise,"As a authoritative dentist in my province, my mother has worked for 25 years"
essay324,T7,Premise,"Gandhi devoted his whole life to fight against British-ruled government and inspire movements for civil rights in India, finally he became the father of the nation"
essay324,T8,Premise,"Workers, who work for an ordinary company or industry, will be sick of same tasks day by day"
essay324,T9,Claim,"Changing the type of work will be fresh and elicit their potential to adapt a new environment, which, according to psychology theories, makes workers relaxed and happier"
essay324,T10,Premise,Doing different tasks makes employees and employers much happier
essay324,T11,Premise,"consider every workers have ability to do several kinds of work, employers will be satisfied by the generating benefits"
essay324,T12,Premise,They both will be happy
essay324,T13,Premise,"the change of job, not the same task day by day"
essay324,T14,Premise,they can be familiar with their job
essay324,T15,Premise,changing of job is what serve to their happier
essay324,T16,Premise,"As an engineering researcher, I will surely be disappointed for failure, and exited for new challenges"
essay324,T17,Premise,"New challenges from different tasks amounts far more than more works, it also means through dealing with it, I will obtain more knowledge and experience"
essay324,T18,Premise,"As the saying of a Chinese writer, the color of life is rooted not in Japanese cherry blossom or Canadian maple leaf, but rather there always exists new things and challenge"
essay324,T19,Claim,"doing same task day and night just server to increase our psychological burden, connecting with different types of job is capable give us more colors to our life"
essay324,T20,Premise,"Different types of tasks during workday brings more challenges, making life colorful"
essay324,T21,Premise,"Just like a song, if I did not have challenge, life would be blue"
essay325,T1,MajorClaim,the excellent knowledge of this job will be more significant
essay325,T2,Claim,"there is only one thing would be beneficial to company, and there is only one way to be an outstanding worker, that is possessing excellent knowledge of this job"
essay325,T3,Claim,we can use the ability of adapting oneself in a new environment
essay325,T4,MajorClaim,the excellent knowledge will be of more importance
essay325,T5,Claim,"it can not only benefit our employers, but also ourselves will be rewarded"
essay325,T6,Premise,"This ability is helpful in communicating with other workmates, cooperating with other workers needs this ability, too"
essay325,T7,Premise,working alone is a longer-term job than communicating
essay325,T8,Premise,the excellent knowledge of this job will be benefit till one leave
essay325,T9,Claim,the ability to adapt oneself to the new environment has been proven to be part of job
essay325,T10,Premise,the ability of adapting oneself to a new environment may be necessary for a fresh worker
essay325,T11,Premise,"The core and most profitable technology of an IT company is invented by a worker with excellent computer knowledge, not a worker with outstanding communicating skill"
essay325,T12,Premise,The high reputation and popularity of a company is earned by some brilliant workers in public relation department with excellent skill to propagate this company
essay325,T13,Claim,The company will benefit from every worker of excellent knowledge
essay325,T14,Premise,the company will earn more money and reputation from these workers with excellent knowledge
essay325,T15,Premise,"Through our whole study life, undergraduate and graduate, we keep learning with the purpose of exerting these knowledge and experience on our job, just like an old Chinese scholar said, the essence of study is utilizing it"
essay325,T16,Premise,"After we get a job, the destination of we keep accumulating and collecting knowledge is rooted not in fawn on our manager with the ability to adapt this kind of business culture, but in making us excellent and totally master this job"
essay325,T17,Premise,we will be rewarded with pride
essay325,T18,Premise,we can obtain reward from out excellent knowledge
essay325,T19,Claim,Employees will obtain reward from hard-work pursuing excellent knowledge
essay326,T1,MajorClaim,"computers have an important and inevitable role in economic, business, and other part of societies"
essay326,T2,Claim,they make the way of living easier by doing our routine duties
essay326,T3,MajorClaim,advantages of computers outweigh disadvantages
essay326,T4,Claim,People benefit more from coming computers into their lives
essay326,T5,Premise,computers can do most difficult tasks which leads to make life easier
essay326,T6,Premise,by using computers in many industries human's role has been reduced
essay326,T7,Premise,"Nowadays, computer can control and perform some routine activities in industries, which were early done by human"
essay326,T8,Premise,"Many industries use computers to command to robots in order to do many regular tasks, which were carried out by human early"
essay326,T9,Premise,"many processes of production of cars are carrying out by robots, which are controlled by computers"
essay326,T10,Premise,car companies use computers to simulate and analyze car accident by computers
essay326,T11,Premise,"Despite many advantages, by coming computers many jobs has been vanished"
essay326,T12,Claim,A large number of industries fire many forces because of doing their works by new technologies and computers
essay326,T13,Premise,Computers have opened up a network connection among people
essay326,T14,Premise,This technology makes easier for people to send and receive personal message
essay326,T15,Premise,Teenagers and adolescents spend free time in front of computers
essay326,T16,Premise,People can use computers to extract their essential information easily
essay326,T17,Claim,excessive use of computers has brought many difficulties
essay326,T18,Premise,The results show that teenagers who are addicted to computer games show more violent and stressful behaviors
essay326,T19,Premise,People who have type by computers may suffer from such disease related to knees
essay326,T20,Claim,Computers have an important role in social and personal life
essay327,T1,MajorClaim,It seems to me that students should start learning that as they start school
essay327,T2,Claim,"Learning that not only help them to improve their minds and memories, but can extend their visions about the other countries"
essay327,T3,MajorClaim,children should start learning a foreign language in the beginning of the education
essay327,T4,Claim,"it is easy to distinguish between a child having two languages and a child having just his native language while comparing their ability to communicate, understanding other studies, etc"
essay327,T5,Premise,They can easily understand the language structure and memorize the vocabularies
essay327,T6,Premise,the ability of Learning in the childhood period is more powerful than other periods of life
essay327,T7,Premise,students in the beginning of their education can learn faster and easier in compare to a young one to understand a foreign language
essay327,T8,Premise,the persistence of learning a knowledge in the childhood is more than other period of lives
essay327,T9,Claim,this time is the best time to learn any language
essay327,T10,Premise,They would be able to understand other cultures and costumes
essay327,T11,Premise,It can give them a sense of power to communicate better with peers in other parts of the World
essay327,T12,Premise,Having knowledge about other countries and their languages lead to extend the child's vision
essay327,T13,Claim,they would be able to develop their personalities and sense of reliance
essay327,T14,Premise,Learning a foreign language helps students tremendously to comprehend what happens in the around World
essay328,T1,MajorClaim,boys and girls should study together
essay328,T2,Claim,they have a chance to know each other and learn how to behave with an opposite sex
essay328,T3,Claim,"By attending to the same school, students can learn how to view the opposite gender in classes as a friend or a classmate"
essay328,T4,Premise,a boy would know how to speak with a girl in every situation and vice versa
essay328,T5,Premise,"They would know how to ask her in order to cooperate with his study, how communicate with girls in a group, etc"
essay328,T6,Premise,"when they study together and help each other, they exercise the the real life as they age"
essay328,T7,Premise,attending both girls and boys in a same school cause many disadvantages for them
essay328,T8,Premise,their thoughts deviate from the studies
essay328,T9,Premise,outdoors relationships may expand and it may accompany with sexual relationship
essay328,T10,Premise,"School is a small society for students, which prepares them for the future life"
essay328,T11,Premise,they will study increasingly
essay328,T12,Premise,Boys and girls will try to show their capabilities and abilities in the class
essay328,T13,Premise,Boys do not like to seem weak in front of girls and vice versa
essay328,T14,Premise,the productivity of the class will be increased
essay328,T15,Claim,attending in the school having boys and girls might be beneficial for both to increase their motivation to study better
essay328,T16,MajorClaim,attending boys and girls in a same school would bring many advantages
essay328,T17,Claim,Taking part in the study groups would increase student's motivation to study more
essay328,T18,Claim,"they would be able to know the opposite gender, which help them to be prepared for the adult life where they almost will live or work together"
essay329,T1,MajorClaim,it is essential to take chances and believe this is going to work out
essay329,T2,MajorClaim,"it is necessary to have courage to take risks, be different and pursue your dream to have a successful life"
essay329,T3,Claim,sometimes you consider backing down and stay in the same routine that you are used to
essay329,T4,Claim,in this competitive world you have to be fearless and face all new situations
essay329,T5,Premise,"some people abandon their job, family and friends and go to other country without knowing what the future holds for them"
essay329,T6,Premise,"In the beginning, it can be tough to fit in this new place and find any opportunity"
essay329,T7,Premise,after fighting against the obstacles blocking the way to get what is desired; it is possible to conquer what they are craving as well as start to build a new life in this other country
essay329,T8,Claim,Assuming new opportunities is indispensable to have diverse experiences
essay329,T9,Premise,life may not be easy; it will have various challenges especially when you take risks
essay329,T10,Premise,"in the end, it can be surprisingly wonderful"
essay329,T11,Claim,it is vital to never give up on your dream
essay329,T12,Premise,"Walt Disney, whose career is famous, had a challenging life"
essay329,T13,Premise,"One of the difficulties was some of his histories, such as Mickey Mouse and Three Little Pigs, were turned down"
essay329,T14,Premise,many people are afraid to take risks and fail
essay329,T15,Premise,It is possible to get frustrate along the way
essay329,T16,Premise,"He heard lots of ""no"", furthermore one editor fired him alleging that he had no imagination, after all what he had gone through, he never stop chasing his dreams"
essay330,T1,MajorClaim,people should sometimes do things that they do not enjoy
essay330,T2,MajorClaim,"there are sometimes unpleasant and boring parts which is not liked by anyone, but most of them are about responsibilities which is the part of individual's live"
essay330,T3,Premise,"housework is very difficult for me, although my husband helps me some of them, but it is my responsibility"
essay330,T4,Premise,"I really don't like any of them, however I should do"
essay330,T5,Claim,"In personal live, we have some responsibilities towards to other people, there is nobody who likes all of these responsibilities"
essay330,T6,Premise,most people's lives are filled with tasks that they don't enjoy doing
essay330,T7,Claim,professional lives are filled with tasks that is neccessary parts of the jobs
essay330,T8,Premise,"I'm a research asistant at a university, and as any of the univesity in ours we have a professor who isn't good at human relationships, most of the asistans don't enjoy to talk with him about any situation, although we have to ask about his field"
essay330,T9,Premise,"Nobody likes attending boring conferences, or working a person who isn't well in with anyone"
essay330,T10,Premise,People sometimes can attend any activities by insisting on any of their friends although they don't really want
essay330,T11,Premise,one of our friends tell my husband and me about a dance course which we both don't like
essay330,T12,Premise,"After insisting on some of our friends, we attended, and got really enjoyable time, we continued the course about six months although most of our friends left the course after a month"
essay330,T13,Claim,doing something which an individual doesn't enjoy can led to enjoyment
essay331,T1,MajorClaim,"we should do our parts to do what ever it takes to protect old buildings, letting next generations still have a chance to look at them"
essay331,T2,Premise,they are significant symbols of a city
essay331,T3,Premise,Old buildings are reminders of a city's culture and complexity
essay331,T4,Premise,"By seeing historic buildings -- whether related to something famous or recognizably dramatic, people are able to witness the aesthetic and cultural history of an area"
essay331,T5,Premise,"when somebody mentions Beijing, China's capital city, you will immediately have Capital Palace come to appear in your mind"
essay331,T6,Premise,"it is the most remarkable sign of the city, and also it is the inevitable history of Beijing, even the entire China"
essay331,T7,Claim,Historic buildings have intrinsic values
essay331,T8,Premise,"Depending on the study of Capital Palace, researchers have a comprehensive understanding of the history and the culture"
essay331,T9,Premise,"The city is occupied with an abundance of modern houses and and high buildings which make it crowded, and no rooms for people to relax themselves"
essay331,T10,Premise,"the warmth of the materials, the heart pine, marble, or the old brick, all those old buildings features call back of our inner peace"
essay331,T11,Premise,Lying under the roof of a historic building or sitting on the desk fill with history are both easy ways to forget life's little annoyance and feel peaceful
essay331,T12,Claim,"historic buildings make our lives more colorful, provide places for citizens to relax bodies and minds"
essay331,T13,Premise,"There are many historic buildings, such as Beijing Place, Shanghai Artist Museum, they are all able to support themselves financially by charging tens of thousands of tourists"
essay331,T14,Premise,"Our governments will be happy with those efficient consequences, and a majority of cities also can imitate this economical cycle"
essay331,T15,Claim,historic buildings can be a source of maintenance fees
essay331,T16,MajorClaim,government should spend money on preservation of old buildings
essay331,T17,Premise,There is no chance to renovate to save a history site once it's gone
essay331,T18,Claim,the city which I enjoy the most is a combination of history and modernity
essay331,T19,Premise,the preservation of old buildings is a one-way street
essay331,T20,Premise,This reality brings us to light the importance of locating and saving old buildings of historic significance
essay332,T1,MajorClaim,young adults should live with their parents for a longer period of time
essay332,T2,Claim,living with parents is a wise choice for adults until they get a head start to their professional career with a reasonable income
essay332,T3,Premise,Living on your own is a huge financial commitment
essay332,T4,Premise,At younger age people are less likely to get a high paying job
essay332,T5,Premise,"It can be a difficult task to pay for rent, food, utilities and other expenses to sustain yourself"
essay332,T6,Premise,Parents have valuable advice to their children as they go through the changes in their adult life
essay332,T7,Premise,Living together develops the environment of discussing adult's physiological and psychological changes face to face with their parents
essay332,T8,Premise,"Young adults will feel reluctant to discuss such problems with their parents if they move out and live on their own, and thus missing the valuable input of their parents"
essay332,T9,Claim,Another advantage of living with parents for a longer period of time is the enhanced emotional attachment with them
essay332,T10,Claim,young adults living with parents will not be free to do what they want
essay332,T11,Premise,most young adults are inclined to take unprecedented advantages of the freedom they have
essay332,T12,Premise,"It is good thing if living with parents does not give freedom for young people to party all night, smoke or do drugs"
essay332,T13,MajorClaim,"to cope with the physiological and psychological changes of adult life, to make financial life a less struggle and to prevent oneself digress from their destined path, it is important for young adults to live with their parents for a longer period of time"
essay332,T14,Claim,young adults should only consider living on their own only after they are sure they could sustain on their own
essay332,T15,Premise,It is unwise to trade the opportunity of living with parents for a longer period of time for some late night parties or drugs
essay333,T1,MajorClaim,this development was a very positive one
essay333,T2,MajorClaim,the development of technology impacted on the means of communication among people very positively by making it easier and more comfortable
essay333,T3,Claim,Technology revolutionized the way we communicate
essay333,T4,Premise,it is almost possible to do everything without tete-a-tete
essay333,T5,Premise,"nowadays, to keep in touch with loved ones in faraway places has become easy than ever"
essay333,T6,Premise,"By means of some software such as Skype, MSN, Whatsapp we can get in touch with everybody whenever we want"
essay333,T7,Premise,"in earlier times, people didn't leave for faraway places"
essay333,T8,Premise,they could easily get lost
essay333,T9,Premise,This is also one salient prove that the development of technology was a very positive
essay333,T10,Claim,Internet is a basic tool to keep in touch with old and make new friends
essay333,T11,Premise,"by means of some communication tools, it has become very easy to make new friends"
essay333,T12,Premise,"According to statistics, 40% of people met even their life partners via Internet"
essay333,T13,Premise,"during such conversations, some of our words can make a completely different sense"
essay333,T14,Premise,"by communicating via Internet or phone, we cannot express our ideas and feelings fully"
essay333,T15,Claim,the rate of divorces is increasing day by day
essay334,T1,Claim,we cannot deny machines are play a vital role in people living and working
essay334,T2,MajorClaim,problems posed by machines should draws more attentions as well
essay334,T3,Claim,although using machines have many benefits
essay334,T4,MajorClaim,we cannot ignore its negative effects
essay334,T5,Premise,"Not like human, machines do not need rest, which means they can work as long as employers want and consistently produce high quality products without any mistakes"
essay334,T6,Premise,using machines can save company's money
essay334,T7,Premise,"machines never ask for salary, over-time pay or pension"
essay334,T8,Premise,employers do not need to spend money on employee's welfare
essay334,T9,Premise,The company only needs some technicians to make sure machines are working on the right track or replace some part when machines are not working
essay334,T10,Claim,machines can bring many benefits
essay334,T11,Premise,machines are more effective than human
essay334,T12,Premise,"because of extensive of using machines, many people loss their job"
essay334,T13,Premise,"Especially in large population countries, high unemployment rate may cause crime and social instability"
essay334,T14,Premise,using of machines are also pose serious pollution and energy dissipation
essay334,T15,Premise,nowadays people prefer to use dish-washing machine to wash dishes and plates rather than hand washing
essay334,T16,Premise,they did not know that compared with hand washing dish-washing machine consume at least 2 times water and electricity to wash these tableware
essay334,T17,Premise,"if thousands of families use dish-washing machines, how many water and how much electricity will be wasted"
essay334,T18,Claim,the disadvantages of machines that bring to us should not be neglected by people
essay335,T1,MajorClaim,IT discoveries are likely to have more disadvantages than benefits and people should know how to use their developments properly
essay335,T2,Claim,All this inventions will try to take control of the Earth
essay335,T3,Premise,"Scientists believe that one day people will face their developments, for instance robots, and they will not succeed to control them"
essay335,T4,Premise,"before centeries, there were not washing machines, which clean your clothes, while a person do another job"
essay335,T5,Claim,nowadays technology is entering into our society really quick
essay335,T6,Premise,"scientists develop robots, which help people cope with their problems or just invent coffee machines, engines with integrated computers and etc"
essay335,T7,Claim,connecting people by email is easy and fast
essay335,T8,Claim,"World Wide Web offers humanity to access to information, which they want to know for less than 10 seconds"
essay336,T1,MajorClaim,parents should be more worried about their children's attitudes to the 'cult of celebrity'
essay336,T2,Claim,children may see that this behavior is inexcusable
essay336,T3,Premise,celebrities who received attention for overuse of drugs or alcohol are likely to get public disgrace
essay336,T4,Premise,Celebrity scandals and gossips can quickly reach the public which perceive it very negatively
essay336,T5,Claim,too much news coverage to famous people seems to have a negative influence on the choice of children of their future professions
essay336,T6,Premise,"As recent surveys showed, inspired by the fame and wealth, children now prefer more to become an actor/actress or a sports star than it was in the past"
essay336,T7,Premise,Many schools for preparation of so-called stars and various advertisements about famous people may mislead with the fact that this profession is highly required and easy reachable
essay336,T8,Premise,"This may confuse children who should not choose their future job because of the influence of the mass media, but from the basis of their own interests"
essay336,T9,Premise,Fame is a great responsibility for public people as their admirers are very sensitive to any acts of their idols
essay337,T1,MajorClaim,this great invention causes many social problems
essay337,T2,Claim,spending too much time on phones may exert adverse effects on social life
essay337,T3,Premise,"as people increasingly tend to focus and relay on phones, they may lose their interest on daily activities like meeting with their friends"
essay337,T4,Premise,distraction may be developed during study or social activities
essay337,T5,Premise,continuous use of mobile phone may damage both eyesight and physical posture of the children
essay337,T6,Premise,"many games involve children helping their character to kill or shoot, which many lead to increased aggressive feelings, thoughts and behaviours"
essay337,T7,Premise,"In those games, children are rewarded for being more violent, and this violence is repeated again and again"
essay337,T8,Premise,"there are many types of games available in the phone and many of them are very aggressive in nature such as ""Iron man"""
essay337,T9,Claim,the hardship of communication may be developed
essay337,T10,Premise,"as lots of chatting apps available online such as ""Weichat"", people tend to send instant messages free of charge by using their phones rather than face to face communication"
essay337,T11,Claim,mobile phones have shortened the distance of communicatio
essay337,T12,Premise,"With rapid development of the internet, people are able to enjoy quick electronic communication via internet"
essay337,T13,Claim,mobile phones brings convenience of communication
essay337,T14,MajorClaim,they also contribute to some social problems
essay338,T1,MajorClaim,the merits of email and messaging have reduced amount of ours time to communicate to
essay338,T2,MajorClaim,using of these soft devices have cut much of time people need to see with their relatives
essay338,T3,Claim,we need to make sure for the real gathering with our colleague
essay338,T4,Claim,it is had some demerits on their social lives
essay338,T5,Premise,they do not do much social live interactions with others
essay338,T6,Premise,It caused they were swept away by virtual atmosphere
essay338,T7,Claim,"some people become geek, as too much of using email and messaging, without direct contacts"
essay338,T8,Premise,"people have had own minded to keep connection with their friends as a good relationship, meet them and talk by face to face directly"
essay338,T9,Premise,using of these facilities has influenced netizens to keep themselves becoming unsociable
essay338,T10,Claim,"there are other ways like social media that they could to use it for meeting theirs buddies such as Twitter and Facebook, also make the communication become feasible and limitless of time"
essay338,T11,Premise,they constantly use these kinds of electronic letter for making fellowship or just continuing theirs what they already had
essay339,T1,MajorClaim,people should create a sense of co-operation in their children to make them feel more accomplished in life
essay339,T2,Premise,"MNCs are mainly focusing on a team work, and a person with the competitive mind would be having a difficulty in managing the situation with the team"
essay339,T3,Claim,Competitive children are more likely to be confident enough to handle the situations independently
essay339,T4,Premise,This factor will lead them to be successful in their lives ahead
essay339,T5,Premise,they will not be having a pace and an eager to get on the top as the competitors do
essay339,T6,Claim,they shall have an art of managing different situations of life with the help of a team
essay339,T7,Premise,those who wants to create a sense of co-operation in their children is a symbol that they want to make them sensible enough in their lives ahead
essay339,T8,Premise,competitive children will be far more clever and faster than the co-operative child in an initial level
essay339,T9,Claim,co-operative child will have a potential of structuring and implementing new and innovative ideas with the help of a team
essay339,T10,Premise,it will not help them to be on the success path for the long run
essay340,T1,MajorClaim,the technology has large positive effects on relationships between people
essay340,T2,MajorClaim,the technology has more optimal effects on people's interaction
essay340,T3,Claim,it helps ordinary people to make new friends and to maintain relationships
essay340,T4,Claim,technology has enabled people stay in contact with each other more closely
essay340,T5,Premise,While public use the Internet or smart phone to share information to each other at different positions
essay340,T6,Premise,"Instead of using letters, technology advanced not only gives us more spare time but also convenient and efficient"
essay340,T7,Premise,"even if family members who are in different countries, they also can use the Internet to connect each others, especially though the images or videos, they can feel close"
essay340,T8,Premise,"technology is also essential for students, live in remote districts, shared the valuable natural resources with friends"
essay340,T9,Premise,technology provides opportunities for people to establish the social network
essay340,T10,Premise,"In the past, people might have had pen friends in other countries, but now, thanks to the social networking websites, people can easily to find someone who has similar interests"
essay340,T11,Premise,they can connect with friends who have been out of touch for a long time by using the Internet
essay340,T12,Claim,technology is beneficial to humanity develops positive relationships
essay341,T1,MajorClaim,the importance of traditions should be valued and paid attention to
essay341,T2,Premise,technology takes convenience to humankind
essay341,T3,Premise,"it also contributes to unhealthy behaviors of life, like sedentary lifestyle"
essay341,T4,Claim,"Traditional skills and lifestyles play important role in modern society, in terms of healthcare, environmental protection and cultural inherit"
essay341,T5,Premise,traditional ways of life is a great complimentary for modern life and highlight the importance of work life balance
essay341,T6,Premise,traditional skills rely little on fossil energy
essay341,T7,Premise,"it is more environmentally-friendly, which should be promoted to reduce the threat of climate change"
essay341,T8,Premise,those tradition-related things convey traditional culture and values
essay341,T9,Premise,These are important foundation of modern civilization
essay341,T10,Premise,Protection of tradition can provide the possibility to better understand ancient culture and utilize them to tackle modern problems
essay341,T11,Claim,protecting traditions consume too much financial budget compared with the incoming it takes
essay341,T12,Premise,this kind of business bring limited contribution to government finance
essay341,T13,Premise,the expense is trivial compared with the potential value of traditions
essay341,T14,Claim,"the government authorities and education institutes should work closely together to promote the traditional skills and ways of life, so as to make people to realize the value of them"
essay341,T15,MajorClaim,"protection of tradition is not only important for the entire society currently, but also contributes to the next generation"
essay342,T1,MajorClaim,schools and adults should put a sense of cooperation in children to make them becoming a useful adult whether in society or community
essay342,T2,Claim,competitive child would have more motivation and perspective that leads them to success
essay342,T3,Premise,it would not help them much once they enter to society or company which required more about skill of team work
essay342,T4,Premise,it might be hard for a competitive person to deal or manage in a team work project
essay342,T5,Claim,"A strong competition sense helps children having urge to learn or to practice for being the best among peers, and this factor is initially arises from the schools and parents, to encourage children to get the highest scores through the grading system"
essay342,T6,Premise,a competitive child is usually more motivated to pursue a goal or to face difficulties independently
essay342,T7,Premise,it is also risky that children are becoming too competitive to cooperating with others
essay342,T8,Premise,"Being competitive leads them to success, but could also restrict them in many ways"
essay342,T9,Premise,"Having a good cooperating spirit helps kids to communicate and get along with others, which gives them more possibility to solve problems or to achieve a goal easily by working as a team"
essay342,T10,Claim,"cooperation is also an essential quality for children, no matter in school activities or in communities"
essay342,T11,Premise,"in society, there is hardly anyone who could has big achievement by oneself"
essay342,T12,Premise,"famous singers or movie stars, despite of their talent to make them successful, there are always a team to manage works or deal with things"
essay343,T1,MajorClaim,advertisement bring more benefits than harms to our lives
essay343,T2,Premise,"some kinds of shampoo, namely Sunsilk, Clear, Dove are publicized as magic items to recreate injured hair with the number of other benefits"
essay343,T3,Premise,not all customers are satisfied with what they bought under the introduction from advertisement
essay343,T4,Claim,all of things are advertised as the best ones result in the confusing for users in picking out the most suitable goods
essay343,T5,Premise,most advertisements so exaggerate the quality of their products that they often ignore some negative effects of what they sell
essay343,T6,Premise,"Take Coca cola for an example, this drinking firm is well-known as one of companies invested a major part of their money in advertising"
essay343,T7,Premise,No wonder why this drinking title becomes more and more familiar with customers around the world
essay343,T8,Premise,"online advertisement is one of the easiest approaches due to their potential gains such as cheaper cost, convenience and easily observing"
essay343,T9,Claim,advertisement enables to support users in getting accustomed to enterprises and know thoroughly items sold from these producers
essay343,T10,Claim,"it is undeniable fact that advertising market gives lots of working opportunities from producers, writers to models and cameramen for all of people as long as their qualification adapt to the demands"
essay344,T1,MajorClaim,in this occasion the government is not granted to hand in
essay344,T2,MajorClaim,government cannot take steps to make the salary between modern artists and other job similar
essay344,T3,Claim,art price is about taste
essay344,T4,Premise,the modern artists who implement their creative thinking onto high value creation are paid with immense sum by the art collector
essay344,T5,Premise,the high sum which modern artists receive is related to the quality instead of the quantity and their rare talent
essay344,T6,Premise,a 15 centimeter Buddha temple made by hand is granted times in comparison with factory production
essay344,T7,Premise,"modern artists also devote themselves find a unique concept in which ordinary people cannot do, such making impossible become possible"
essay344,T8,Premise,"Pieter Padang, Minion creator, has brilliant idea to alter part of song lyric ""I swear"" become ""underwear"" when the Minion sing in Despicable Me"
essay344,T9,Premise,He granted huge sums for such idea
essay344,T10,Claim,Proficiency brings perfectness in terms of art work
essay344,T11,Premise,the musician re-plays the song without any creation
essay344,T12,Premise,"a musician playing ""I swear"" several times receives different earnings that Padang got"
essay344,T13,Claim,government cannot equalize the price of creation of modern artist
essay344,T14,Premise,there is no certain parameter to value it
essay344,T15,Premise,art value is about taste
essay344,T16,Premise,labor working in the merchandise factory receive coin of dollar even they make a hundred of 15 cm Buddha temples a day
essay344,T17,Claim,"the huge sums of modern artists receives related to their struggle in the field of art, while the term of struggle might different with other field of job"
essay345,T1,MajorClaim,a balance between personal and professional life should be created by restricting maximum number of working hours
essay345,T2,Claim,people working for extended hours have been found having adverse effects on their health and personal life
essay345,T3,MajorClaim,"I would strongly emphasis and recommend, Government must include the clause of maximum number of working hours in its Labor Law and enforce to all companies for ensuring their employees do not spend extended hours in companies"
essay345,T4,Claim,"This will help in uplift of society, and bring the lost equilibrium between personal and professional life of each individual person"
essay345,T5,Premise,"By working too long, they often become tired, lazy and reluctant to carry out physical exercise in order to remain fit and healthy and eventually loose health and become sick"
essay345,T6,Premise,they become extensively addicted to their work and become workaholic type persons
essay345,T7,Premise,The repercussion are so severe that their families and friends remain deprived off their attention and in the end they end up losing balance between their family and personal life
essay345,T8,Claim,"people; who prefer working longer hours, do not find time to focus on their health"
essay345,T9,Premise,they usually remain busy in their office
essay345,T10,Premise,they do not find leisure time for such social activities
essay345,T11,Premise,I would take my boss's example; he has been working for extended hours in office for many years
essay345,T12,Premise,"Recently, his health and personal life was drastically affected as he broke up with his wife and his family life has totally been in chaos and cries"
essay345,T13,Premise,He started regretting afterwards and now trying to manage his work but it seems to be too late for him
essay345,T14,Claim,these workaholic people do not spend time for the contribution of society by actively participating in any social campaign
essay346,T1,MajorClaim,my term of a successful man is one who has certain achievements in life rather than the one with a high income
essay346,T2,MajorClaim,using only money as a scale to measure a man's success is impossible
essay346,T3,Claim,it is the essential in basic needs
essay346,T4,Premise,A person's great prosperity does not state that he has gained it ethically by himself
essay346,T5,Premise,Money is undeniably pivotal
essay346,T6,Premise,ways of earning it is also various
essay346,T7,Claim,"a man can only achieve his accomplishment through hard-working, dedication and passion"
essay346,T8,Premise,"Whether it is a personal or a social achievement, that man is laudable"
essay346,T9,Claim,"judging a person by his income is difficult, especially in the success aspect"
essay346,T10,Premise,"the more beneficial for the society his achievement is, the more successful he is considered"
essay346,T11,Premise,Thomas Edison is undeniably considered as one of the greatest inventors in the 20th century
essay346,T12,Premise,his invention's productivity is countless useful for mankind
essay346,T13,Premise,the fact of knowing a man's utilization of his money remains in the dark
essay347,T1,Premise,"in most asian countries, advertisement company usually hire popular singers or actors to advertise the products to boosts the sales, and some people, especially adolescent may buy things from their favourite singer advertised to support their idol instead of to fill their needs"
essay347,T2,Claim,people will be swayed by the advertising and buy things they do not need it for their life
essay347,T3,MajorClaim,"buying habit is people's choice to make, not entirely affected by advertisements"
essay347,T4,Claim,"it is important that government needs to impose rules on particularly advertisement company (for example, toys company) to avoid youngster have bias thought on what they really need"
essay347,T5,Premise,"for children or adolescents who is not mentally develop, it might be hard for them not to swayed by advertising"
essay347,T6,Premise,there are always people purchase particular products swayed by advertising which makes it a trend to follow for other people who is unnecessarily need it
essay347,T7,Claim,"A good advertisement can convince people to believe that it is what they want, even though it is not the real needs of the society"
essay347,T8,Premise,"products usually look more gorgeous and with good quality in advertisement, people are more likely to buy goods impulsively without a second thought"
essay347,T9,Claim,the advertisement is not the only cause for people to buy
essay347,T10,Premise,sometimes it depends on one's needs and ability of consumption
essay347,T11,Premise,buying habit is a very personal things for individuals
essay347,T12,Premise,It is unlikely to buy things impulsively for adults who have concern of arranging disposable income
essay347,T13,Premise,Most of them have to allocate the money if they doing other purchase
essay347,T14,Claim,children and adolescents who is not economic independence is more possible to buy things impulsively without considering whether they need it or not
essay347,T15,Premise,they do not have financial pressure from life and ability to define what is necessary
essay348,T2,MajorClaim,"they have other critical obligations to take, in order to make our society function in an ordered way"
essay348,T3,Premise,"it is the most important source of government's revenue, which is mainly used to serve all citizens"
essay348,T4,Premise,a large proportion of the tax is spent on national defence and in maintaining social stability
essay348,T5,Premise,every one can work and live in a peaceful environment
essay348,T6,Premise,"The tax is also used to pay the salaries of workers working in public service sectors, such as teachers and police officers"
essay348,T7,Premise,these workers do not produce profit directly
essay348,T8,Premise,what they do is for the well-being of the whole society
essay348,T9,Claim,all people who are able to work should pay tax to the government
essay348,T10,Claim,citizens have other important responsibilities to fulfil apart from paying tax
essay348,T11,Premise,"there are impoverished or disabled people in every society, needing help and support from others"
essay348,T12,Premise,the government can provide some fund to ease their difficulties
essay348,T13,Premise,such financial help is usually far from enough
essay348,T14,Premise,"aids from more capable or wealthier citizens are particularly crucial, which are a great complement to government support"
essay348,T15,Premise,Another responsibility all citizens should take is to maintain social stability together with the police force
essay348,T16,Premise,"There are criminals in every society, and the number of policemen the government can hire is limited"
essay348,T17,Premise,"it is quite necessary for the local residents to take actions and ensure the safety of the communities, by doing things like reporting suspicious activities to the police department"
essay349,T1,MajorClaim,I disagree with the idea that unimportant subjects such as music and sports should be got rid of the program
essay349,T4,Claim,"students only need to study academic subjects like mathematics, physics"
essay349,T5,Premise,these subject are necessary for students' future
essay349,T6,Premise,when labor market now has high competition; students have to meet requirements regard of qualification
essay349,T7,Premise,the unemployment rate is always high
essay349,T8,Premise,parents want children to study these subjects which can help students have a job
essay349,T9,Premise,there are many things much more important than having a job
essay349,T10,Premise,"studying music, art or sports is also very important to students"
essay349,T11,Premise,This enables students to develop their potentials through discovering the natural world around them
essay349,T12,Premise,"to get a job in labor market, not only do students require hard skills but also soft skills such as teamwork, presentation"
essay349,T13,Premise,"through taking part in a sport, students can understand team spirit and learn lessons about teamwork skills"
essay349,T14,Claim,these subjects might fulfil the students' ability
essay349,T2,Premise,"children's future do not depend heavily on the academic subjects they study in school, it is the result of their efforts and capacity"
essay349,T3,Claim,the academic subjects play a primary role in nurturing children
essay349,T15,MajorClaim,"the effects of learning music, sports are profound"
essay350,T1,MajorClaim,newspapers and magazines will be history with the time
essay350,T2,Claim,internet presents the information about the current affair so fast and the accessibility to the historical news
essay350,T3,Premise,"when the aircraft MH 370 went missing, everyone wanted to know the details about this tragic incident"
essay350,T4,Premise,The friends and families of passengers and crews were impatient to know the truth
essay350,T5,Premise,"In such situations, newspapers and magazines can not respond as fast as digital media"
essay350,T6,Premise,"Instead of waiting for next publication, people can get trustworthy information about the current incidents from internet within an hour or two"
essay350,T7,Claim,digital media will rule over paper and magazines
essay350,T8,Premise,A very important responsibility of media is to publish information about the current affairs as quickly as possible specially when there is a crisis
essay350,T9,Premise,This helps readers to get updated and act accordingly
essay350,T10,Premise,one research fellow may want to know how a small village named Oramaki in Japan was suffering after Second World War
essay350,T11,Premise,It is very difficult to get this sort of information from past in newspapers and magazines as one has to know before where to look at
essay350,T12,Premise,internet provides efficient search facility where one can search the topic and get the details
essay350,T13,Claim,"People often want to access news from past for various reasons like to prepare for research, satisfy interest, etc"
essay350,T14,Premise,This feature of digital media is not supported by newspapers and magazines
essay350,T15,MajorClaim,the fast responding internet media with vast information will be replacing newspapers and magazines as new and information provider
essay350,T16,Claim,"considering the current infrastructure and mindset of people, paper media will continue for another few years"
essay351,T1,Claim,the salary is very pivotal factor
essay351,T2,MajorClaim,there are other equally vital aspects that need to be considered in this regard
essay351,T3,MajorClaim,I disagree with the idea that salary outweighs any other motivators
essay351,T4,Claim,"there are other even more important aspects such as: friendly co-workers, working conditions and professional achievements"
essay351,T5,Premise,"People, for instance, who don't like their co-workers and working condition are considered less satisfied with their jobs, despite of a high salary"
essay351,T6,Claim,in order for people to cover their daily and general needs they need money as well
essay351,T7,Premise,"aspects such as: friendly colleagues, environment and work-place condition, sometimes, have even more impact on person's happiness and quality of life"
essay351,T8,Claim,"career promotion or getting some kind of credit from the administration of a company or organization are, likely, more enjoyable achievements than getting a high salary"
essay351,T9,Premise,"most of the satisfaction of a job comes to people from their professional achievements, skills and the position they reach"
essay351,T10,Premise,"people, who work in monotonous jobs, where no achievements or a new positions can be reached feel themselves more dissatisfied, even though they have a very good salaries"
essay352,T1,Claim,computer assists children to use vast resources available over internet to study effectively as well as develop some basic skills which help them in future careers
essay352,T2,MajorClaim,It is disagreed that computer can affect children in a negative way if they use a computer on a daily basis
essay352,T3,MajorClaim,computer is a boon to children
essay352,T4,Claim,computer impacts children on a positive note
essay352,T5,Premise,through computer children can access internet to gather knowledge on the subjects they are studying or they are interested about
essay352,T6,Premise,"The best thing about internet is the availability of information in the form of text, image or video related to almost everything"
essay352,T7,Premise,students preparing for delivering speech on a certain topic can browse through internet to learn each and every minute details of the subject matter
essay352,T8,Premise,It's hard to get everything at a same place unless children are not familiar with computers
essay352,T9,Claim,it's clear that computer has a positive effect on the children
essay352,T10,Premise,"computers enable people to prepare presentations, draw complex graphs and pictures, document thesis in a simple though efficient way"
essay352,T11,Premise,"When children are allowed to play around with computer from a very early age, they get acquainted with the previously mentioned skills and become expert before facing professional world"
essay352,T12,Premise,"students who used to prepare Microsoft PowerPoint presentation for their school projects, get an edge over others at an early stage of their career"
essay353,T1,MajorClaim,"I disagree with the opinion that children who are brought up in less well-of families are, likely, more successful in the future life"
essay353,T2,Premise,these people will not have an access to a good education
essay353,T3,Premise,they can be proselytized into bad isms
essay353,T4,Premise,most of the terroristic groups try to attract uneducated people
essay353,T5,Premise,"the person with better education has a wider outlook, which will allow no brainwash"
essay353,T6,Premise,people with lower level of education have more proneness to be attracted in such isms
essay353,T7,Claim,"children from poorer families are prone to have bad habits such as: crime, thievery and thuggery"
essay353,T8,Premise,they use it a lot of times
essay353,T9,Claim,"wealthy families can afford better health services and costly medicines, which will be very beneficial for the health of a child"
essay353,T10,Premise,"many good medicines cost vast amounts of money, which cannot be afforded by poorer families"
essay353,T11,Claim,"people who are born in well-off families have access to good education, which will have a positive impact on their later life"
essay353,T12,Claim,children from rich families have better skills on how to use money
essay354,T1,MajorClaim,modern people are facing up to a new health problems and ailments than before
essay354,T2,MajorClaim,people are facing up with many recently appeared illnesses
essay354,T3,Claim,it is because of sedentary lifestlyle
essay354,T4,Claim,sedentary lifestyle lead to many serious health problems
essay354,T5,Premise,The main reason why people are becoming so addicted to sitting at their homes even for the whole day is an advance technology
essay354,T6,Premise,they had more outdoor activities
essay354,T7,Premise,"In earlier times, for instance, even the types of entertainment tools were not in large numbers and all of them required physical presence"
essay354,T8,Premise,"Nowadays people, especially inhabitants of cities, are spending most of their time on sitting in front of TV or other tools"
essay354,T9,Claim,people are experiencing serious medical problems
essay354,T10,Premise,the environment of the modern world polluted very significantly from greenhouse gas emissions and other gasses
essay354,T11,Premise,"Many people, for example, are suffering from allergy because of these gasses"
essay354,T12,Premise,"foods with a low quality such as fast foods, junk foods and any genetically modified ones are influencing to our health very negatively"
essay354,T13,Premise,"life becoming more stressful due to some recent problems such as traffic gam, traffic accidents and others"
essay355,T1,MajorClaim,it is important for children to be taught with a secondary language as early as kindergarten
essay355,T2,MajorClaim,"if this endeavour is properly implemented by schools, this will most likely lead to improvement of learning ability among children"
essay355,T3,Premise,teachers think that foreign language most likely leads to confusion for children who are yet to start learning
essay355,T4,Premise,"the teacher should be well-trained in the use of this specific language, so quality education will be delivered"
essay355,T5,Premise,Learning at school must be convenient for them if they speak in a way that they are used to
essay355,T6,Claim,children might not be really comfortable with the use of a language other than their native tongue when they are in their kindergarten years
essay355,T7,Premise,"kids are amazing learners, and the best time to hone them is in their younger years"
essay355,T8,Premise,The introduction of foreign language will be new to them
essay355,T9,Premise,their curiosity will drive them to learn and comprehend
essay355,T10,Premise,grasping a new language will be natural to them
essay355,T11,Premise,the positive impact of this strategy is beneficial to both learners and teachers
essay355,T12,Premise,Teachers will not find it difficult to make students learn such new concept in their teenage years
essay355,T13,Claim,the advantages of early introduction of foreign language outweigh its disadvantages
essay356,T1,MajorClaim,the prosperity of tourism can provide benefits for people on a global scale
essay356,T2,Claim,there are some inevitable problems
essay356,T3,Premise,they are outweighed by advantages and can be tackled if proper measures are taken
essay356,T4,Premise,"In order to meet the needs of tourists, local governments are likely to build more facilities and infrastructures around tourist attractions, which may result in the destruction of natural habitats"
essay356,T5,Premise,"Tourism also creates more pollution and waste, including growing emission of greenhouse gases, dumped leftovers and overuse of water, power and other kind of energy in luxurious hotels"
essay356,T6,Claim,tourism can have a negative impact on the natural environment
essay356,T7,Premise,"tourism puts great pressure on ecosystem and local resources, and it should not be encouraged"
essay356,T8,Premise,"Holiday makers flocking to other countries are not only bound to spend on tickets of attractions, but also pay for food, accommodation, transportation and entertainment"
essay356,T9,Premise,"Both local people and governments can make a large amount of money through these services, and more employment opportunities can be created as well"
essay356,T10,Premise,the revenue earned form tourism can be used in turn to reduce pollution and protect the environment
essay356,T11,Claim,flourishing tourism in a place can be very rewarding in terms of local economy
essay356,T12,Claim,the increasing development of tourism is a boon to travelers as well
essay356,T13,Premise,The provision of direct airlines makes it possible for them to travel conveniently and comfortably
essay356,T14,Premise,"With adequate local facilities and services available, they can spend more of their holidays having fun and relaxing"
essay356,T15,Premise,"both locals and tourists can experience more cultures than ever before, and they can be more open-minded to eliminate preconceptions and deepen mutual understanding among nations"
essay357,T1,Claim,learning by watching TV suits some children
essay357,T2,MajorClaim,kids should never be encourage to engage in such passive activity
essay357,T3,Claim,School has been applying traditional teaching procedure since for ages
essay357,T4,Claim,it still performs at its best to equip a child with essential skills
essay357,T5,Claim,teacher cannot be switched with some unconscious screens
essay357,T6,Premise,classic teaching methods has been scientifically proven and utilized as the best mode of educate a child
essay357,T7,Premise,"Technology and its advance, to some degrees, have influenced the educational industry positively"
essay357,T8,Premise,it has not changed the importance of teachers' role in classes
essay357,T9,Premise,students nowadays do their homework or researches on computers rather than go to libraries is an illustration for this
essay357,T10,Premise,"Yet, monitors are unable to replace the appearance of educators"
essay357,T11,Premise,their knowledge and adaptability is priceless
essay357,T12,Premise,a conducted experiment indicates out-performance in skills like differentiate types of plants or animals of a child that experienced various activities in nature to a child spent most of his time watching documentaries
essay357,T13,Premise,such activities can equip a child necessary skill that is useful for his future career
essay357,T14,Claim,watching television is a very passive action and should not be promoted by increasing periods spent on it
essay357,T15,Premise,"children who have had such activities that interrelate to creativity, cooperation, competition tend to perform significantly better in general terms"
essay357,T16,MajorClaim,physical inactivity should not be encouraged for the aim of bettering youngsters' skills
essay357,T17,Claim,traditional education has its stand for most appropriate method
essay358,T1,MajorClaim,the option of working or studying from home is thought to provide more benefits than drawbacks
essay358,T2,Premise,it helps working people to maintain work life balance
essay358,T3,Premise,the new mother who can join her work as well as take care of her baby
essay358,T4,Premise,People also get the desired flexibility in terms of working hours
essay358,T5,Premise,"For students too, studying from home is an attractive option"
essay358,T6,Premise,They save the travelling time to Universities and utilize that time on their studies
essay358,T7,Claim,"the advantages that people enjoy by working or studying from home, are obvious"
essay358,T8,Premise,"In a busy city like Tokyo, students waste a lot of time in travelling"
essay358,T9,Premise,the benefit that professionals or students get by connecting from home is enormous
essay358,T10,Premise,"once an employee works from isolation, he or she spends a lot of time in communication via phone or email with colleagues"
essay358,T11,Premise,This harms an employee's deliverable
essay358,T12,Premise,Teachers think that students get affected too as they can not clear their doubts in study topics instantly
essay358,T14,Claim,These factors affect people who work or study from home
essay359,T1,MajorClaim,international tourism not only causes tension but also leads to understanding between people from different culture
essay359,T2,Claim,most people will be trying to understand each other after they have conflict or debates
essay359,T3,MajorClaim,international tourism leads to both tension and understanding between people from different culture
essay359,T4,Claim,people are looking for the solution such as understanding each other while they encounter the conflicts caused by international tourism
essay359,T5,Premise,those local residents have to clean the place frequently
essay359,T6,Premise,some people leave the rubbish after visiting the attractions
essay359,T7,Premise,tourists may offend the local people due to their different culture background
essay359,T8,Premise,Indians don't eat beef
essay359,T9,Premise,they worship cows
essay359,T10,Premise,"if tourists want to respect the tradition, they will not order any beef in the local restaurant"
essay359,T11,Claim,some behaviors of the tourists are not welcome in the local area
essay359,T12,Premise,tourists are given the brochures about the local traditions and customs before they visit the place
essay359,T13,Premise,the possibility of the conflicts is reduced because the understanding between both parties
essay359,T14,Premise,the tour guide are willing to help tourists to understand the culture from other countries
essay359,T15,Claim,"in order to avoid the conflicts between foreigners and locals, people are trying to understand different culture and find solutions"
essay359,T16,Premise,the new batch of tourists will have a tidy and neat environment
essay360,T1,Claim,some celebrities misguide young people by showing their external wealth and appearance
essay360,T2,MajorClaim,other celebrities do lead young people in the right direction
essay360,T3,MajorClaim,this is not necessarily the case for those celebrities who are ambitious in their jobs
essay360,T4,Claim,the attention of young people may become focused on chasing the dream of celebrity status
essay360,T5,Premise,some celebrities tend to show off their images in front of the public
essay360,T6,Premise,"some movie starts enjoy wearing luxury brand clothes and showing their expensive life style in front of the media, thereby gaining the public attention"
essay360,T7,Premise,"If they continue to behave in such a way, it will create a misleading image to young people who may think that extraordinary life can be achieved without hard work"
essay360,T8,Premise,celebrities such as sports player whose performance and professional skills can be directly seen by their fans
essay360,T9,Premise,people understand that the great deal of efforts on training is directly linked to their results
essay360,T10,Premise,this kind of self-made celebrity can inspire children to develop their talents through application and perseverance
essay360,T11,Claim,other celebrities do set up role models to young people because of their visible accomplishments
essay360,T12,Premise,other celebrities such as musician also have achieved great success in their career
essay360,T13,Premise,"Take Michael Jackson as an example, his works are widely spread around the world, and have been extremely welcomed by the younger generation"
essay360,T14,Premise,"His songs spread the idea that people should care about each other, which suggests to young people how to become a good member of society"
essay361,T1,MajorClaim,by allowing students to watch TV at both school and house can adversely impact on their overall growth
essay361,T2,Claim,"If children spend too much time in front of TV, it will negatively impact their health and study"
essay361,T3,Premise,"There are international and local news channels like BBC, CNBC, Etv Gujarati, Etv Marathi etc to keep individuals updated about latest happenings"
essay361,T4,Premise,"Cooking programs teach about how to make new dishes and similarly, sports events like cricket, football can teach leadership skills, team building skills, communication skills and many more that can help students in their future jobs"
essay361,T5,Claim,"By watching TV, children can develop skills in extra-curriculum activities"
essay361,T6,Premise,TV is one of the prime source of data and information
essay361,T7,Premise,"they can get poor eyesight in early ages of childhood, and also develop back pain"
essay361,T8,Premise,"Sometimes, students watch restrictive programs not allowed for their ages and this can have major psychological consequences"
essay361,T9,Premise,"Many times, students get addictive to their favorite programs like Cartoon channels, or baseball and easily get distracted from study during exam period and this can seriously impact their grades"
essay361,T10,Claim,watching TV for a continuously long hours can adversely impact children health
essay361,T11,MajorClaim,if students were allowed to freely watch TV without any proper controls by parents or teachers then it would produce more negative effects on children
essay361,T12,Claim,demerits of watching TV outweigh its merits
essay362,T1,MajorClaim,it is still of great importance to remain the harmonious coexistence of both sides for the smooth sailing of the company
essay362,T2,Claim,workers over 50 have proven themselves subordinate to the following generation in all aspects
essay362,T3,Premise,"The old were raised in poverty, probably caused by war, look at the world from a negative and pessimistic point of view"
essay362,T4,Premise,"The misery is so ingrained in their mind that they refuse to change, or more precisely, to accept the existence of such modernity"
essay362,T5,Premise,most would rather choose to piece together parts of a machine than have it done by a robot for their disbelief of its efficiency and safety compared with human's capability
essay362,T6,Claim,old workers are not a patch on the younger ones for their unchanged paradigm
essay362,T7,Premise,"Who would the employer choose, an old man with old-fashioned education and a young man who is not only good at fundermentaly subject, but also knows how to program or how to speak foreign languages"
essay362,T8,Premise,"Not to undermine old workers, but their lack of authority over such basically required fields in this day and age leads to their incompetence in every modern workplace"
essay362,T9,Claim,knowledge is worth mentioning as a key factor to help young workers outrank the elderly
essay362,T10,Claim,their unresponsiveness can be attributed to their attitude towards life
essay362,T11,Premise,that they are aware of their deteriorating health and lack of enthusiasm comes with their taste for monotony and safe ideology
essay362,T12,Premise,"This, by all means, is outweigh by youngsters' adventurousness and bravery"
essay362,T13,Premise,"Blatantly seen, success of most companies stems from young people, whose enterprising ideas that catch up with the world is regarded as wind of refreshment"
essay363,T1,MajorClaim,using machines is advantageous
essay363,T2,Claim,machines make work easy and smooth
essay363,T3,Claim,The negative effects on health can be put on the back seat
essay363,T4,Premise,there are many other ways to exercise and stay healthy
essay363,T5,Claim,the usage of machines is harmful for health of humans
essay363,T6,Premise,machines decrease the work done by people
essay363,T7,Premise,in many institutions staircases are replaced by lifts now a days
essay363,T8,Premise,People opt for elevators instead of climbing one or two flight of stairs
essay363,T9,Premise,It is confirmed in a number of researches that daily usage of elevators in workplaces promotes obesity
essay363,T10,Premise,this example clearly shows the linkage between using machines and adverse health effects
essay363,T11,Premise,"The work of chopping, blending, grating, kneading has become so easy that people can not imagine their lives without this simple machine at their homes"
essay363,T12,Claim,using machines makes daily tasks less time consuming and less cumbersome
essay363,T13,Premise,usage of machines makes work easier and less time is consumed for doing similar amount of work
essay363,T14,Premise,Take the example of use of food processors in kitchens
essay364,T1,MajorClaim,traditional skills and ways are always valuable and will last forever
essay364,T2,Claim,technology has brought many benefits
essay364,T3,Premise,They make differences between countries
essay364,T4,Premise,"Every country has unique tradtions which show their creation, intelligence"
essay364,T5,Premise,people feel pround of their country
essay364,T6,Premise,they keep reserving conventions
essay364,T7,Premise,ways to build a house in every country are different and they distinguish between countries
essay364,T8,Claim,traditional skills and ways belong to value of culture
essay364,T9,Premise,Lot of people like to use traditional things because if their quality and durability
essay364,T10,Premise,vases are made by hand would be used more
essay364,T11,Premise,there are plenty of works that using traditional way is unique method
essay364,T12,Premise,making cone hats from leaves have to use hand
essay364,T13,Premise,"Not only because there is no machine for the work, but also it looks more beautiful when it is made by hand, so resulting in greater value economy"
essay364,T14,Claim,in some cases that traditional way can not replace by a new technology
essay364,T15,Claim,Traditional skills and ways of life will help youngsters study and know more history
essay364,T16,Premise,Methods which their ancestors used in the past will be displayed again for new generations
essay364,T17,Premise,they might create somethings that are useful for life
essay365,T1,MajorClaim,city planner can still opt for non-personal vehicle and the exploitation of the suburb areas
essay365,T2,Premise,Buses and trains have been phased in the streets for quite a long time and have proven themselves the best candidates among all options
essay365,T3,Premise,"a bus can carry no less than 30 people, while a train can carry as much as nine or even ten times of that number"
essay365,T4,Premise,they will lessen the crowded image in most cities nowadays
essay365,T5,Claim,public transport is a key factor to minimize the number of vehicles on the street
essay365,T6,Premise,"Not to mention the fact that highway train is operated underground, which leaves the street above with buses and non-fuel-based vehicles"
essay365,T7,Premise,huge centers of attention distributed equally in a wide region means that residential areas will come along thus exert less pressure on the public facilities
essay365,T8,Claim,The city itself will be absolved of enduring the influx of immigrants as well as unemployed people
essay365,T9,Premise,"if some of the enormous shopping malls or universities were relocated in the commuter belt, the city street would be les burstling and overly-teemed as it is now"
essay366,T1,MajorClaim,following celebrities can be dangerous for the youth
essay366,T2,MajorClaim,"when young people follow celebrities, it affects their health as well as behavior in a negative way"
essay366,T3,Claim,This has an overall effect on personality and future of an individual
essay366,T4,Premise,Many young people indulge themselves in drugs and start smoking at an early age
essay366,T5,Premise,"in a survey carried out in a university, it was asked to students that why did they start smoking, then around forty percent of individuals answered that they wanted to look like their favorite screen actor while smoking cigarettes"
essay366,T6,Premise,imitating celebrities has a negative influence on health of young individuals
essay366,T7,Claim,following celebrities blindly affects the health of adolescents
essay366,T8,Premise,Adolescents follow not only the make up and attire of their favorite stars but also their behavior
essay366,T9,Premise,recently in a poll conducted by an American magazine it was found that most of the parents and teachers complain that teenagers use derogatory words and abusive language at home and at schools
essay366,T10,Premise,when youth follows celebrities it affects personality of young people in a bad way
essay366,T11,Claim,these glamorous celebrities have a poor effect on the conduct of young people
essay367,T1,MajorClaim,there are many institutions that accept the same average number of male and female students in many kinds of course
essay367,T2,Claim,female students are indicated having the same potential and capability as men
essay367,T3,Premise,women can also do the men's works
essay367,T4,Premise,The proportion of women is rising year by year in many parts of the world recently
essay367,T5,Claim,the issue stimulates the stakeholders from many places to think what kind of preparations they should take for stabilising the economic growth and the quality life of people
essay367,T6,Premise,"women tend to work in various fields which in the past normally done by men such as being engineers, and dealing with machines"
essay367,T7,Premise,"These days, it is so hard for young people to get a proper job when they have not degree certificate from Universities"
essay367,T8,Claim,giving equal education for both men and women is a must
essay367,T9,Premise,"learning from human's history, education provides someone to widen his or her knowledge and experience for facing the real situation of workplace through subject taught in college"
essay367,T10,Claim,act for distributing education needs are absolutely important to compete the future challenges
essay367,T11,MajorClaim,the needs for having developed-skills and gaining degree certificate in order to build someone's career are totally needed to implement and applied for any gender
essay368,T1,MajorClaim,smoking should be made prohibited in public places such as bus and railway stations
essay368,T2,MajorClaim,it has been proven benefits people enjoy this arrangement
essay368,T3,Premise,"Prior to 1980's public places in Sri Lanka, illustrates unpleasant situation where people smoked freely"
essay368,T4,Premise,"Even in public transportation they engaged in this intolerant bad habit, some instances that lead to belligerent incidents"
essay368,T5,Premise,After enforcing restrictions the situation came to control and this act as benefit rendered to the public
essay368,T6,Claim,non-smoking public would be undoubtedly benefited by enforcing such restrain
essay368,T7,Premise,"further enforcement banned smoking in capital in Sri Lanka has reduced this consumption related diseases and deaths, as per the ministry of health"
essay368,T8,Premise,smoking restrictions has successfully daunted public from this bad puffing that put less strain on country's healthcare systems
essay368,T9,Claim,introducing smoking ban in public places would greatly discourage people from engaging tobacco puffing
essay369,T1,MajorClaim,the combination of tourism and teaching process is highly recommended in pursuit of a harmonial relationship between human and their surroundings
essay369,T2,Claim,tourism has proven its friendly attitude towards the exploited areas in terms of finance and environmental impact
essay369,T3,Premise,"places of interest often locate in the wilderness areas, of which economy, before their appearance, haven't blossmed yet"
essay369,T4,Premise,Not until the investment of some companies do chains of hotels and services spring up
essay369,T5,Premise,"It will, by all means, attract considerable attention which goes hand in hand with the enormous income for the local residents"
essay369,T6,Premise,"tourism helps divert the local economy to its right direction, which exploit the best out of its own potential"
essay369,T7,Claim,tourism plays an indispensable role in nurturing the economy in a way it is meant to be
essay369,T8,Premise,environmental damage is inevitable
essay369,T9,Premise,"In order to turn a wilderness into a place of attraction, the planners must have taken the nourishment of the sceneries into thorough consideration"
essay369,T10,Premise,"a fortune is spent on trimming the trees, watering the flowers, preserving and balancing the local fauna and flora, in the hope of beautifying the wild"
essay369,T11,Premise,"Not to mention ecotourism, a new kind of environment-friendly service, which gives all environmentalists and nature lovers a hand in raising the awareness of people in protecting their coexistent creatures"
essay369,T12,Claim,tourism should not be alledged to be notorous for its detriment to the ecological diversity
essay369,T13,Premise,it is not tourism to be blamed for
essay370,T1,MajorClaim,future developments in IT will put the users at their own expense
essay370,T2,MajorClaim,there have to be some alterations before IT has more serious impact on each individual's life
essay370,T3,Claim,its effect on the users' independence and prositution should not be out of concern
essay370,T4,Premise,"In the past, there used to be World Wide Web or e-mail, but the cyber world now varies form games, online TV shows to means of communication, and probably still keeps going"
essay370,T5,Premise,"Such irrisistible temptations drift people from the real world to the unreal ones, resulting in their dependence on technical equipment"
essay370,T6,Premise,the lack of soft skills attained form outdoor activities will agitate the IT addict
essay370,T7,Premise,staying inside with computer and mobile phone will always be the first alternative
essay370,T8,Claim,IT seems to have turned its users to its slaves
essay370,T9,Premise,"The existence of Skype, Viber or Yahoo has notably reduced even the longest distance into one click"
essay370,T10,Claim,"rarely do people go out of their comfot zone, provided with snack and air conditioner, to assemble with others in flesh"
essay370,T11,Premise,"their action will make a beeline for obesity, short-sighted, diabetes and other heart-related problems"
essay371,T1,MajorClaim,people avoid eating meat mostly for the sake of their health and relegious aspect
essay371,T3,Premise,Many researchers have convinced that many kinds of vegetable contain antioxydant which can prevent cancer
essay371,T4,Premise,a vegetable diet can do good for our health
essay371,T5,Premise,a meal without meat can lead to a lack of protein intake
essay371,T6,Premise,it is proved that many kinds of bean such as soy bean or pea are also comparable protein sources
essay371,T7,Claim,health improvement is the main reason for vegetarian diet to become so popular
essay371,T8,Premise,eating their meat mean you eat the flesh of your parent sentient beings
essay371,T9,Premise,"Some religion, such as Buddha, believes that animals were human being in their previous life"
essay371,T2,MajorClaim,people choose to become vegetarians for health and religious concern rather than the benefits of animals
essay371,T11,Claim,it is vital to follow one's own religious practices which can bring the enlightenment in mind
essay372,T1,MajorClaim,"what can be expected, is a change of the role of the tradition but not its disappearance from the society"
essay372,T2,MajorClaim,there should never be any replacement for traditional skills or ways of life
essay372,T3,Claim,"They are the ones that teach, and will teach us to be self-esteem and experienced, which means their preservation throughout history deserve our attention"
essay372,T4,Claim,the country's culture is passed down mainly through traditional skills and ways of life
essay372,T5,Premise,"in Vietnam, many water puppet shows which once demonstrated our seasonal agriculture and communal activities, are today substituted by cinemas and music concerts"
essay372,T6,Premise,"the young generation can solely get access to their ancestor's early life through books and images, which otherwise would be much more easily absorbed"
essay372,T7,Premise,"Understanding why, and how our predecessors survived through thick and thin will probably be invaluable lessons for us today"
essay372,T8,Premise,study form their mistakes helps us accomplish our goal with smooth sailing
essay372,T9,Claim,"a person should look back at the past, mainly by means of custom handcraft or antique lifestyle, to progress"
essay373,T1,MajorClaim,it is no evidence about the reduction of crime rates due to the death penalty
essay373,T2,Claim,death penalty neither controls the violent in society nor creates a violent culture
essay373,T3,Premise,"Crimes kill someone which is illegal; nevertheless, the government use law to punish them, which is the same way they sinned but in a legal one"
essay373,T4,Premise,the criminal is repeated second time
essay373,T5,Premise,capital punishment is a form of revenge which creates violent culture
essay373,T6,Premise,the rights of life are the basic and vital rights of a human being
essay373,T7,Premise,No one has the right to take the life of a human; even if he committed murder
essay373,T8,Premise,"If you kill a criminal, you become a criminal"
essay373,T9,Claim,nobody has the right to take another human life
essay373,T10,Premise,crimes seem to increase due to the capital punishment
essay373,T11,Premise,"if we think that killing is the best way to solve the problem, it is neither unethical nor immoral"
essay373,T12,Premise,"If they kill someone and end their life by dead without paying for their sins, it is so easy for them"
essay373,T13,Premise,They do not undergo any pain or misery
essay373,T14,Premise,Criminals should be punished for their misdeeds
essay373,T15,Claim,"with some of serious criminals, capital punishment is an easy way out"
essay373,T16,MajorClaim,The world should consider clearly about polishing the law of the dead penalty
essay373,T17,Premise,"capital punishment is a form of legalized revenge, it is an easy way for serious crimes, and nobody has rights to take others life"
essay373,T18,Claim,it neither demines crimes of violence nor be essential to control violence in society
essay373,T19,Premise,rehabilitation and education is also a better way in order to prevent or minimize offensive acts
essay373,T20,Premise,Why do not punish them by doing something meaningful for the country- it is better
essay373,T21,Premise,"some industries such as mining, oil and gas extraction, reclamation, etc, needs many labors"
essay373,T22,Premise,"it is regarded as the ""legalized revenge"" to victims' family"
essay374,T1,MajorClaim,the zoo deserves maintenance and public respect
essay374,T2,Premise,"With zoos, pupils will have a chance of observing the habit and unique instinct of, for instance, a lion or a crocodile"
essay374,T3,Premise,zoos conduce to the acquisition of knowledge at various levels
essay374,T4,Claim,the zoo should be considered as a means of education with regard to providing real and vivid materials for learners
essay374,T5,Premise,"it is of university students' benefits to do biological research based on practical statistics and live recordings, which otherwise would not be at hand"
essay374,T6,MajorClaim,the role of zoos towards both human and animals is undeniably indispensable
essay374,T7,Premise,"Nowadays the process of globalisation is accompanied by the encroachment upon natural habitats, which consequently calls for the help of zoos"
essay374,T8,Premise,the ever-increasing huntings are having a heavy toll on rare and specious species
essay374,T9,Premise,"Only when zoos appear are such distinction-driven animals as: giraffe, panda, koala or leopard provided with their own inaccessible territory"
essay374,T10,Claim,the zoo also serve as a means of ecological protection
essay375,T1,MajorClaim,"no matter how widely they are spoken, every language should be protected from being disappeared"
essay375,T2,Claim,letting languages spoken by ethnic minorities be extinct seems to be very beneficial
essay375,T3,MajorClaim,it will definitely impact seriously on many other aspects especially in the loss of our cultural heritages
essay375,T4,Premise,"we need to consider that if the government expands the use scope of that languages, it can be really expensive"
essay375,T5,Premise,educational programmes will need to be given so as to keep young people learning and using them
essay375,T6,Premise,some certain areas in the Southern Vietnam have been trying to help their secondary school students who are originally from khmer people speak their language beside Vietnamese
essay375,T7,Premise,"the local government has recently struggled with their costly investments on language teachers, facilities and appropriate materials"
essay375,T8,Claim,"in many aspects such as communication, trade, cooperation as well as transaction, it will be absolutely easier for the whole society to work together in one language only"
essay375,T9,Claim,saving regional languages could be seen as a waste of money
essay375,T10,Claim,the government should try to preserve minority languages
essay375,T11,Premise,language can be seen as much more than just one method of communication
essay375,T12,Premise,forming a language must be undergone thousands of years
essay375,T13,Premise,it deserves to be respected and preserved
essay375,T14,Premise,language is one of the essential factors creating the differences and unique cutures in the world
essay375,T15,Premise,saving the use of that kinds of languages in this case generally is the most important element of the cultural diversity's preservation
essay376,T1,MajorClaim,this plan should be put into practice
essay376,T2,MajorClaim,I have to concede to the materialistic diversion from treatment to health education and preventative measures
essay376,T3,Claim,This will yield positive results on not only the people's physical and mental development but also their finance
essay376,T4,Premise,"Children should be taught about balanced diets, nutritious food as well as harmful ones"
essay376,T5,Premise,they will have a fundamental grasp of how to lead a healthy lifestyle
essay376,T6,Premise,"it is much easier for people at early ages to form a habit of, for instance, not consuming too much fast food, over-fried food or intoxicants"
essay376,T7,Claim,"No one can argue the importance to include health lessons in school programmes, especially at primary level, in the hope of raising people's awareness"
essay376,T8,Premise,"such unpreventable illnesses as cancer or HIV will cost the victim a fortune, not to cure, but to lengthen his longevity for 1 or 2 more years"
essay376,T9,Premise,"if humans tend to keep fit more regularly by participating in outdoor activities or using health-care product, obesity, myopia or other diseases that require expensive treatments will never stand a chance"
essay376,T10,Claim,it will be of economic benefit to pre-empt certain kinds of diseases
essay377,T3,Claim,university restriction has both pros and cons
essay377,T5,Premise,one deserves what he has done
essay378,T1,MajorClaim,the teacher is the best option for children's education in some aspects
essay378,T2,MajorClaim,teachers are the best for children's education
essay378,T3,Claim,Not only do they contribute much to children's professional skills but also they can teach their students important social communication techniques in order to survive in this competitive world
essay378,T4,Premise,"to be able to obtain the teacher certificates, people need years of training at their normal schools to learn theoretical knowledge"
essay378,T5,Premise,"in comparison to teachers, parents tend to have less knowledge to teach their children's subjects such as mathematics and physics"
essay378,T6,Claim,school teachers are more qualified than parents in the field of education
essay378,T7,Claim,teaching staff are professional and experienced in terms of promoting children's communication skills
essay378,T8,Premise,"after many years of teaching experience, teacher are able to know how to help children to develop important life skills such as learning personal boundaries, facing future problems and learning important conflict resolution skills"
essay378,T9,Premise,parents are facing difficult generation gap with their children because they are less likely to know how to handle family conflicts in an efficient way
essay378,T10,Claim,it was impossible for them to be a good teacher
essay378,T11,Premise,"compared with teachers, parents do not have enough time to spend with their children"
essay378,T12,Premise,Nowadays we are facing a global economic crisis and it is necessary for both parents to work
essay378,T13,Premise,there is only limited time for them to teach their children
essay379,T1,MajorClaim,there are still many other aspects which should be seen as important as income when people choose a job
essay379,T2,Claim,income is still a vital determination impacting us on choices of careers
essay379,T3,MajorClaim,"passion on jobs, in my opinion, can bring actual happiness and help us get promoted in working to earn even more money later on"
essay379,T4,Premise,"people who are woking in art or painting industries, for example, will find it quite difficult to live comfortably and enjoyably"
essay379,T5,Premise,"they are doing what they love, their income however seems to be quite low compared to many other career paths"
essay379,T6,Claim,"people tend to choose high salary jobs so as to not only help themselves but also support partially or wholly their family's living needs such as food , clothes, accommodation, education, medication"
essay379,T7,Premise,money is very essential in order to meet human' basic needs
essay379,T8,Premise,"There are plenty of people, who are now really successful, have started working in challenging as well as competitive fields as singers, dancers and painters"
essay379,T9,Premise,"important factors in choosing a job such as level of happiness, satisfaction of jobs, personal relationships, professional skills, working environment, managers and colleagues should not be underestimated"
essay379,T10,Premise,some people choose a career due to their desire to help others and contribute positively to their countries and societies
essay379,T11,Claim,"if we are passionate about what we are working, we are likely to achieve success easily in that field"
essay380,T1,MajorClaim,"While many believe that petrol and diesel fuel should be charged with the highest taxation, I strongly disagree with this notion"
essay380,T2,MajorClaim,"it disadvantages may outweigh its advantages with regard to economic and politic issues, making it advisable to seek another options to reduce the use of personal cars"
essay380,T3,Claim,higher fuel and petrol cost has its own pros and cons
essay380,T4,Claim,"Taxation may have tackled the environmental issue simply by diverting people to public transportations such as trains, buses or ferries"
essay380,T5,Premise,"if petrol and fuel taxation are raised, people might hesitate choosing a personal automobile"
essay380,T6,Premise,"for those who have already afforded a car, there is a likelihood it is restraint from usage on long journeys or to crowded cities"
essay380,T7,Premise,"the more costly petrol is, the higher the price of necessary product: rice, meat or even vegetable"
essay380,T8,Claim,"people have to turn to cheaper alternatives, which might cause the abundance in goods and later on, economic crisis"
essay380,T9,Premise,taxation on flamable resources might backfire by conducing to inflation
essay380,T10,Premise,"Suppose that the those countries cut down on its oil support, other nations will have to pay more as well as release beneficial policies for them"
essay380,T11,Premise,"America, for example, has recently drawn its intervention in Russian crisis only due to the influx of oil"
essay380,T12,Claim,"countries that import oil will be more dependent on the exporters, both politically and financially"
essay381,T1,MajorClaim,this trend reflects and enhances the high level of violence in society
essay381,T2,Claim,being armed with guns in the police force is necessary
essay381,T3,MajorClaim,it will bring the higher level of violence
essay381,T4,Claim,a society that its police force carries guns will be definitely seen as a highly violent one
essay381,T5,Premise,we need to consider that police armed with guns or any other kinds of legal weapons just attempts to protect not only civilians but also himself
essay381,T6,Premise,criminals todays are very sophisticated so they spend a large amount of money to acquire modern weapons to cope with the police and serve their own nefarious needs
essay381,T7,Premise,citizens in that society can be shot by both police and offenders accidentally
essay381,T8,Premise,"while on duty, not only are private citizens affected but facilities such as cars, houses, streets are likely to be destroyed by guns"
essay381,T9,Claim,Those are possibly the strongest evidences to determine a society suffering a high level of violence
essay381,T10,Premise,"people and police in those ones usually deal with dangerous diverse crime's categories such as theft, robbery, murder, rape, vandalism, arson"
essay381,T11,Premise,police force carries guns only in high crime societies
essay382,T1,MajorClaim,the richness as well as convenience of technology are two main factors that contribute to the students' progress
essay382,T2,Claim,it expedites data availability and accelarates students' learning process
essay382,T3,MajorClaim,I have to consent to the use of technology in education
essay382,T4,Claim,"technology was introduced, student have been exposed to a wide range of information, which neccessarily broaden their minds"
essay382,T5,Premise,"The internet, for example, provide knowledge in the form of news, radio talks, tapes or reseachs on any particular fields"
essay382,T6,Premise,"There, the students can not only ascertain concerned subjects but they can also get access to relevant issues and discuss with people worldwide"
essay382,T7,Premise,students will develop their skills at a greater pace
essay382,T8,Premise,"The modern world provides learners with the mp3, the mobile phone or the laptop that help them, especially language learners, listen to recordings everywhre or read documents anytime"
essay382,T9,Premise,"the internet again, is an inexhaustible resource of visual aids, such as educational games, sounds or images with which students may absorb abstract concepts taught at school more briskly and thoroughly"
essay382,T10,Claim,Another point that students may benefit from technology is the shortened time for learning
essay383,T2,MajorClaim,technology has a great contribution to our lives and civilization
essay383,T1,Claim,We can not neglect profound impact of great technological process on human life
essay383,T3,Claim,"thanks to modern technology invented recently, human life has been improved dramatically"
essay383,T4,Premise,"Air-conditioners, computers, cellphones, washing machines, for example, is likely to be seen as greatest inventions helping people to reduce stress and time for other activities"
essay383,T5,Premise,applying technological science into the preparation of medications also plays a significant role in saving the number of patients' lives
essay383,T6,Claim,technological products have devastated the natural environment indirectly through its production process
essay383,T7,Premise,exploiting and collecting raw materials as well as essential fuels to serve the production of technological products have destroyed nature seriously
essay383,T8,Claim,technology may decrease a great deal of creativity in certain groups of people especially children and the youth due to the dependence upon available achievements
essay384,T1,MajorClaim,"governments should definitely reduce violent components to the minimum in kidvids, while such contents remain in the TV shows that for mature minds to watch would be entirely reasonable"
essay384,T2,MajorClaim,violent contents must be excluded from all kidvids in order to reduce the proportion of juvenile delinquency
essay384,T3,Premise,"reducing the proportion of violent content in TV shows could, to some degree, decrease the overall crime rate"
essay384,T4,Premise,governments must first prohibit any types of violent content in all children’s television programs
essay384,T5,Premise,"As a result of mental immaturity, most youngsters are incapable of distinguishing right from wrong"
essay384,T6,Premise,"by watching these violent TV programs and videos, juveniles will become very aggressive and offensive and have a great tendency to commit crimes"
essay384,T7,Claim,it would be rather necessary for governments to establish an intensive law that prevents teenagers from watching these violent and brutal TV Shows and movies
essay384,T8,Premise,adults watch horror video or war movies for relaxing themselves after a busy day
essay384,T9,Premise,"For whom, such media sources are mere materials of relaxation and entertainment"
essay384,T10,Premise,"Considering that these mature minds are capable of being responsible for their own behaviors, they certainly have the right to watch TV shows or movies that are appealing to them"
essay384,T11,Claim,"it would certainly be a violation of adults’ civil liberties, if governments implement such a restricted regulation on these TV shows or movies that only for mature audiences"
essay385,T1,MajorClaim,the guns which are used by police have not been a trigger of higher level of violence
essay385,T2,Premise,they have a weapon which will prevent an escaping criminal who poses a serious danger to the public
essay385,T3,Claim,some military weapons need encouraging for police officers to protect the public and minimize the rate of violence
essay385,T4,Premise,a police holds a responsibility to tackle of violence in the urban or suburban areas using a gun
essay385,T5,Premise,"An obvious example of this happens in The United State, a man killed more than ten people in the cinema using a weapon, while a police shot in the foot to paralyze him"
essay385,T6,Premise,police officers can force a criminal to surrender
essay385,T7,Premise,the number of unemployment rate has risen to 15 percent in several globalized and non-globalized countries
essay385,T8,Premise,Many well-qualified and well-educated person cannot earn some money to live comfortably
essay385,T9,Premise,"cost of living in the big city is extremely expensive, so this problem impresses some people who live under the poverty line to do anything to pay their basic needs"
essay385,T10,Premise,"Many baggers chose to be a pickpocket in the public transport, for instance"
essay385,T11,Claim,there are some reason why the level of bloody increases significantly in the communities
essay386,T1,MajorClaim,the classmates should be regarded as the most important influence on individual achievements
essay386,T2,MajorClaim,classmates are unrivalled by the children's parents
essay386,T3,Claim,"they provide tremendous incentive and horizon expansion, two crucial commodities leading to a successful presentation at school"
essay386,T4,Premise,"In high school, for instance, an individual cannot resist studying painstakingly through day and night when the others who are astoundingly ambitious and set sights on prestigious universities around the globe are doing the same"
essay386,T5,Premise,"From a psychological perspective, the feeling of being subordinate to their peers exert enormous pressure on the children, which subsequently transforms into some sort of stimulants and boosts the children's academic performances"
essay386,T6,Claim,the classmates themselves creat a competitive atmoshphere which incent the children
essay386,T7,Premise,"students share even more time together than with their parents, explaining a great deal of wisdom they absorb from each others"
essay386,T8,Premise,"it can be, for example, lessons on the class, social skills or general etiquettes that are sometimes overlooked by parents"
essay386,T9,Premise,"Sharing the same age, children are at their most comfort to exchange ideas, to query and interpret abstract concepts without fear of parental punishments, resulting in deeper comprehension"
essay386,T10,Claim,"when it comes to knowledge and the acquisition of such, classmates are second to none"
essay387,T1,MajorClaim,people's health would therefore be affected negatively
essay387,T2,Claim,life in those cities is good in some ways
essay387,T3,MajorClaim,life in big cities can have negative effects on people's health
essay387,T4,Premise,"Exhaust from transportation, especially cars, and factories' tosix fumes can lead people to face with various respiratory deseases"
essay387,T5,Premise,water pollution makes people's health become more critical
essay387,T6,Premise,"dangerous bacterias and germs in polluted water can go indirectly into people's bodies and create severe problems, which may result in death if the patients are not treated in time"
essay387,T7,Claim,Environment pollution one of the primary reasons why life in cities is becoming worse than ever before
essay387,T8,Premise,Recent investigations reveal that toxic foods are sold pervasively in today's market
essay387,T9,Premise,"overpopulation may make people suffer from infectious deseases, especially cough, sneezing and illness"
essay387,T10,Claim,living in such cities also means living in high crime rate areas
essay387,T11,Premise,"Unemployed workers or school dropouts can easily commit crime from petty offence to felony such as burglary, pickpocketing, trickery, vandalism, smuggling or even murder"
essay387,T12,Claim,it is likely that many foods in big cities are not safe for people to eat or drink
essay387,T13,Claim,"Earning money for living becomes more difficult, living healthy in such places is getting harder also"
essay388,T1,MajorClaim,criminal minds that breed violence not stringent gun control
essay388,T2,MajorClaim,there is a poor relationship between polices carrying guns and an increasing violence rate
essay388,T3,Claim,criminal mind seems to be more related to violence
essay388,T4,Claim,if there is gun control somehow crime has to decrease
essay388,T5,Premise,fewer guns available mean less crime
essay388,T6,Premise,this is not as simple as it sounds
essay388,T7,Claim,stringent gun control does not decrease violence and crime
essay388,T8,Premise,most gun violence is committed with guns obtained illegally
essay388,T9,Premise,"People who are intent to commit crime and control cities through gang violence and other means will find a way to continue to use guns, regardless of gun control"
essay388,T10,Claim,"if a government wants to control crime in a community, it is important to manage their people's actions rather than gun used in violent crimes"
essay388,T11,Premise,the root of violence is criminal mind not the weapon itself
essay388,T12,Premise,"there will be law non-abiding people anywhere in the world, either polices or common citizens"
essay389,T1,MajorClaim,education is the single most important factor in the development of a country
essay389,T2,MajorClaim,education plays an important role in the socioeconomic status of a country
essay389,T3,Claim,"The more people in the country become educated, the better chance it can develop"
essay389,T4,Claim,these children remain uneducated and will have the same fate as their parents
essay389,T5,Premise,"In a developing country, not many can afford to send their children to school"
essay389,T6,Premise,There are government schools where tuition fees are practically free but they are not aplenty and mostly are situated in the cities
essay389,T7,Premise,They are not reachable by children who live in the mountains or islands
essay389,T8,Premise,"These children whose parents are either farmers or fishermen, can hardly eat three meals a day, let alone afford to pay for transportation to get to these schools everyday"
essay389,T9,Premise,Basic education teaches one child to read and write
essay389,T10,Premise,Supplementary education provides him with useful knowledge and information
essay389,T11,Premise,A further specific education can teach an individual with skills enough to make a living and be self-sufficient
essay389,T12,Premise,A well-informed man can act sensibly and make sound judgment
essay389,T13,Premise,a skillful man contributes favorably and is valuable to the society
essay389,T14,Claim,"the benefits of education can make a man, a society and a developed country"
essay390,T1,MajorClaim,celebrities nowadays give more good influence on young people than they were previously
essay390,T2,Claim,people without talents cannot be famous in this changing world and to be accredited they need to contribute positively to young generation
essay390,T3,Claim,it is not easy to influence young people these days when they are well equipped of life skills
essay390,T4,Premise,They are mostly being educated at very early ages by family or schools as to distinguish what is benefit for them
essay390,T5,Premise,the young generation these days is very conscious toward positive lifestyles
essay390,T6,Claim,people use their money to become an inspiration are definitely not a good mirror for young people
essay390,T7,Premise,"We definitely do not want our children to spend money on luxurious custom or lifestyle just to be similar to someone, especially when these people are not symbols of any talent but showing off"
essay390,T8,Premise,not many people can exist in the celebrities' world without any talents or achievements
essay390,T9,Claim,"only money and glamour look are not enough for a person to be recognized anymore, it is importance that they have to have achievements in order to be a muse to youngsters"
essay390,T10,Premise,"We are giving chances to many teenagers to show their intelligence in different talent shows, for example; The Voice, X Factor or Next Top Models etc"
essay390,T11,Premise,"to become a star and an inspiration for people, a person need to have real talent to compete with other candidates"
essay391,T1,MajorClaim,this great invention in the 21st century causes many problems in our society
essay391,T2,Claim,mobile phones make our communication faster
essay391,T3,MajorClaim,it also gives rise to many social problems such as children's social skills and their mental health
essay391,T4,Premise,"as people, especially teenagers increasingly tend to focus on their phones, they may lose their interests on daily activities such as meeting with friends, and this lack of communication may impair their future negotiation and interpersonal skills"
essay391,T5,Premise,continuous use of mobile phones may also damage children's eyesight and physical posture
essay391,T6,Claim,it is harmful for us to use mobile phones frequently
essay391,T7,Premise,spending too much time on mobiles phones many exert an adverse effect on our social skills
essay391,T8,Premise,there many game applications available online and many of them are quite aggressive in nature
essay391,T9,Premise,"In these games, children are rewarded to help their characters to kill or shoot monsters or characters controlled by other players, and this many lead to development of aggressive feelings, thoughts and behaviors"
essay391,T10,Premise,frequent conflicts may occur during communication
essay391,T11,Claim,the growing number of mobiles games will impact their mental development
essay391,T12,Premise,"as most of the telecommunication companies provide us with access to the internet via our phones, people are able to enjoy sending instant messages and making international calls free of charge"
essay391,T13,Claim,mobile phones have shortened the distance of communication
essay391,T14,Premise,"Mobile phones , such as smart phones, has made our communication easy and convenience"
essay392,T1,MajorClaim,both government and common people should have the responsibility for the environment
essay392,T2,Premise,"air pollution and water quality has concerned many countries, and the government is able to implement some policies and invest money to reduce air pollution, while companies also can enhance their technologies to curb emission of contaminated water and substances"
essay392,T3,Claim,"solving some environmental problems needs large budgets and various technologies, and the government and corporations have the ability to deal with these problems"
essay392,T4,Premise,individuals are unable to cope with these things
essay392,T5,Claim,we should convey corresponding policies and knowledge to the public and society
essay392,T6,Premise,It is necessary for every citizen to have the awareness and knowledge of environment protection
essay392,T7,Premise,the government and firms could have significant influences on environmental awareness of people
essay392,T8,Premise,"the government controls many influential media, such as TV stations and newspapers, which can provide plenty of environmental knowledge and related policies to citizens"
essay392,T9,Premise,"many people driving private cars could cause air pollution, and overusing plastic packages would affect the environment"
essay392,T10,Claim,"it is possible for ordinary people to participate in some actions of environment protection, and they also can benefit from the improvement of environment"
essay392,T11,Premise,"If people can gradually change some lifestyles in these daily activities, this will have many significant impacts on environmental improvement"
essay392,T12,MajorClaim,"the government and corporations should take more responsibility for addressing environmental issues, but every citizen also can contribute to the environment"
essay393,T1,MajorClaim,"such details should be strictly censored, if not banned altogether"
essay393,T2,Claim,"a great deal of crime coverage is rather biased, exaggerated or fraudulent, which only result to terrorize communities and leave law-aiding people increasingly apprehensive of about crimes"
essay393,T3,Premise,the press provide the public with criminal content in order to increase newspaper circulation and TV rating
essay393,T4,Premise,"These days the primary purpose of journalists covering the details of criminal acts is, more often than that, to boost newspaper circulations and TV ratings"
essay393,T5,Claim,"without the prevention on criminal details, the unlawful behavior would be more and more severe and the social harmony would be broken"
essay393,T6,Premise,"This may help those who are in the process of panning a criminal act perfect their plans, avoid the pitfalls and make themselves harder to be tracked down by the police"
essay393,T7,Premise,"detailed reports of crimes exposured on the press may provide the potential criminals with instructive learning materials, which would be hard to obtain otherwise"
essay393,T8,Premise,they have already suffered greatly for what they have experienced
essay393,T9,Premise,"Without their consent, this could only add to theses innocent people's mental suffering and they may do some extreme actions"
essay393,T10,Claim,particular coverage of heinous crimes may further traumatize the victims of crimes
essay393,T11,MajorClaim,any descriptions of crimes should not go unchecked as any longer
essay393,T12,Claim,"as they may be false, may further drive up the already-high crime rate and may bring even more suffering to the victims of crimes"
essay394,T1,MajorClaim,children are those who need to be under instruction of handwriting
essay394,T2,MajorClaim,"handwriting is still a needed skill for all of people, especially students at the early age"
essay394,T3,Premise,"this approach is a basis tool used in several fields such as taking notes, doing homework and writing"
essay394,T4,Premise,It enables to improve learners' spelling capacity and accompany reading or writing disabilities as well
essay394,T5,Premise,"Under the guidance of parents or teachers, children can benefit from practicing handwriting"
essay394,T6,Claim,handwriting still plays a vital role in students' learning
essay394,T7,Premise,"This way of writing will encourage them to pay more attention on content, elaborate in details and develop their organization abilities"
essay394,T8,Claim,poor handwriting can have a negative impact on students' school performance
essay394,T9,Premise,kids who are bad at handwriting meet difficulties in taking notes and catching up lessons
essay394,T10,Premise,It resulted in the missing of information and the lack of details during their works
essay394,T11,Premise,the increasing taking advantage of advanced equipment could make students be lazier and more subjective in their writing skills
essay394,T12,Premise,"with the assistance of automatic grammar and spelling checking in office word, learners are now no need for noticing much in their mistakes"
essay395,T1,MajorClaim,these taxes are absolutely essential
essay395,T2,Claim,"by paying taxes for public school, affluent people effectively contribute to narrowing down the gap between rich and poor"
essay395,T3,Premise,many poor families are not able to afford tuition fees for their kids to attend a course
essay395,T4,Premise,"With the the tax amount for which they pay, the rich may help a vast number of students from families with poverty background to continue their studies, and earn a better quality of life"
essay395,T5,Premise,this reduction would cause a difficulty to the tax calculation
essay395,T6,Premise,the government would have to recruit a greater workforce in order to handle this sophisticated issue
essay395,T7,Premise,"the government would also pay the salary for the excessive officials, and this would result in insufficient investments in other crucial public sectors such as education or health care"
essay395,T8,Claim,the tax reduction for parents of children studying in private schools would lead to a waste of public capital
essay395,T9,MajorClaim,taxes paying for state schools are necessary to be compulsory for all members of society no matter where their children enroll in
essay395,T10,Claim,such tax payments are unfair for them
essay395,T11,Premise,it is irrational to require them to pay for the taxes they do not use
essay395,T12,Premise,we also pay for the public services that we even do not experience a chance to employ like police or fire brigade
essay395,T13,Premise,We certainly do not hope for a reduction for these sorts of taxes
essay396,T1,MajorClaim,both public services and arts worth investment
essay396,T2,MajorClaim,both arts and public services are important to the community and should be invested properly
essay396,T3,Claim,indispensable public services like hospital and school worth every penny investing
essay396,T4,Premise,"Investing in hospitals helps improve people's health, also, in schools assists with raising our children's education level"
essay396,T5,Premise,"if these facilities were not spent adequately, our standard of living would deteriorate"
essay396,T6,Premise,Arts include many forms and music as well as cinema are the most typical
essay396,T7,Premise,These two art forms not only provide the public with entertainment but also contribute significantly to the economy
essay396,T8,Premise,"The income of film and music industries produce millions of dollars each year for the Goverment, for instance K-pop and Hollywood, and these industries can not survive without goverment's financial assistance"
essay396,T9,Claim,our standard of living also depend on another factor - spiritual life which is related closely with arts
essay397,T1,MajorClaim,"the affect of technology on culture is undeniable, it has also contributed to the preservation of traditonal culture"
essay397,T3,MajorClaim,Modern technogy has impacted the traditional cultures in both negative and positive ways
essay397,T2,Premise,"The invention of mobile phone and internet has changed our traditional ways of communicating as well as working, it has also been much less labourous than in the pass with the assistance of electrical machineries"
essay397,T4,Premise,these newfangled practices has replaced many old traditional ones
essay397,T5,Premise,"factories equipped with new and highly-productive system has replaced old handmade products, the exchange of letters among friends is so hard to be seen as we have had emails and social network instead, new video games has superseded the old-physical ones"
essay397,T6,Claim,Many old traditionally cultural things have long gone as a result of modern technology
essay397,T7,Claim,"Thanks to modern technology, our life has been improved with many gadgets"
essay397,T8,Claim,technology has also made some contributions to the maintenance and study of traditional cultures in some ways
essay397,T9,Premise,Internet has aided to assess the young generations to the cultural identity of many nations from all around the world
essay397,T10,Premise,"With the help of advanced methods, many art masterpiece has been well restorated and well preserved"
essay397,T11,Premise,"Modern devices also assist the scientists to study the ancient societies much more deeply, hence discovering more cultural traces"
essay398,T1,Claim,many different characters exist between male and female students
essay398,T2,MajorClaim,"it is necessary for universities to respect the individual choice of subject due to the diversity of boys and girls, and we ca not forcedly put the same numbers of males and females into every subject"
essay398,T3,Premise,"Most of male students tend to use their left brain to think and act, and they are more rational and logical than girls in many cases"
essay398,T4,Premise,there are more male scientists and engineers in comparison with females around the world
essay398,T5,Premise,"Many boys are interested in science and technology, while a number of girls like to learn literature, education and arts"
essay398,T6,Premise,"girls are more likely to prefer some jobs related to emotion and communication, such as teacher, singer and interpreter"
essay398,T7,Premise,"girls differ from boys in mind and behaviour to a large extent, and they both have better ability in the specific aspect"
essay398,T8,Claim,boys and girls have the diversity in psychological modes and individuality
essay398,T9,Premise,"a girl, who is interested in literature, is arranged into an engineering department"
essay398,T10,Claim,it can have a negative affect on these students to require them to choose a subject in equal proportion of gender
essay398,T11,Premise,that does not conform to students' personality traits and mental development
essay398,T12,Claim,universities should encourage more girls to choose science subjects and more boys to study the humanities
essay398,T13,Premise,this could avoid imbalance of gender in some subjects
essay398,T14,Premise,It would affect students' mental health to study in the environment of single gender
essay398,T15,Premise,she is unlikely to focus on her subject
essay398,T16,Premise,this also can block the girl's future development and career prospect
essay399,T1,MajorClaim,this is a worrying tread which has negative impact on children
essay399,T2,MajorClaim,media should shift its focus from covering celebrities to elsewhere
essay399,T3,Claim,This gives children the idea that it is not necessary to study hard at school for a better career and earning a living
essay399,T4,Premise,The first impression of the celebrities seems that they are rich while not having to work hard
essay399,T5,Premise,they will not value other people's hard work and take everything for granted
essay399,T6,Premise,"It is not uncommon to see on the media that some of them are committing to crimes or misbehaving such as being addicted to drugs or alcohols, having messy sex lives"
essay399,T7,Claim,"without proper parenting, children may perceive that this is the cool life people are supposed to be living"
essay399,T8,Premise,not all celebrities are role models
essay399,T9,Claim,"some celebrities, e.g. writers, passionate entrepreneurs are good examples to children"
essay399,T10,Premise,they share fascinating stories or how to pursue their goal by doing something that has a meaning to them and may change the world
essay400,T6,Premise,The first reason why education and preventative measures should receive a greater budget is the potential improvements in health system
essay401,T1,MajorClaim,fatherhood is a as vital part of a healty parantage as much as motherhood
essay401,T2,MajorClaim,fatherhood should be as present as motherhood in a child's life starting from the the birth due to providing appropriate parenthood and having healthy family relationships
essay401,T3,Premise,the role models within a family play a significant role in the development of the child's characteristics
essay401,T4,Premise,"in a traditional Turkish family, while a mother has a sincere and thoughtful approach to the child, a father role must be present as authoritarian and conversative to raise a well-behaved child"
essay401,T5,Claim,The first reason why the father's role should be equal to the mother's role is the nature of parantage
essay401,T6,Premise,"we are living in a society that puts a significant importance to gender equality in every aspect of the life, including relationships"
essay401,T7,Premise,a family formed by a woman with a housewife role who looks after the home and takes care of children and a man who brings money home can not be seen anymore in today's society
essay401,T8,Claim,The second reason why I believe that fatherood is as important as motherhood is the dynamics of the relationships today
essay401,T9,Premise,all of the couple duties are performed equally and interchangeably by individuals
essay401,T10,Premise,having and raising children should not be different than any other daily activity
essay402,T1,MajorClaim,both of studying hard and playing sports are part of life to children
essay402,T2,MajorClaim,both studying hard at school and playing sports can improve children's future
essay402,T3,Premise,Studying hard gives children with a plenty of knowledge and skills for their future
essay402,T5,Premise,"children who always studying hard and getting high achievement, it will be easy to pass qualification for work and they are more likely to find great work at multinational company"
essay402,T6,Premise,If they working at multinational company as the result is they can earn higher salary
essay402,T7,Premise,when you always studying harder than others you will get best results
essay402,T8,Claim,studying hard will give children a better future
essay402,T4,Premise,there are many benefit when children doing sport
essay402,T9,Premise,"children who always playing sport like football, they will be active as a person and learn to become team-player"
essay402,T10,Premise,It will be good for children
essay402,T11,Premise,indirectly they will learn how to socialize each other as a team
essay402,T12,Premise,That will make children getting lots of friends
essay402,T13,Premise,they can contribute positively to community
essay402,T14,Premise,playing sport makes children getting healthy and become children's well-being
essay402,T15,Claim,playing sports will give good effects on children
