essay_id,component_type,text,candidate_pramana,candidate_reason,final_pramana,strength_label,reviewed
essay144,Premise,"this may lead to 'social division', when someone with high education refuses to do the called 'low jobs'",Anumana,No strong cue; default to Anumana (inferential argumentative span),,,
essay367,Premise,"women tend to work in various fields which in the past normally done by men such as being engineers, and dealing with machines",Anumana,No strong cue; default to Anumana (inferential argumentative span),,,
essay241,MajorClaim,living in the city is much better nowadays,Anumana,No strong cue; default to Anumana (inferential argumentative span),,,
essay150,MajorClaim,reading fictions is more pleasant,Anumana,No strong cue; default to Anumana (inferential argumentative span),,,
essay154,MajorClaim,I prefer to live with a roommate,Anumana,No strong cue; default to Anumana (inferential argumentative span),,,
essay036,Claim,"considering the rise in accident rates, violent crime rates and suicide rates",Anumana,No strong cue; default to Anumana (inferential argumentative span),,,
essay109,Premise,"Taking the SARS in 2003 as an example, the Chinese government limited the amount of information for public access which therefore causes numerous deaths",Anumana,"Matched Anumana cues: therefore, causes",,,
essay080,Claim,both of the arguments have strong supports,Anumana,No strong cue; default to Anumana (inferential argumentative span),,,
essay312,Premise,The proposal of the demonstration was eliminating the raising salaries,Anumana,No strong cue; default to Anumana (inferential argumentative span),,,
essay123,MajorClaim,teenagers need more attention and help in comparison with the higher ages,Upamana,Matched Upamana cues: comparison,,,
essay075,Claim,"Art is not the key determination of quality of life, but education is",Anumana,No strong cue; default to Anumana (inferential argumentative span),,,
essay391,Premise,there many game applications available online and many of them are quite aggressive in nature,Anumana,No strong cue; default to Anumana (inferential argumentative span),,,
essay219,Claim,This transformation may bring positive impacts to family in some cases,Anumana,No strong cue; default to Anumana (inferential argumentative span),,,
essay287,Premise,"If I could not communicate with other people, I could not even buy food to sacrifice my hunger",Anumana,No strong cue; default to Anumana (inferential argumentative span),,,
essay154,MajorClaim,"I prefer to live with a roommate, and I always will",Anumana,No strong cue; default to Anumana (inferential argumentative span),,,
essay337,Premise,"many games involve children helping their character to kill or shoot, which many lead to increased aggressive feelings, thoughts and behaviours",Anumana,No strong cue; default to Anumana (inferential argumentative span),,,
essay176,Premise,visiting a museum saves their precious time for making a decision,Anumana,No strong cue; default to Anumana (inferential argumentative span),,,
essay128,Claim,students should have a right to choose what they want to study,Anumana,No strong cue; default to Anumana (inferential argumentative span),,,
essay323,MajorClaim,parents are our best teachers,Anumana,No strong cue; default to Anumana (inferential argumentative span),,,
essay036,MajorClaim,the guns should be strictly limited and the government should enforce a series of laws to prevent our societies from violence,Anumana,No strong cue; default to Anumana (inferential argumentative span),,,
essay387,Premise,"Unemployed workers or school dropouts can easily commit crime from petty offence to felony such as burglary, pickpocketing, trickery, vandalism, smuggling or even murder",Anumana,No strong cue; default to Anumana (inferential argumentative span),,,
essay262,Premise,They are eager for finding who they are and what they really want,Anumana,No strong cue; default to Anumana (inferential argumentative span),,,
essay256,Premise,this is a rather immodest way of thinking,Anumana,No strong cue; default to Anumana (inferential argumentative span),,,
essay037,Premise,People can understand more about a country,Anumana,No strong cue; default to Anumana (inferential argumentative span),,,
essay106,Premise,"This step has curbed down the numbers of smokers in the country and as a result, Brunei remains a place known for its tranquility and cleanliness",Anumana,No strong cue; default to Anumana (inferential argumentative span),,,
essay016,MajorClaim,the merits of animal experiments still outweigh the demerits,Anumana,No strong cue; default to Anumana (inferential argumentative span),,,
essay347,Premise,"products usually look more gorgeous and with good quality in advertisement, people are more likely to buy goods impulsively without a second thought",Anumana,Matched Anumana cues: likely,,,
essay243,Premise,"They may stop me, speak something against it and that makes me forget what I want to say",Anumana,No strong cue; default to Anumana (inferential argumentative span),,,
essay087,Premise,"In your job you can be boss of yourself; however, in the other jobs someone else are your boss",Anumana,No strong cue; default to Anumana (inferential argumentative span),,,
essay329,Premise,"some people abandon their job, family and friends and go to other country without knowing what the future holds for them",Anumana,No strong cue; default to Anumana (inferential argumentative span),,,
essay190,Premise,Many students as well as people find zoos as good places for witnessing and researching the true animal world,Anumana,No strong cue; default to Anumana (inferential argumentative span),,,
essay139,Claim,species extinction is quite natural according to the theory of evolution,Shabda,Matched Shabda cues: according to,,,
essay397,Premise,"With the help of advanced methods, many art masterpiece has been well restorated and well preserved",Anumana,No strong cue; default to Anumana (inferential argumentative span),,,
essay121,Premise,"a few months ago it was broadcast from TV that a company which produced baby milk, sold milk which did not have quality and it caused a few babies die",Anumana,No strong cue; default to Anumana (inferential argumentative span),,,
essay076,MajorClaim,"the government should fund the deprived for their health care and education, who are the group in real need for the authority's help",Anumana,No strong cue; default to Anumana (inferential argumentative span),,,
essay202,MajorClaim,"a good co-worker needs to have three most important characteristics such as cooperation, trustworthiness, and fellowship",Anumana,No strong cue; default to Anumana (inferential argumentative span),,,
essay101,MajorClaim,strongly agree that age should be set as a criterion for people to retire at the aforementioned age,Anumana,No strong cue; default to Anumana (inferential argumentative span),,,
essay308,MajorClaim,staying in one place is better than moving number of places,Anumana,No strong cue; default to Anumana (inferential argumentative span),,,
essay290,Premise,As well as learning new skills in my field from these workshops,Anumana,No strong cue; default to Anumana (inferential argumentative span),,,
essay260,MajorClaim,"once you are unique enough, you are already on the way to success",Anumana,No strong cue; default to Anumana (inferential argumentative span),,,
essay333,Premise,"by communicating via Internet or phone, we cannot express our ideas and feelings fully",Anumana,No strong cue; default to Anumana (inferential argumentative span),,,
essay036,MajorClaim,it is sensible to enforce the gun control,Anumana,No strong cue; default to Anumana (inferential argumentative span),,,
essay382,Premise,students will develop their skills at a greater pace,Anumana,No strong cue; default to Anumana (inferential argumentative span),,,
essay337,Claim,spending too much time on phones may exert adverse effects on social life,Anumana,No strong cue; default to Anumana (inferential argumentative span),,,
essay025,Premise,the estate industry will be boosted in order to satisfy the workers' accommodation need,Anumana,No strong cue; default to Anumana (inferential argumentative span),,,
essay174,MajorClaim,I prefer to see those serious movies which make people have deep thoughts toward their real lives,Anumana,No strong cue; default to Anumana (inferential argumentative span),,,
essay194,MajorClaim,we must help animals live safely and comfortably in their own environment,Anumana,No strong cue; default to Anumana (inferential argumentative span),,,
essay344,MajorClaim,government cannot take steps to make the salary between modern artists and other job similar,Anumana,No strong cue; default to Anumana (inferential argumentative span),,,
essay025,Claim,how to improve the disadvantages of building a factory would be more important than whether to build it,Anumana,No strong cue; default to Anumana (inferential argumentative span),,,
essay061,Claim,future prospects of computers are very bright,Anumana,No strong cue; default to Anumana (inferential argumentative span),,,
essay007,Claim,newspapers' production will have to face environmentalists on its way to be alive,Anumana,No strong cue; default to Anumana (inferential argumentative span),,,
essay336,Claim,children may see that this behavior is inexcusable,Anumana,No strong cue; default to Anumana (inferential argumentative span),,,
essay175,Premise,journalism is changing,Anumana,No strong cue; default to Anumana (inferential argumentative span),,,
essay036,Premise,The accidents cannot be completely avoided although only those who have gun licenses can purchase guns,Anumana,No strong cue; default to Anumana (inferential argumentative span),,,
essay097,Claim,"they can improve their results, break records and bring victories to their own countries",Pratyaksha,Matched Pratyaksha cues: records,,,
essay203,Claim,depending on luck for everything is not good,Anumana,No strong cue; default to Anumana (inferential argumentative span),,,
essay140,MajorClaim,"every student either male or female should be given fairly equal opportunity to purse their education in all university subjects, provided they should meet the required qualifications rather than putting limitations based on their gender",Anumana,No strong cue; default to Anumana (inferential argumentative span),,,
essay213,MajorClaim,the capablity of working alone is the foundation for the skill to work in team and plays a significant role in a lot of situations,Anumana,No strong cue; default to Anumana (inferential argumentative span),,,
essay090,MajorClaim,personality is the most important,Anumana,No strong cue; default to Anumana (inferential argumentative span),,,
essay251,Claim,"even if you are right, criticism is still helpful",Anumana,No strong cue; default to Anumana (inferential argumentative span),,,
essay029,Claim,it is a normal practice for women to be helpmates in earning money,Anumana,No strong cue; default to Anumana (inferential argumentative span),,,
essay057,Claim,Creativity originates in a free mind,Anumana,No strong cue; default to Anumana (inferential argumentative span),,,
essay204,MajorClaim,traditional learning still has many benefits to the students,Anumana,No strong cue; default to Anumana (inferential argumentative span),,,
essay014,MajorClaim,students learn far more from their teachers than from other source,Anumana,No strong cue; default to Anumana (inferential argumentative span),,,
essay273,Claim,The big cities have lots of advantages and facilities over the small towns,Anumana,No strong cue; default to Anumana (inferential argumentative span),,,
essay128,MajorClaim,"high school should permit students to choose courses they want for several reasons which are freedom of choice, to have progress in students grades and knowledge as well as to help students explore their aptitude",Anumana,No strong cue; default to Anumana (inferential argumentative span),,,
essay135,MajorClaim,international aid should be prioritised,Anumana,No strong cue; default to Anumana (inferential argumentative span),,,
essay322,Premise,Historic building can develop other industries such as restaurants or other food industries and handicrafts shops and so on,Anumana,No strong cue; default to Anumana (inferential argumentative span),,,
essay083,Premise,while generating energy from any source be it hydro power or oil there always is some wastage and so is the case with nuclear power,Anumana,No strong cue; default to Anumana (inferential argumentative span),,,
essay187,MajorClaim,people who learn a foreign language in the country in which it is spoken have a deeper understanding of different language skills than those who learn the same languages in their own countries,Anumana,No strong cue; default to Anumana (inferential argumentative span),,,
essay029,MajorClaim,married women could go to work in order to enjoy the working life outside the home,Anumana,No strong cue; default to Anumana (inferential argumentative span),,,
essay194,Claim,many zoos do not meet the standards of care required for them,Anumana,No strong cue; default to Anumana (inferential argumentative span),,,
essay208,Claim,students can also gain knowledge more practical and vivid,Anumana,No strong cue; default to Anumana (inferential argumentative span),,,
essay374,MajorClaim,the role of zoos towards both human and animals is undeniably indispensable,Anumana,No strong cue; default to Anumana (inferential argumentative span),,,
essay122,Claim,The only disadvantage is the nosiness of competitions which students will participate,Anumana,No strong cue; default to Anumana (inferential argumentative span),,,
essay316,Premise,"ordinary people, especially the younger generation, will fall into a certain pattern - work, pay bills for housing, work; and I am sure that it will increase people's dissatisfaction of the government",Anumana,No strong cue; default to Anumana (inferential argumentative span),,,
essay065,Claim,"Entertaining facilities such as cinemas, theaters and sports stadiums are mostly profit-oriented",Anumana,No strong cue; default to Anumana (inferential argumentative span),,,
essay353,Claim,"children from poorer families are prone to have bad habits such as: crime, thievery and thuggery",Anumana,No strong cue; default to Anumana (inferential argumentative span),,,
essay092,MajorClaim,"people should, especially for ones lacking basic aesthetic knowledge, care more about fashion trends in lives as they can keep pace with the world's changes",Anumana,No strong cue; default to Anumana (inferential argumentative span),,,
essay105,Claim,"the measure cannot be adopted, otherwise those companies will go into liquidation",Anumana,No strong cue; default to Anumana (inferential argumentative span),,,
essay386,Premise,"students share even more time together than with their parents, explaining a great deal of wisdom they absorb from each others",Anumana,No strong cue; default to Anumana (inferential argumentative span),,,
essay295,MajorClaim,I support this point that the learning with a teacher is better,Anumana,No strong cue; default to Anumana (inferential argumentative span),,,
essay170,MajorClaim,there were many remarkable achievements in technology fields that have numbers of beneficial effects on the whole society or individuals,Anumana,No strong cue; default to Anumana (inferential argumentative span),,,
essay269,Claim,Relating well to people can bring plenty of merits to future job,Anumana,No strong cue; default to Anumana (inferential argumentative span),,,
essay210,Claim,society should be educated and became aware of health issues so that the potential precautions on the way of illnesses can be taken instead of trying to provide treatment for the increasing number of patients,Anumana,No strong cue; default to Anumana (inferential argumentative span),,,
essay024,MajorClaim,"it still has its bad side, especially for children",Anumana,No strong cue; default to Anumana (inferential argumentative span),,,
essay130,Claim,"Some people may oppose these, citing the environmental and cultural destruction caused by tourism",Anumana,No strong cue; default to Anumana (inferential argumentative span),,,
essay179,Claim,"if we don't have a good stress management skill, it may lead to some critical problems",Anumana,No strong cue; default to Anumana (inferential argumentative span),,,
essay327,Claim,"Learning that not only help them to improve their minds and memories, but can extend their visions about the other countries",Anumana,No strong cue; default to Anumana (inferential argumentative span),,,
essay153,Claim,having exposed to money management at a high school level will help them in prioritizing the financial commitments efficiently,Anumana,No strong cue; default to Anumana (inferential argumentative span),,,
essay282,Premise,"I feel that after working out, I am easily to fall asleep",Anumana,No strong cue; default to Anumana (inferential argumentative span),,,
essay306,MajorClaim,the convenience it brings in people's are significant,Anumana,No strong cue; default to Anumana (inferential argumentative span),,,
essay214,MajorClaim,"it is unwise to smoke in a restaurant as well as other public places, and relevant state laws should be codified to strictly prohibit it",Anumana,No strong cue; default to Anumana (inferential argumentative span),,,
essay204,Premise,Working in group leads to more discussion and more opinion among the class,Anumana,No strong cue; default to Anumana (inferential argumentative span),,,
essay368,Premise,After enforcing restrictions the situation came to control and this act as benefit rendered to the public,Anumana,No strong cue; default to Anumana (inferential argumentative span),,,
essay299,MajorClaim,it is better for people to learn a foreign language in their own country,Anumana,No strong cue; default to Anumana (inferential argumentative span),,,
essay078,MajorClaim,flourishing economies can go hand in hand with environmental preservation,Anumana,No strong cue; default to Anumana (inferential argumentative span),,,
essay128,MajorClaim,I want my children to get knowledge they have desire to study in order to have distinguished achievement,Anumana,No strong cue; default to Anumana (inferential argumentative span),,,
essay053,Premise,"Likewise, other animals such as, horses, cattles and donkeys for farming, agriculture and as a mode of transportation",Upamana,Matched Upamana cues: like,,,
essay001,MajorClaim,a more cooperative attitudes towards life is more profitable in one's success,Anumana,No strong cue; default to Anumana (inferential argumentative span),,,
essay191,Claim,"When pupils make a group for studying, all member of group have the same chance to help each other",Anumana,No strong cue; default to Anumana (inferential argumentative span),,,
essay165,Claim,they can manage the time spending on classes to do other benefit things if they already understand topic in the class very well,Anumana,No strong cue; default to Anumana (inferential argumentative span),,,
essay364,Premise,"Every country has unique tradtions which show their creation, intelligence",Anumana,No strong cue; default to Anumana (inferential argumentative span),,,
essay278,Premise,social groups and classes are significant factors to prepare students to contribute in discussion and encounter real social environment,Anumana,No strong cue; default to Anumana (inferential argumentative span),,,
essay399,MajorClaim,media should shift its focus from covering celebrities to elsewhere,Anumana,No strong cue; default to Anumana (inferential argumentative span),,,
essay016,MajorClaim,it is a dramatically cruel activity to humanity if the latest foods or medicines are allowed to sold without testing on animals,Anumana,No strong cue; default to Anumana (inferential argumentative span),,,
essay091,MajorClaim,a single international language contributes to global community in terms of economic and cultural communication,Anumana,No strong cue; default to Anumana (inferential argumentative span),,,
essay325,Premise,The high reputation and popularity of a company is earned by some brilliant workers in public relation department with excellent skill to propagate this company,Anumana,No strong cue; default to Anumana (inferential argumentative span),,,
essay105,MajorClaim,"I disagree with reducing the cost of medicines, which may exacerbate their qualities",Anumana,No strong cue; default to Anumana (inferential argumentative span),,,
essay291,Claim,college and university should consider students to study with them only if they are good students,Anumana,No strong cue; default to Anumana (inferential argumentative span),,,
essay326,MajorClaim,advantages of computers outweigh disadvantages,Anumana,No strong cue; default to Anumana (inferential argumentative span),,,
essay112,Premise,They help to ensure fairness by imposing the same conditions on all exam candidates,Anumana,No strong cue; default to Anumana (inferential argumentative span),,,
essay305,Claim,"When the students go to university, they have matured mentally and physically",Anumana,No strong cue; default to Anumana (inferential argumentative span),,,
essay102,MajorClaim,public museums and art galleries will still be necessary,Anumana,No strong cue; default to Anumana (inferential argumentative span),,,
essay360,MajorClaim,other celebrities do lead young people in the right direction,Anumana,No strong cue; default to Anumana (inferential argumentative span),,,
essay149,MajorClaim,family plays a more important role in helping one to pursuit success,Anumana,No strong cue; default to Anumana (inferential argumentative span),,,
essay286,Claim,These experiences taught me to change my life to be a better person,Anumana,No strong cue; default to Anumana (inferential argumentative span),,,
essay147,MajorClaim,games are no longer too important for them,Anumana,No strong cue; default to Anumana (inferential argumentative span),,,
essay204,MajorClaim,I prefer traditional learning classes,Anumana,No strong cue; default to Anumana (inferential argumentative span),,,
essay206,Premise,people in small town have more happiness and friendship and less illness and stress,Anumana,No strong cue; default to Anumana (inferential argumentative span),,,
essay238,Claim,"the museums are a visual source to know the history, tradition and culture of any place in the world",Anumana,No strong cue; default to Anumana (inferential argumentative span),,,
essay099,Premise,This experience also makes them aware of what they would like to make of their life,Upamana,Matched Upamana cues: like,,,
essay033,Premise,they admit that globalization can be considered a chance for people of each country to promote their lifestyle through the stuffs and services imported from other countries,Anumana,No strong cue; default to Anumana (inferential argumentative span),,,
essay216,MajorClaim,the most possible solution to these problems is improving roads and highways,Anumana,No strong cue; default to Anumana (inferential argumentative span),,,
essay200,MajorClaim,human activities are having a bad effect upon our planet,Anumana,No strong cue; default to Anumana (inferential argumentative span),,,
essay303,Premise,their bodies cannot hold the pace,Anumana,No strong cue; default to Anumana (inferential argumentative span),,,
essay147,Premise,they cannot spend enough time and effort to their favorite games as they did in 15 or 20 years ago,Anumana,No strong cue; default to Anumana (inferential argumentative span),,,
essay371,Claim,it is vital to follow one's own religious practices which can bring the enlightenment in mind,Anumana,No strong cue; default to Anumana (inferential argumentative span),,,
essay024,Premise,"When they concentrate on computer for too long, their eyes will get tired, which is the main reason for some eyes problems, typically shortsighted",Anumana,No strong cue; default to Anumana (inferential argumentative span),,,
essay011,MajorClaim,the physical education part should not be outweighed,Anumana,No strong cue; default to Anumana (inferential argumentative span),,,
essay072,Premise,"Any kinds of sports, such as jogging, swimming, or playing basketball, can effectively facilitate human respiration and circulation system",Anumana,No strong cue; default to Anumana (inferential argumentative span),,,
essay015,MajorClaim,we cannot deny the threat from email and text messaging to the status of written language because their obvious popularity,Anumana,Matched Anumana cues: because,,,
essay102,Premise,the resolution ratio of the screen is not high enough,Anumana,No strong cue; default to Anumana (inferential argumentative span),,,
essay169,Premise,This is requires professors provide high quality courses,Anumana,No strong cue; default to Anumana (inferential argumentative span),,,
essay230,Claim,"to help their children to adapt adult life, parents should let them experience it as much as they can",Anumana,No strong cue; default to Anumana (inferential argumentative span),,,
essay261,MajorClaim,the art and music should be required to study,Anumana,No strong cue; default to Anumana (inferential argumentative span),,,
essay360,MajorClaim,this is not necessarily the case for those celebrities who are ambitious in their jobs,Anumana,No strong cue; default to Anumana (inferential argumentative span),,,
essay378,MajorClaim,the teacher is the best option for children's education in some aspects,Anumana,No strong cue; default to Anumana (inferential argumentative span),,,
essay211,Claim,students can learn practical skills after school hours from their parents,Anumana,No strong cue; default to Anumana (inferential argumentative span),,,
essay122,MajorClaim,The new high school will bring a lot of advantages to my community,Anumana,No strong cue; default to Anumana (inferential argumentative span),,,
essay156,Premise,Imagine an actor who is a child’s favorite is doing violent roles,Anumana,No strong cue; default to Anumana (inferential argumentative span),,,
essay035,MajorClaim,"The power of advertising maybe over-rated, we can not deny that the final decision is on the hands of us consumers",Anumana,No strong cue; default to Anumana (inferential argumentative span),,,
essay231,Premise,In a big city there are more kinds of people and more things to do,Anumana,No strong cue; default to Anumana (inferential argumentative span),,,
essay168,MajorClaim,There will have many disadvantages if the workers work at home,Anumana,No strong cue; default to Anumana (inferential argumentative span),,,
essay238,Claim,museums provide a tremendous amount of information about different aspects of the history and culture of that place,Anumana,No strong cue; default to Anumana (inferential argumentative span),,,
essay328,Premise,"when they study together and help each other, they exercise the the real life as they age",Anumana,No strong cue; default to Anumana (inferential argumentative span),,,
essay389,Claim,"The more people in the country become educated, the better chance it can develop",Anumana,No strong cue; default to Anumana (inferential argumentative span),,,
essay139,Premise,"If certain species are absent from this system, such kind of balance is likely to be disrupted and other species, including human beings, will come under threat",Anumana,Matched Anumana cues: likely,,,
essay095,MajorClaim,the development of news media has been making great inroads into the lives of all people,Anumana,No strong cue; default to Anumana (inferential argumentative span),,,
essay109,Claim,television companies import foreign programmes from time to time and audiences might accept their ideas which maybe otherwise not welcomed to local culture,Anumana,No strong cue; default to Anumana (inferential argumentative span),,,
essay224,Premise,they need to earn money to manage their life,Anumana,No strong cue; default to Anumana (inferential argumentative span),,,
essay134,Premise,Social skills seem to be less important as they cannot contribute to the success of a surgery,Anumana,No strong cue; default to Anumana (inferential argumentative span),,,
essay063,Claim,it is certain that spending less time on cooking will be the main trend in near future,Anumana,No strong cue; default to Anumana (inferential argumentative span),,,
essay027,Premise,they rarely provide local residents with any technological aid and even cause contamination in some areas,Anumana,No strong cue; default to Anumana (inferential argumentative span),,,
essay358,Claim,These factors affect people who work or study from home,Anumana,No strong cue; default to Anumana (inferential argumentative span),,,
essay376,Premise,they will have a fundamental grasp of how to lead a healthy lifestyle,Anumana,No strong cue; default to Anumana (inferential argumentative span),,,
essay094,Premise,the government can save a lot of money for our country's health budget,Anumana,No strong cue; default to Anumana (inferential argumentative span),,,
essay182,MajorClaim,individuals should pay their college tuition,Anumana,No strong cue; default to Anumana (inferential argumentative span),,,
essay081,MajorClaim,there should not be any restrictions on artists' work,Anumana,No strong cue; default to Anumana (inferential argumentative span),,,
essay193,MajorClaim,The development of public transportation is the most essential thing for a developed society,Anumana,No strong cue; default to Anumana (inferential argumentative span),,,
essay221,MajorClaim,the zoo is so useful for the earth,Anumana,No strong cue; default to Anumana (inferential argumentative span),,,
essay062,MajorClaim,both genders have equal rights and universities should accept them in equal numbers,Anumana,No strong cue; default to Anumana (inferential argumentative span),,,
essay376,Premise,"Children should be taught about balanced diets, nutritious food as well as harmful ones",Anumana,No strong cue; default to Anumana (inferential argumentative span),,,
essay139,Premise,The environment on the Earth has been transformed many times since the first species came into being,Anumana,No strong cue; default to Anumana (inferential argumentative span),,,
essay041,MajorClaim,students can learn outside the textbook and classroom with a real working experiences that can be a great opportunity for future job consideration whereas organizations earn much more as they can not only save time and money but also be enlightened by what young people have to say,Anumana,No strong cue; default to Anumana (inferential argumentative span),,,
essay153,MajorClaim,higher school students should be made aware of the money management,Anumana,No strong cue; default to Anumana (inferential argumentative span),,,
essay362,Premise,"The misery is so ingrained in their mind that they refuse to change, or more precisely, to accept the existence of such modernity",Anumana,No strong cue; default to Anumana (inferential argumentative span),,,
essay280,Premise,bachelors can earn lots of money by working in other fields due to their knowledge,Anumana,No strong cue; default to Anumana (inferential argumentative span),,,
essay354,Claim,people are experiencing serious medical problems,Anumana,No strong cue; default to Anumana (inferential argumentative span),,,
essay033,MajorClaim,I would rather classify myself in the proponents of globalization as a speeding factor of global progress,Anumana,No strong cue; default to Anumana (inferential argumentative span),,,
essay330,MajorClaim,"there are sometimes unpleasant and boring parts which is not liked by anyone, but most of them are about responsibilities which is the part of individual's live",Upamana,Matched Upamana cues: like,,,
essay378,Premise,Nowadays we are facing a global economic crisis and it is necessary for both parents to work,Anumana,No strong cue; default to Anumana (inferential argumentative span),,,
essay304,Claim,a stable and sustainable environment is essential for the weather,Anumana,No strong cue; default to Anumana (inferential argumentative span),,,
essay292,Claim,playing computer games is a a waste of time,Anumana,No strong cue; default to Anumana (inferential argumentative span),,,
essay399,MajorClaim,this is a worrying tread which has negative impact on children,Anumana,No strong cue; default to Anumana (inferential argumentative span),,,
essay155,MajorClaim,smoking should not be permitted in restaurants,Anumana,No strong cue; default to Anumana (inferential argumentative span),,,
essay205,Premise,in order to gain intrinsic motivation students need to become aware of their strengths and aims,Anumana,No strong cue; default to Anumana (inferential argumentative span),,,
essay115,Claim,the production and labour cost of each kilogram of the agriculture products dramatically decreased,Anumana,No strong cue; default to Anumana (inferential argumentative span),,,
essay275,MajorClaim,it is very important to learn our children from their beginning of their life to be financially responsible persons,Anumana,No strong cue; default to Anumana (inferential argumentative span),,,
essay058,Premise,A person can not learn or achieve everything by oneself,Anumana,No strong cue; default to Anumana (inferential argumentative span),,,
essay272,MajorClaim,"I personally disagree with this notion that these types of communication, telephones and email, made people less personal",Anumana,No strong cue; default to Anumana (inferential argumentative span),,,
essay369,Claim,tourism should not be alledged to be notorous for its detriment to the ecological diversity,Anumana,No strong cue; default to Anumana (inferential argumentative span),,,
essay338,MajorClaim,using of these soft devices have cut much of time people need to see with their relatives,Anumana,No strong cue; default to Anumana (inferential argumentative span),,,
essay320,MajorClaim,type of temper and advantages of individual work are the most persuasive arguments in favor of studying alone,Anumana,No strong cue; default to Anumana (inferential argumentative span),,,
essay335,Premise,"Scientists believe that one day people will face their developments, for instance robots, and they will not succeed to control them",Anumana,No strong cue; default to Anumana (inferential argumentative span),,,
essay047,Claim,"zoos, which are equipped with modern facilities and professionals, would provide better care for the animals inside",Anumana,No strong cue; default to Anumana (inferential argumentative span),,,
essay373,Claim,death penalty neither controls the violent in society nor creates a violent culture,Anumana,No strong cue; default to Anumana (inferential argumentative span),,,
essay205,MajorClaim,it is clear that going to classes should be optional for students,Anumana,No strong cue; default to Anumana (inferential argumentative span),,,
essay242,Premise,Factories released a huge amount of wasters into river and soil,Anumana,No strong cue; default to Anumana (inferential argumentative span),,,
essay247,Premise,"He used his car to drive to the other end of the country, worked there during the week and came home for the weekend",Anumana,No strong cue; default to Anumana (inferential argumentative span),,,
essay163,Claim,There is also another obvious advantage of living in a big city considering the chance of receiving better education of our offspring,Anumana,No strong cue; default to Anumana (inferential argumentative span),,,
essay152,Claim,"We live in an era that technology is developing in the speed of light, steering the world toward a much more convenient place",Anumana,No strong cue; default to Anumana (inferential argumentative span),,,
essay357,Premise,their knowledge and adaptability is priceless,Anumana,No strong cue; default to Anumana (inferential argumentative span),,,
essay330,Premise,People sometimes can attend any activities by insisting on any of their friends although they don't really want,Anumana,No strong cue; default to Anumana (inferential argumentative span),,,
essay192,Claim,"while differences give the opportunity to learn, they can also mean that sometimes it can be difficult to reach an agreement",Anumana,No strong cue; default to Anumana (inferential argumentative span),,,
essay337,MajorClaim,they also contribute to some social problems,Anumana,No strong cue; default to Anumana (inferential argumentative span),,,
essay246,Claim,"hasty decisions, not only goes to waste, but also, could affect the entire life of the person",Anumana,No strong cue; default to Anumana (inferential argumentative span),,,
essay351,MajorClaim,I disagree with the idea that salary outweighs any other motivators,Anumana,No strong cue; default to Anumana (inferential argumentative span),,,
essay232,Claim,children usually mirror themselves on their parents,Anumana,No strong cue; default to Anumana (inferential argumentative span),,,
essay111,MajorClaim,it should be made illegal,Anumana,No strong cue; default to Anumana (inferential argumentative span),,,
essay329,Claim,in this competitive world you have to be fearless and face all new situations,Anumana,No strong cue; default to Anumana (inferential argumentative span),,,
essay294,Claim,"While extending the way of their own development, the outcomes of the researches will also benefit the whole society",Anumana,No strong cue; default to Anumana (inferential argumentative span),,,
essay253,MajorClaim,using life experiences and examples to demonstrate the knowledge on a subject is an effective way to attract students' attention and keep them eager on learning,Anumana,No strong cue; default to Anumana (inferential argumentative span),,,
essay075,MajorClaim,government should give priorities to invest more money on the basic social welfares such as education and housing instead of subsidizing arts relative programs,Anumana,No strong cue; default to Anumana (inferential argumentative span),,,
essay265,Premise,We need to know and learn about the theoritical basis of our future job,Anumana,No strong cue; default to Anumana (inferential argumentative span),,,
essay002,Claim,sustaining the cultural values of immigrants is paramount essential,Anumana,No strong cue; default to Anumana (inferential argumentative span),,,
essay255,MajorClaim,there will be a decrease in cars use in the future,Anumana,No strong cue; default to Anumana (inferential argumentative span),,,
essay202,Claim,if the co-workers do not corporate with each other that would be devastating in a work environment,Anumana,No strong cue; default to Anumana (inferential argumentative span),,,
essay025,MajorClaim,"the advantages of building a factory will outweigh its disadvantages, if we tackle the environmental problems brought by factories",Anumana,No strong cue; default to Anumana (inferential argumentative span),,,
essay288,Claim,"it should have more alternatives to use public transportation, such as a subway train or a sky train",Anumana,No strong cue; default to Anumana (inferential argumentative span),,,
essay183,MajorClaim,it has destroyed communication among friends and family,Anumana,No strong cue; default to Anumana (inferential argumentative span),,,
essay225,Premise,Another great thing about being a child is possibility learning new and interesting things about the world you live in every single day,Anumana,No strong cue; default to Anumana (inferential argumentative span),,,
essay143,Claim,successful people do not have to try new things or take risks,Anumana,No strong cue; default to Anumana (inferential argumentative span),,,
essay121,Premise,As every day we read and hear in televisions and newspapers that some factories hit the environment by their toxic substances,Anumana,No strong cue; default to Anumana (inferential argumentative span),,,
essay054,MajorClaim,museums and art galleries are necessary to be preserved for its importance of education and culture,Anumana,No strong cue; default to Anumana (inferential argumentative span),,,
essay215,MajorClaim,Having one's own hobbies and doing physical activities can bring us a lot of benefits,Anumana,No strong cue; default to Anumana (inferential argumentative span),,,
essay191,Premise,They can work together for understanding the complicated aspect of a course,Anumana,No strong cue; default to Anumana (inferential argumentative span),,,
essay254,MajorClaim,tackling down environmental problems is of the first priority rather than economic developments,Anumana,No strong cue; default to Anumana (inferential argumentative span),,,
essay384,Premise,governments must first prohibit any types of violent content in all children’s television programs,Anumana,No strong cue; default to Anumana (inferential argumentative span),,,
essay313,MajorClaim,pets should be treated like human beings,Upamana,Matched Upamana cues: like,,,
essay151,Premise,"exchange of knowledge in different sectors of research like electronics, medical, astronomy etc would become easier",Upamana,Matched Upamana cues: like,,,
essay155,Claim,it is unfair for passive smokers,Anumana,No strong cue; default to Anumana (inferential argumentative span),,,
essay060,Claim,the sole purpose of education is to nurture a young mind and not thrust studies on them,Shabda,Matched Shabda cues: studies,,,
essay180,Claim,"By participating in an organization, it is a positive way for people to obtain some experiences on a particular purpose",Anumana,No strong cue; default to Anumana (inferential argumentative span),,,
essay066,MajorClaim,technology indeed supports the preservation and promotion of traditional techniques and lifestyles,Anumana,No strong cue; default to Anumana (inferential argumentative span),,,
essay312,MajorClaim,"Money should spend on facilities in school or update resources, which are beneficial to school rather than just instructors",Anumana,No strong cue; default to Anumana (inferential argumentative span),,,
essay241,MajorClaim,life in a city is much better than life in the countryside,Anumana,No strong cue; default to Anumana (inferential argumentative span),,,
essay356,MajorClaim,the prosperity of tourism can provide benefits for people on a global scale,Anumana,No strong cue; default to Anumana (inferential argumentative span),,,
essay154,Premise,"last year, I shared a room off-campus with my friend, and we decided to split the rent and heating bills into half: I was able to save about fifty dollars for heating, and two hundred dollars for rent monthly",Anumana,No strong cue; default to Anumana (inferential argumentative span),,,
essay015,Premise,They are so convenient that the majority of population prefer to use them instead of some traditional ways,Anumana,No strong cue; default to Anumana (inferential argumentative span),,,
essay178,Premise,the residents do not have a problem spending time on commute in the hope of setting up a shopping center near their homes,Anumana,No strong cue; default to Anumana (inferential argumentative span),,,
essay266,MajorClaim,the advertising is not the main cause of unhealthy eating habits,Anumana,No strong cue; default to Anumana (inferential argumentative span),,,
essay243,Claim,E-mail helps me arrange my idea perfectly and make it persuasive,Anumana,No strong cue; default to Anumana (inferential argumentative span),,,
essay096,Premise,take a person who has not murdered anyone but is suddenly found to be guilty,Anumana,No strong cue; default to Anumana (inferential argumentative span),,,
essay314,Premise,it only fulfills the work itself which is rather worthless,Anumana,No strong cue; default to Anumana (inferential argumentative span),,,
essay336,Premise,Many schools for preparation of so-called stars and various advertisements about famous people may mislead with the fact that this profession is highly required and easy reachable,Anumana,No strong cue; default to Anumana (inferential argumentative span),,,
essay276,Premise,All this is a civilization of their culture,Anumana,No strong cue; default to Anumana (inferential argumentative span),,,
essay284,Premise,it happen more often in the real world than in those movies,Anumana,No strong cue; default to Anumana (inferential argumentative span),,,
essay104,Premise,the Internet offers a more effective and practical method of studying,Anumana,No strong cue; default to Anumana (inferential argumentative span),,,
essay044,Premise,"If the government encourage the use of nuclear, solar or wind energy there might not be any problem in distributing the required amount electricity",Anumana,No strong cue; default to Anumana (inferential argumentative span),,,
essay195,Claim,The centre for research in agriculture can help my co-citizens to better exploit these land,Anumana,No strong cue; default to Anumana (inferential argumentative span),,,
essay027,Premise,some powerful countries provide financial support in order to acquire the right to exploit the local resources and target the local labour market,Anumana,No strong cue; default to Anumana (inferential argumentative span),,,
essay256,Claim,It's an essential learning process,Anumana,No strong cue; default to Anumana (inferential argumentative span),,,
essay402,MajorClaim,both of studying hard and playing sports are part of life to children,Anumana,No strong cue; default to Anumana (inferential argumentative span),,,
essay125,Claim,"students are given such fantastic chance to create new and wide relationships with a lot of people from any corner of one nation, even from the whole world",Anumana,No strong cue; default to Anumana (inferential argumentative span),,,
essay200,Claim,people are endangering other species' live,Anumana,No strong cue; default to Anumana (inferential argumentative span),,,
essay077,Premise,children could acquire the information regarding how to protect wild animals according to guided tour or volunteers,Shabda,Matched Shabda cues: according to,,,
essay141,Premise,communicating in person can be more convincing,Anumana,No strong cue; default to Anumana (inferential argumentative span),,,
essay209,Premise,university is not just about academic studies but also a place to nurture artistic talent and develop soft skills,Shabda,Matched Shabda cues: studies,,,
essay233,Claim,"when someone wants to prepare a good food alone for some reason, some time ago he/she would need to be a very good cook to prepare that food, but nowadays is very easy to prepare a healthy and tasty food",Anumana,No strong cue; default to Anumana (inferential argumentative span),,,
essay207,Premise,"if a gradate stays in the city after leaving his college and seeks a job with good salary instead of returning his village to do farm work, he could perhaps buy a house or his own car after a short time",Anumana,No strong cue; default to Anumana (inferential argumentative span),,,
essay352,MajorClaim,It is disagreed that computer can affect children in a negative way if they use a computer on a daily basis,Anumana,No strong cue; default to Anumana (inferential argumentative span),,,
essay008,Premise,Some may argue that universities can support themselve well by donation or invention,Anumana,No strong cue; default to Anumana (inferential argumentative span),,,
essay276,Claim,dancing is important in every culture,Anumana,No strong cue; default to Anumana (inferential argumentative span),,,
essay320,Premise,"Once, when I was working on presentation with strangers, I sat aside and so prepared more than half of work myself instead of making attempts to get acquainted with unknown people",Anumana,No strong cue; default to Anumana (inferential argumentative span),,,
essay332,Claim,Another advantage of living with parents for a longer period of time is the enhanced emotional attachment with them,Anumana,No strong cue; default to Anumana (inferential argumentative span),,,
essay332,MajorClaim,"to cope with the physiological and psychological changes of adult life, to make financial life a less struggle and to prevent oneself digress from their destined path, it is important for young adults to live with their parents for a longer period of time",Anumana,No strong cue; default to Anumana (inferential argumentative span),,,
essay050,Claim,many university authorities provide music lessons for their students,Shabda,Matched Shabda cues: authorities,,,
essay253,Claim,"by bridging the theories with daily life events, students are given the chance to apply knowledge to their lives and develop their own ability of problem-solving",Anumana,No strong cue; default to Anumana (inferential argumentative span),,,
essay226,Premise,How can the comtemporary scientists study the earth's gravity without the apple which fall on Newton's head,Anumana,No strong cue; default to Anumana (inferential argumentative span),,,
essay129,Premise,I thought I had enough time for eating breakfast and transporting to the testing place; while I was stocked in a traffic jam and then missed the first test,Anumana,No strong cue; default to Anumana (inferential argumentative span),,,
essay208,MajorClaim,I suggest the basic course of economic is necessary,Anumana,No strong cue; default to Anumana (inferential argumentative span),,,
essay373,Claim,it neither demines crimes of violence nor be essential to control violence in society,Anumana,No strong cue; default to Anumana (inferential argumentative span),,,
essay351,Claim,"there are other even more important aspects such as: friendly co-workers, working conditions and professional achievements",Anumana,No strong cue; default to Anumana (inferential argumentative span),,,
essay317,Premise,Every day comes with new challenges for them like walking,Upamana,Matched Upamana cues: like,,,
essay264,Premise,you will learn how to behave people in different situations and jobs in the future,Anumana,No strong cue; default to Anumana (inferential argumentative span),,,
essay173,Claim,"The zoo is a great reason for spending time with the family, it is a great activity that can be enjoyed every family member, from little children to grandparents",Anumana,No strong cue; default to Anumana (inferential argumentative span),,,
essay319,MajorClaim,parents should encourage students to take the part-time job,Anumana,No strong cue; default to Anumana (inferential argumentative span),,,
essay231,Premise,"My friends and I used to play soccer, bike, climb trees and do a lot of other stuff every day",Anumana,No strong cue; default to Anumana (inferential argumentative span),,,
essay069,Claim,the revolution in females' right has brought about many benefits not only to themselves but society as well,Anumana,No strong cue; default to Anumana (inferential argumentative span),,,
essay364,MajorClaim,traditional skills and ways are always valuable and will last forever,Anumana,No strong cue; default to Anumana (inferential argumentative span),,,
essay138,MajorClaim,students can acquire more benefits from the remote education,Anumana,No strong cue; default to Anumana (inferential argumentative span),,,
essay146,MajorClaim,students should find interesting subjects and acquire general knowledge to prepare higher education at tertiary education,Anumana,No strong cue; default to Anumana (inferential argumentative span),,,
essay318,Premise,"Capitalism enfranchised people's right to own properties, and consequently, their rights to use them",Anumana,No strong cue; default to Anumana (inferential argumentative span),,,
essay012,Claim,Another technological innovations which help people around the world is related to medical equipments,Anumana,No strong cue; default to Anumana (inferential argumentative span),,,
essay299,Premise,"In the earlier periods, it was not easy to find a teacher to learn a foreign languge",Anumana,No strong cue; default to Anumana (inferential argumentative span),,,
essay238,Premise,And that kind of knowledge speaks very highly of you,Anumana,No strong cue; default to Anumana (inferential argumentative span),,,
essay179,Premise,This is one of the reasons why people were overwhelmed by constant stress,Anumana,No strong cue; default to Anumana (inferential argumentative span),,,
essay002,MajorClaim,they are able to sustain their cultural identities and doing so help they keep their origin values,Anumana,No strong cue; default to Anumana (inferential argumentative span),,,
essay114,Premise,"only a teacher can feel and connect with pupils, be a friend and a model",Anumana,No strong cue; default to Anumana (inferential argumentative span),,,
essay107,Premise,a large amount of unnoticed industrial waste released in oceans effects aquatic life to a large extent,Anumana,No strong cue; default to Anumana (inferential argumentative span),,,
essay203,Premise,He was living in an illusion that he can solve his financial issues with this lottery,Anumana,No strong cue; default to Anumana (inferential argumentative span),,,
essay168,Premise,they will have more and more friends and relationships,Anumana,No strong cue; default to Anumana (inferential argumentative span),,,
essay199,Claim,we are building our personalities when we study alone,Anumana,No strong cue; default to Anumana (inferential argumentative span),,,
essay038,MajorClaim,the good technology bringing to us is undeniable,Anumana,No strong cue; default to Anumana (inferential argumentative span),,,
essay134,Claim,qualification should be the foremost measurement to determine the value of a employer,Pratyaksha,Matched Pratyaksha cues: measurement,,,
essay219,MajorClaim,These changes make cooking so easy-to-use and time-saving as to improve the way we live to a great extent,Anumana,No strong cue; default to Anumana (inferential argumentative span),,,
essay003,Premise,international tourism promotes many aspects of the destination country’s economy in order to serve various demands of tourists,Anumana,No strong cue; default to Anumana (inferential argumentative span),,,
essay132,MajorClaim,people are now more conscious to gain more educational qualification and also are more interested to work on various fields simultaneously to earn more and support themselves,Anumana,No strong cue; default to Anumana (inferential argumentative span),,,
essay102,Premise,you can't see the texture of the artwork which is very important to study the skills used by the artist,Anumana,No strong cue; default to Anumana (inferential argumentative span),,,
essay061,Claim,Computers have made humans over-dependent,Anumana,No strong cue; default to Anumana (inferential argumentative span),,,
essay126,Premise,acquaintances probably not able to understand you better than your friends,Anumana,No strong cue; default to Anumana (inferential argumentative span),,,
essay325,MajorClaim,the excellent knowledge of this job will be more significant,Anumana,No strong cue; default to Anumana (inferential argumentative span),,,
essay153,Premise,buying a gaming console may not be a big deal for a student from an affluent financial background,Anumana,No strong cue; default to Anumana (inferential argumentative span),,,
essay227,Claim,it may helps to save civilization of humanity,Anumana,No strong cue; default to Anumana (inferential argumentative span),,,
essay369,Claim,tourism plays an indispensable role in nurturing the economy in a way it is meant to be,Anumana,No strong cue; default to Anumana (inferential argumentative span),,,
essay385,Claim,there are some reason why the level of bloody increases significantly in the communities,Anumana,No strong cue; default to Anumana (inferential argumentative span),,,
essay098,Premise,"if a child works as a shop assistant, he will have to keep an eye on good and products, calculate prices correctly and take responsibilities for any lost",Anumana,No strong cue; default to Anumana (inferential argumentative span),,,
essay375,Premise,"we need to consider that if the government expands the use scope of that languages, it can be really expensive",Anumana,No strong cue; default to Anumana (inferential argumentative span),,,
essay393,Claim,"a great deal of crime coverage is rather biased, exaggerated or fraudulent, which only result to terrorize communities and leave law-aiding people increasingly apprehensive of about crimes",Anumana,No strong cue; default to Anumana (inferential argumentative span),,,
essay304,MajorClaim,we clearly have to change our attitude towards the environment,Anumana,No strong cue; default to Anumana (inferential argumentative span),,,
essay002,Claim,keeping the cultural traditions in the destination countries is tremendous important,Anumana,No strong cue; default to Anumana (inferential argumentative span),,,
essay089,Premise,Todays life has some difficulty which become comfortable with the help of industry,Anumana,No strong cue; default to Anumana (inferential argumentative span),,,
essay122,Premise,"After classes students and not only the students will get together in building of high school, participate in different competitions",Anumana,No strong cue; default to Anumana (inferential argumentative span),,,
essay023,MajorClaim,The contribution of the mobile phone to our modern society is prominent and people's dependence on it is irreversible,Anumana,No strong cue; default to Anumana (inferential argumentative span),,,
essay201,MajorClaim,I still hold the environment protection for long-term interest,Anumana,No strong cue; default to Anumana (inferential argumentative span),,,
essay206,Premise,In small town people know each other and have better deal together than big cities,Anumana,No strong cue; default to Anumana (inferential argumentative span),,,
essay263,Premise,what if one finally find out him or her has the talent in other filed,Anumana,No strong cue; default to Anumana (inferential argumentative span),,,
essay368,Claim,introducing smoking ban in public places would greatly discourage people from engaging tobacco puffing,Anumana,No strong cue; default to Anumana (inferential argumentative span),,,
essay094,MajorClaim,we should give more priority to health education and preventative measures than to treatment,Anumana,No strong cue; default to Anumana (inferential argumentative span),,,
essay355,MajorClaim,it is important for children to be taught with a secondary language as early as kindergarten,Anumana,No strong cue; default to Anumana (inferential argumentative span),,,
essay069,Premise,children might enjoy less care from parents as they are both busy with their work,Anumana,No strong cue; default to Anumana (inferential argumentative span),,,
essay093,MajorClaim,"wealthy nations' offering in need is not only a moral deed, but also a worthwhile one which will one day pay off in other ways",Anumana,No strong cue; default to Anumana (inferential argumentative span),,,
essay380,Claim,"Taxation may have tackled the environmental issue simply by diverting people to public transportations such as trains, buses or ferries",Anumana,No strong cue; default to Anumana (inferential argumentative span),,,
essay004,Premise,"Take Thailand for example, in the Vietnam War, many American soldiers came to Thailand for a break and involved in sexual and drug activities, these huge demands caused many local businesses opened and expanded, even illegally involved in under-age prostitutes to maximize their profits",Anumana,No strong cue; default to Anumana (inferential argumentative span),,,
essay161,Claim,I can also have fun in indoor activities,Anumana,No strong cue; default to Anumana (inferential argumentative span),,,
essay169,Claim,professors could teach students through research and projects,Anumana,No strong cue; default to Anumana (inferential argumentative span),,,
essay170,Claim,the development of technology can prompt economic growth and the improvement of living standards,Anumana,No strong cue; default to Anumana (inferential argumentative span),,,
essay293,MajorClaim,wok in person is preferred,Anumana,No strong cue; default to Anumana (inferential argumentative span),,,
essay089,Premise,the population of endangered animals are less than people's population,Anumana,No strong cue; default to Anumana (inferential argumentative span),,,
essay043,Claim,it is clear that people can freely express their patriotic feelings during international sports events,Anumana,No strong cue; default to Anumana (inferential argumentative span),,,
essay138,Premise,he can control the learning progress and make satisfactory achievement on this course,Anumana,No strong cue; default to Anumana (inferential argumentative span),,,
essay398,Claim,many different characters exist between male and female students,Anumana,No strong cue; default to Anumana (inferential argumentative span),,,
essay244,Claim,"even when people watch television together, there is no chance for them to have conversation in front of television",Anumana,No strong cue; default to Anumana (inferential argumentative span),,,
essay148,Claim,"new technology has influences on educational system, jobs and foods in the world",Anumana,No strong cue; default to Anumana (inferential argumentative span),,,
essay389,Premise,"These children whose parents are either farmers or fishermen, can hardly eat three meals a day, let alone afford to pay for transportation to get to these schools everyday",Anumana,No strong cue; default to Anumana (inferential argumentative span),,,
essay011,MajorClaim,"the more attention is withdrawn to a problem of physical education, the more influence we can get on academic success of students",Anumana,No strong cue; default to Anumana (inferential argumentative span),,,
essay221,Premise,we can do artificial insemenation to maintain nearly extinct wildlife,Anumana,No strong cue; default to Anumana (inferential argumentative span),,,
essay010,MajorClaim,public transportation systems even have more important advantages,Anumana,No strong cue; default to Anumana (inferential argumentative span),,,
essay349,MajorClaim,I disagree with the idea that unimportant subjects such as music and sports should be got rid of the program,Anumana,No strong cue; default to Anumana (inferential argumentative span),,,
essay278,Premise,our body and moral health depend to physical activities directly,Anumana,No strong cue; default to Anumana (inferential argumentative span),,,
essay274,Claim,you will be more likely to accomplish your purpose by concentrating on what you do well,Anumana,Matched Anumana cues: likely,,,
essay322,Premise,It is interesting for most people to know about the way people live in thousands years ago,Anumana,No strong cue; default to Anumana (inferential argumentative span),,,
essay039,Claim,a great deal of sophisticated technology can be invented,Anumana,No strong cue; default to Anumana (inferential argumentative span),,,
essay326,Claim,excessive use of computers has brought many difficulties,Anumana,No strong cue; default to Anumana (inferential argumentative span),,,
essay294,Premise,Universities are relatively fenced environment,Anumana,No strong cue; default to Anumana (inferential argumentative span),,,
essay342,MajorClaim,schools and adults should put a sense of cooperation in children to make them becoming a useful adult whether in society or community,Anumana,No strong cue; default to Anumana (inferential argumentative span),,,
essay232,MajorClaim,parents are the best teacher,Anumana,No strong cue; default to Anumana (inferential argumentative span),,,
essay058,Claim,Competition should be always based on self-improvement rule,Anumana,No strong cue; default to Anumana (inferential argumentative span),,,
essay401,Claim,The first reason why the father's role should be equal to the mother's role is the nature of parantage,Anumana,No strong cue; default to Anumana (inferential argumentative span),,,
essay288,MajorClaim,the transportation is an elementary factor which directly affects to people’s living,Anumana,No strong cue; default to Anumana (inferential argumentative span),,,
essay013,Claim,technology may have some negative effects on children,Anumana,No strong cue; default to Anumana (inferential argumentative span),,,
essay111,Premise,"they must be fed, cared for and treated with drugs or experimental substances",Anumana,No strong cue; default to Anumana (inferential argumentative span),,,
essay012,Premise,"Today, students can apply for foreign universities much easier than before",Anumana,No strong cue; default to Anumana (inferential argumentative span),,,
essay271,Premise,they have to obey class’s disciplines and they practice to be more perseverance in the process of doing their assignments,Anumana,No strong cue; default to Anumana (inferential argumentative span),,,
essay107,Claim,large emissions of carbon monoxide gas from refrigerants like air conditioners have depleted ozone layer,Upamana,Matched Upamana cues: like,,,
essay103,MajorClaim,"I strongly support the current laws of Great Britain and Australia, and would not change the regulations on keeping the jury unaware of past actions",Anumana,No strong cue; default to Anumana (inferential argumentative span),,,
essay317,Claim,Our difficult experiences also make us robust and strong unknowingly,Anumana,No strong cue; default to Anumana (inferential argumentative span),,,
essay145,MajorClaim,I prefer to spend money on improving facilities,Anumana,No strong cue; default to Anumana (inferential argumentative span),,,
essay166,Premise,Electrical engineering deals with problems concerning electricity supply,Anumana,No strong cue; default to Anumana (inferential argumentative span),,,
essay339,MajorClaim,people should create a sense of co-operation in their children to make them feel more accomplished in life,Anumana,No strong cue; default to Anumana (inferential argumentative span),,,
essay015,Claim,"The popularity of email and text messaging, as a result, leads to the losing of written language's position",Anumana,No strong cue; default to Anumana (inferential argumentative span),,,
essay083,MajorClaim,nuclear power may appear silver bullet for energy crisis but its disadvantages far outweigh the advantages,Anumana,No strong cue; default to Anumana (inferential argumentative span),,,
essay317,Premise,Scientists try and test many specimens before they get they want,Anumana,No strong cue; default to Anumana (inferential argumentative span),,,
essay353,Claim,children from rich families have better skills on how to use money,Anumana,No strong cue; default to Anumana (inferential argumentative span),,,
essay101,Claim,the expertise of the senior workers who had retired should never be underestimated,Anumana,No strong cue; default to Anumana (inferential argumentative span),,,
essay252,Claim,parents shouldn't put so much stress on children,Anumana,No strong cue; default to Anumana (inferential argumentative span),,,
essay120,Claim,The third reason why the death penalty should be banned is the chance that innocent people are wrongly convicted,Anumana,No strong cue; default to Anumana (inferential argumentative span),,,
essay157,Claim,you have to look through different sources before you manage to find some reliable facts,Anumana,No strong cue; default to Anumana (inferential argumentative span),,,
essay354,MajorClaim,people are facing up with many recently appeared illnesses,Anumana,No strong cue; default to Anumana (inferential argumentative span),,,
essay187,Claim,"he can learn most useful idioms, proverbs and so many other things which the former person, person 'A', does not have access to",Anumana,No strong cue; default to Anumana (inferential argumentative span),,,
essay013,Claim,"instead of interfering children's creativity, technology actually encourages children to learn and to create",Anumana,No strong cue; default to Anumana (inferential argumentative span),,,
essay273,Premise,Every technology has it’s good and bad effects but I prefer having the technologies with their disadvantages to living like 16 century without any of modern facilities of technology,Upamana,Matched Upamana cues: like,,,
essay356,Premise,"both locals and tourists can experience more cultures than ever before, and they can be more open-minded to eliminate preconceptions and deepen mutual understanding among nations",Anumana,No strong cue; default to Anumana (inferential argumentative span),,,
essay049,Premise,it is generally felt that the access to these tools of communication is available in every corner of the world,Anumana,No strong cue; default to Anumana (inferential argumentative span),,,
essay304,Claim,the natural diversity is very important for further generations,Anumana,No strong cue; default to Anumana (inferential argumentative span),,,
essay363,MajorClaim,using machines is advantageous,Anumana,No strong cue; default to Anumana (inferential argumentative span),,,
essay264,Claim,successful people can learn important and very valuable points from trying new things,Anumana,No strong cue; default to Anumana (inferential argumentative span),,,
essay188,MajorClaim,physical exercise is a crucial part of every school day,Anumana,No strong cue; default to Anumana (inferential argumentative span),,,
essay157,Premise,"Some people may disinform you on purpose, that's why it is rather unwise to make conclusions before you are confident of the information",Anumana,No strong cue; default to Anumana (inferential argumentative span),,,
essay396,MajorClaim,both public services and arts worth investment,Anumana,No strong cue; default to Anumana (inferential argumentative span),,,
essay219,Premise,"More men, on the other hand, are willing to participate in cooking that they had never done before",Anumana,No strong cue; default to Anumana (inferential argumentative span),,,
essay340,Premise,technology provides opportunities for people to establish the social network,Anumana,No strong cue; default to Anumana (inferential argumentative span),,,
essay009,Claim,communication is very important,Anumana,No strong cue; default to Anumana (inferential argumentative span),,,
essay389,Premise,A well-informed man can act sensibly and make sound judgment,Anumana,No strong cue; default to Anumana (inferential argumentative span),,,
essay008,Claim,"if countries, especially the developing countries, are determined to take off, one of the key points governments should set on agenda is to educate more qualified future citizens through elementary education",Anumana,No strong cue; default to Anumana (inferential argumentative span),,,
essay289,Premise,Teachers could augment their quality,Anumana,No strong cue; default to Anumana (inferential argumentative span),,,
essay108,Premise,"From social perspective, massively forcing the early retirement would be one of financial burden to the local government",Anumana,No strong cue; default to Anumana (inferential argumentative span),,,
essay246,Premise,"if someone decided to quit his job without really thinking about the alternative, or a plan B, he could end up being unemployed, because of his speedy decision",Anumana,Matched Anumana cues: because,,,
essay379,MajorClaim,there are still many other aspects which should be seen as important as income when people choose a job,Anumana,No strong cue; default to Anumana (inferential argumentative span),,,
essay222,Premise,"Unlike a professional, parents always support children and give them much social skill so they can communicate well with others and have good habit in life",Upamana,Matched Upamana cues: like,,,
essay398,Premise,"a girl, who is interested in literature, is arranged into an engineering department",Anumana,No strong cue; default to Anumana (inferential argumentative span),,,
essay014,Premise,Discovery Channel has many instructive episodes,Anumana,No strong cue; default to Anumana (inferential argumentative span),,,
essay071,Claim,it is unfair to restrict those public service advertisements which are creative and inspiring,Anumana,No strong cue; default to Anumana (inferential argumentative span),,,
essay261,Claim,the school should replace some basic science class with some art and music class in order to cultivate student's interest of art without adding extra study pressure,Anumana,No strong cue; default to Anumana (inferential argumentative span),,,
essay283,MajorClaim,I totally disagree with this statement that teachers should be paid by how much their students learn,Anumana,No strong cue; default to Anumana (inferential argumentative span),,,
essay220,Premise,another daily expense is also the considerable outgoings,Anumana,No strong cue; default to Anumana (inferential argumentative span),,,
essay052,Premise,"it does not express every detail of life especially in Asia countries, which have totally different linguistic system",Anumana,No strong cue; default to Anumana (inferential argumentative span),,,
essay021,MajorClaim,high sales are obviously a reflection of the powerful advertisements,Anumana,No strong cue; default to Anumana (inferential argumentative span),,,
essay297,Premise,I got 1st rank in final exam,Anumana,No strong cue; default to Anumana (inferential argumentative span),,,
essay020,Claim,governments should restrict the use of products that cause air pollution for both individuals and companies,Anumana,No strong cue; default to Anumana (inferential argumentative span),,,
essay344,Claim,government cannot equalize the price of creation of modern artist,Anumana,No strong cue; default to Anumana (inferential argumentative span),,,
essay208,Premise,That as well would provide the students with more confidence and let them become more compatible,Anumana,No strong cue; default to Anumana (inferential argumentative span),,,
essay206,Claim,another advantage of small towns is living costs,Anumana,No strong cue; default to Anumana (inferential argumentative span),,,
essay281,Premise,"When society had problems, it could impact to a nation",Anumana,No strong cue; default to Anumana (inferential argumentative span),,,
essay182,Claim,making college education free would cost too much,Anumana,No strong cue; default to Anumana (inferential argumentative span),,,
essay390,MajorClaim,celebrities nowadays give more good influence on young people than they were previously,Anumana,No strong cue; default to Anumana (inferential argumentative span),,,
essay268,Premise,"my roommate, Mary, always wakes up 6 in the morning and spends 1 hour doing sport in the park which is near our dormitory",Anumana,No strong cue; default to Anumana (inferential argumentative span),,,
essay280,Premise,students will choose a career that they want including the job with high salary include,Anumana,No strong cue; default to Anumana (inferential argumentative span),,,
essay031,Claim,it is crucial to alter automobiles to the other means of transportation and to legislate to control automobiles,Anumana,No strong cue; default to Anumana (inferential argumentative span),,,
essay282,Claim,And everyone should find the time to do more and more to feel better physically and in everyone mind,Anumana,No strong cue; default to Anumana (inferential argumentative span),,,
essay261,MajorClaim,younger students' art and music education should not take the second place,Anumana,No strong cue; default to Anumana (inferential argumentative span),,,
essay187,Premise,he is not jumping into the foreign country,Anumana,No strong cue; default to Anumana (inferential argumentative span),,,
essay127,Premise,"Everyday, I walk on hard roads, breath in polluted air, and live in a limited space",Anumana,No strong cue; default to Anumana (inferential argumentative span),,,
essay296,MajorClaim,technologies made our lives more complicated,Anumana,No strong cue; default to Anumana (inferential argumentative span),,,
essay090,Claim,"there are some people who are black skin, fat and frown, nonetheless they might be a great person for leaving and colleague",Anumana,No strong cue; default to Anumana (inferential argumentative span),,,
essay070,MajorClaim,it is insufficient to increase the petrol price only to solve problems,Anumana,No strong cue; default to Anumana (inferential argumentative span),,,
essay335,MajorClaim,IT discoveries are likely to have more disadvantages than benefits and people should know how to use their developments properly,Anumana,Matched Anumana cues: likely,,,
essay080,MajorClaim,more good come from zoos than bad,Anumana,No strong cue; default to Anumana (inferential argumentative span),,,
essay174,Premise,Entertaining movies are created to amuse people,Anumana,No strong cue; default to Anumana (inferential argumentative span),,,
essay259,Premise,It's more efficient and straight-forward than talking in the phone,Anumana,No strong cue; default to Anumana (inferential argumentative span),,,
essay301,MajorClaim,one should not give up,Anumana,No strong cue; default to Anumana (inferential argumentative span),,,
essay396,Claim,our standard of living also depend on another factor - spiritual life which is related closely with arts,Anumana,No strong cue; default to Anumana (inferential argumentative span),,,
essay275,MajorClaim,children should learn to manage their own money at a young age,Anumana,No strong cue; default to Anumana (inferential argumentative span),,,
essay133,Claim,this modern device has been a major hindrance to some people,Anumana,No strong cue; default to Anumana (inferential argumentative span),,,
essay242,Claim,people should concern more about their living environment than job,Anumana,No strong cue; default to Anumana (inferential argumentative span),,,
essay040,MajorClaim,having a part time job during your student time will offer students many clear benefits,Anumana,No strong cue; default to Anumana (inferential argumentative span),,,
essay359,Premise,the possibility of the conflicts is reduced because the understanding between both parties,Anumana,Matched Anumana cues: because,,,
essay319,Claim,we need part-time job to teach us how hard the real adult life can be,Anumana,No strong cue; default to Anumana (inferential argumentative span),,,
essay331,Premise,they are significant symbols of a city,Anumana,No strong cue; default to Anumana (inferential argumentative span),,,
essay148,MajorClaim,"new technology has affected cultures of the world, and we can see many similarities in many cultures",Anumana,No strong cue; default to Anumana (inferential argumentative span),,,
essay146,Claim,students have to find one or more fields of study in which they are really interested,Anumana,No strong cue; default to Anumana (inferential argumentative span),,,
essay100,MajorClaim,it would be wrong to say that one's success completely depends on the education he or she receives at the institutions,Anumana,No strong cue; default to Anumana (inferential argumentative span),,,
essay105,Claim,"the current cost of medicines is , in fact, reasonable and based on the medicines' effectiveness",Anumana,No strong cue; default to Anumana (inferential argumentative span),,,
essay336,Claim,too much news coverage to famous people seems to have a negative influence on the choice of children of their future professions,Anumana,No strong cue; default to Anumana (inferential argumentative span),,,
essay081,Premise,it is every human's right to be able to voice out their opinions in any ways as long as they do not cause any problems to the nation,Anumana,No strong cue; default to Anumana (inferential argumentative span),,,
essay376,Claim,"No one can argue the importance to include health lessons in school programmes, especially at primary level, in the hope of raising people's awareness",Anumana,No strong cue; default to Anumana (inferential argumentative span),,,
essay228,MajorClaim,TV programs are among the popular topics in every day talk as well as a great time for gathering,Anumana,No strong cue; default to Anumana (inferential argumentative span),,,
essay382,MajorClaim,the richness as well as convenience of technology are two main factors that contribute to the students' progress,Anumana,No strong cue; default to Anumana (inferential argumentative span),,,
essay345,Premise,"Recently, his health and personal life was drastically affected as he broke up with his wife and his family life has totally been in chaos and cries",Anumana,No strong cue; default to Anumana (inferential argumentative span),,,
essay209,Claim,"it should be up for grabs for a majority of young people, who wish to pursue their passion as well as develop comprehensively",Anumana,No strong cue; default to Anumana (inferential argumentative span),,,
essay099,MajorClaim,I would agree to idea of taking a break before starting higher education,Anumana,No strong cue; default to Anumana (inferential argumentative span),,,
essay300,MajorClaim,schools should consider giving several small vocations to the students during the year,Anumana,No strong cue; default to Anumana (inferential argumentative span),,,
essay376,MajorClaim,this plan should be put into practice,Anumana,No strong cue; default to Anumana (inferential argumentative span),,,
essay071,Claim,"the advertising expenses lead to a higher product price and some of them express fake information, creating information asymmetry between consumers and companies",Anumana,No strong cue; default to Anumana (inferential argumentative span),,,
essay123,Claim,parents and adults relatives are the best friends and consular for the teenagers,Anumana,No strong cue; default to Anumana (inferential argumentative span),,,
essay159,Claim,juveniles who possess mobile phones have great tendencies to become materialistic,Anumana,No strong cue; default to Anumana (inferential argumentative span),,,
essay096,MajorClaim,the juries should at least know something about the criminals before coming to a conclusion,Anumana,No strong cue; default to Anumana (inferential argumentative span),,,
essay072,MajorClaim,"the most suitable method of reducing stress for modern people is by different kinds of exercise, which can not only improve health conditions but also bring positive emotions",Anumana,No strong cue; default to Anumana (inferential argumentative span),,,
essay399,Claim,"without proper parenting, children may perceive that this is the cool life people are supposed to be living",Anumana,No strong cue; default to Anumana (inferential argumentative span),,,
essay366,Premise,Adolescents follow not only the make up and attire of their favorite stars but also their behavior,Anumana,No strong cue; default to Anumana (inferential argumentative span),,,
essay379,Claim,"if we are passionate about what we are working, we are likely to achieve success easily in that field",Anumana,Matched Anumana cues: likely,,,
essay191,MajorClaim,I strongly prefer studying in a group of my friends because of some important opportunities gaining with this activity,Anumana,Matched Anumana cues: because,,,
essay182,Premise,"People who cannot afford to pay their tuition benefit from the scholarship, financial aids, and other funds",Anumana,No strong cue; default to Anumana (inferential argumentative span),,,
essay386,MajorClaim,the classmates should be regarded as the most important influence on individual achievements,Anumana,No strong cue; default to Anumana (inferential argumentative span),,,
essay311,Premise,I don't like electronics,Upamana,Matched Upamana cues: like,,,
essay206,Claim,"it has some advantages such as less stress, because of better weather conditions and also, better relationship within a town",Anumana,Matched Anumana cues: because,,,
essay284,Claim,we can’t always let good people be rewarded in movies or TV programs,Anumana,No strong cue; default to Anumana (inferential argumentative span),,,
essay016,Premise,it is necessary to make sure that people can live a long life,Anumana,No strong cue; default to Anumana (inferential argumentative span),,,
essay378,Premise,"compared with teachers, parents do not have enough time to spend with their children",Anumana,No strong cue; default to Anumana (inferential argumentative span),,,
essay045,MajorClaim,direct financial support may not be a wise option and people should rely on themselves to get out of the adversity,Anumana,No strong cue; default to Anumana (inferential argumentative span),,,
essay217,Claim,the way of learning life through listening to the advice of family and friends is more realistic than the latter,Anumana,No strong cue; default to Anumana (inferential argumentative span),,,
essay244,MajorClaim,"it is detrimental to communication among members in group, family or friends or whatever, to sit in front of television and just stare forward",Anumana,No strong cue; default to Anumana (inferential argumentative span),,,
essay068,Claim,"This will definitely set a bad example for the immature audiences who, lacking correct parental guidance and abilities to differentiate the right from wrong, are prone to go astray by imitating the violent behaviors and committing real violent crimes",Anumana,No strong cue; default to Anumana (inferential argumentative span),,,
essay301,Claim,one who learns the great difficulty will become stronger,Anumana,No strong cue; default to Anumana (inferential argumentative span),,,
essay250,Premise,It's all the same in every profession,Anumana,No strong cue; default to Anumana (inferential argumentative span),,,
essay183,Premise,watching film about terrorist children will be able to consider terrorism as a right thing,Anumana,No strong cue; default to Anumana (inferential argumentative span),,,
essay170,Premise,"People utilize architecture technology to construct buildings to expand urban areas, and fuel companies apply drilling technology to extract a great amount of fossil oil in natural regions",Anumana,No strong cue; default to Anumana (inferential argumentative span),,,
essay381,MajorClaim,this trend reflects and enhances the high level of violence in society,Anumana,No strong cue; default to Anumana (inferential argumentative span),,,
essay264,MajorClaim,success and trying new things and taking risks go hand in hand and to achieve success you should consider them,Anumana,No strong cue; default to Anumana (inferential argumentative span),,,
essay001,Claim,"without the cooperation, there would be no victory of competition",Anumana,No strong cue; default to Anumana (inferential argumentative span),,,
essay350,MajorClaim,newspapers and magazines will be history with the time,Anumana,No strong cue; default to Anumana (inferential argumentative span),,,
essay126,MajorClaim,friends are the most important people in my life second to my family,Anumana,No strong cue; default to Anumana (inferential argumentative span),,,
essay218,Claim,in childhood most people are happier than in adulthood,Anumana,No strong cue; default to Anumana (inferential argumentative span),,,
essay267,MajorClaim,"television has destroyed communication among friends and family as soon as television become a priority, spend a lot of time watching it and eat in front of the television",Anumana,No strong cue; default to Anumana (inferential argumentative span),,,
essay220,Claim,"living with parents longer brings about memories with parents, less cost, and advice from parents",Anumana,No strong cue; default to Anumana (inferential argumentative span),,,
essay211,Claim,school education should not only focus on the academic development of a student,Anumana,No strong cue; default to Anumana (inferential argumentative span),,,
essay155,Premise,restaurants are places that people usually come with their families,Anumana,No strong cue; default to Anumana (inferential argumentative span),,,
essay394,Claim,poor handwriting can have a negative impact on students' school performance,Anumana,No strong cue; default to Anumana (inferential argumentative span),,,
essay159,Premise,internet capable phones help influence the young ones to become more interested in chatting and social sites rather than doing school works,Anumana,No strong cue; default to Anumana (inferential argumentative span),,,
essay004,MajorClaim,this industry has affected the cultural attributes and damaged the natural environment of the tourist destinations,Anumana,No strong cue; default to Anumana (inferential argumentative span),,,
essay279,Premise,people who have no time or have financial problems could travel around the world by using the internet,Anumana,No strong cue; default to Anumana (inferential argumentative span),,,
essay245,MajorClaim,communicating by e-mails or voice mails is better,Anumana,No strong cue; default to Anumana (inferential argumentative span),,,
essay340,MajorClaim,the technology has large positive effects on relationships between people,Anumana,No strong cue; default to Anumana (inferential argumentative span),,,
essay135,Claim,it is reasonable to lend a hand to our fellow citizens,Anumana,No strong cue; default to Anumana (inferential argumentative span),,,
essay173,MajorClaim,zoos are very useful,Anumana,No strong cue; default to Anumana (inferential argumentative span),,,
essay351,Claim,the salary is very pivotal factor,Anumana,No strong cue; default to Anumana (inferential argumentative span),,,
essay019,MajorClaim,for the young adults it will be better to live with their parents,Anumana,No strong cue; default to Anumana (inferential argumentative span),,,
essay271,Claim,being present at classes provide students with opportunity of communicating with other students that is beneficial for understanding new material by reviewing them throughout the free times in college,Anumana,No strong cue; default to Anumana (inferential argumentative span),,,
essay149,Claim,they can provide more advices and helps in our career,Anumana,No strong cue; default to Anumana (inferential argumentative span),,,
essay307,Premise,"there are Reality TV, television programs in which people are put into artificial environments and situations, for example like ""Big Brother""",Upamana,Matched Upamana cues: like,,,
essay005,MajorClaim,living and studying overseas gives the individual a new perspective on the subject that is studied or in general life,Anumana,No strong cue; default to Anumana (inferential argumentative span),,,
essay248,Claim,They have a deep insight in it and could provide much support to their children,Anumana,No strong cue; default to Anumana (inferential argumentative span),,,
essay109,Premise,This is actually very environmentally unfriendly,Anumana,No strong cue; default to Anumana (inferential argumentative span),,,
essay132,Claim,The best way to ensure a flexible earning is getting more jobs,Anumana,No strong cue; default to Anumana (inferential argumentative span),,,
essay267,Claim,"Some People spend a lot of time watching television, others even eat watching television, and some others make of this media a priority",Anumana,No strong cue; default to Anumana (inferential argumentative span),,,
essay322,MajorClaim,we should preserve historic buildings in the city,Anumana,No strong cue; default to Anumana (inferential argumentative span),,,
essay115,Premise,manual harvest prevents severe environmental damages,Anumana,No strong cue; default to Anumana (inferential argumentative span),,,
essay363,Premise,Take the example of use of food processors in kitchens,Anumana,No strong cue; default to Anumana (inferential argumentative span),,,
essay332,Claim,living with parents is a wise choice for adults until they get a head start to their professional career with a reasonable income,Anumana,No strong cue; default to Anumana (inferential argumentative span),,,
essay327,MajorClaim,children should start learning a foreign language in the beginning of the education,Anumana,No strong cue; default to Anumana (inferential argumentative span),,,
essay335,Claim,connecting people by email is easy and fast,Anumana,No strong cue; default to Anumana (inferential argumentative span),,,
essay369,Premise,environmental damage is inevitable,Anumana,No strong cue; default to Anumana (inferential argumentative span),,,
essay071,Premise,it could simulate household spending and therefore promote the economic development of the whole country,Anumana,Matched Anumana cues: therefore,,,
essay339,Premise,This factor will lead them to be successful in their lives ahead,Anumana,No strong cue; default to Anumana (inferential argumentative span),,,
essay189,Claim,jobs can divert students from their studies,Shabda,Matched Shabda cues: studies,,,
essay164,Claim,employees fell that they are valuable if they are trained,Anumana,No strong cue; default to Anumana (inferential argumentative span),,,
essay281,MajorClaim,government should spend money on basic people needs,Anumana,No strong cue; default to Anumana (inferential argumentative span),,,
essay354,Premise,The main reason why people are becoming so addicted to sitting at their homes even for the whole day is an advance technology,Anumana,No strong cue; default to Anumana (inferential argumentative span),,,
essay318,Premise,"Driving cars during the rush hours might is bound to polluting cities's environment, but laws protect drivers to do so",Anumana,No strong cue; default to Anumana (inferential argumentative span),,,
essay367,MajorClaim,the needs for having developed-skills and gaining degree certificate in order to build someone's career are totally needed to implement and applied for any gender,Anumana,No strong cue; default to Anumana (inferential argumentative span),,,
essay201,Premise,"Just imagine if the project your company is sponsoring effectively improves the environment, then your company would be known as an environmentally-friendly company and benefit from it in this consumer-oriented society",Anumana,No strong cue; default to Anumana (inferential argumentative span),,,
essay387,Claim,life in those cities is good in some ways,Anumana,No strong cue; default to Anumana (inferential argumentative span),,,
essay181,MajorClaim,the benefit from it will outweigh the cost,Anumana,No strong cue; default to Anumana (inferential argumentative span),,,
essay191,Claim,Increasing the motivation and competence spirit are another benefit of group-studying,Anumana,No strong cue; default to Anumana (inferential argumentative span),,,
essay136,Premise,schools and university are places in which students gather to be educated and learn from each others as well as formal educators,Anumana,No strong cue; default to Anumana (inferential argumentative span),,,
essay316,MajorClaim,new building construction hold the right to gain more money from government,Anumana,No strong cue; default to Anumana (inferential argumentative span),,,
essay157,MajorClaim,information is power,Anumana,No strong cue; default to Anumana (inferential argumentative span),,,
essay271,MajorClaim,being present at classes seems a wiser option,Anumana,No strong cue; default to Anumana (inferential argumentative span),,,
essay348,Premise,what they do is for the well-being of the whole society,Anumana,No strong cue; default to Anumana (inferential argumentative span),,,
essay373,MajorClaim,The world should consider clearly about polishing the law of the dead penalty,Anumana,No strong cue; default to Anumana (inferential argumentative span),,,
essay221,Claim,It benefits to a certain country,Anumana,No strong cue; default to Anumana (inferential argumentative span),,,
essay211,Premise,schools are responsible for developing their students into well-rounded people,Anumana,No strong cue; default to Anumana (inferential argumentative span),,,
essay170,Premise,we could get more happiness from technology,Anumana,No strong cue; default to Anumana (inferential argumentative span),,,
essay198,Premise,"It means that by using public transports, the less gas exhaust is pumped to the air and people will no longer have to bear the stuffy situation on the roads, which is always full of fumes",Anumana,No strong cue; default to Anumana (inferential argumentative span),,,
essay086,MajorClaim,"Today's children needs somethings to entertain them, and occupy their leisure time in the best way",Anumana,No strong cue; default to Anumana (inferential argumentative span),,,
essay160,MajorClaim,Government should decide for punishment case by case basis,Anumana,No strong cue; default to Anumana (inferential argumentative span),,,
essay172,MajorClaim,I would prefer to live in an apartment in the community rather than in the university dormitories,Anumana,No strong cue; default to Anumana (inferential argumentative span),,,
essay031,Premise,it is a better form to protect environment than automobile,Anumana,No strong cue; default to Anumana (inferential argumentative span),,,
essay324,Premise,"the change of job, not the same task day by day",Anumana,No strong cue; default to Anumana (inferential argumentative span),,,
essay372,Premise,study form their mistakes helps us accomplish our goal with smooth sailing,Anumana,No strong cue; default to Anumana (inferential argumentative span),,,
essay177,Premise,The biggest advantage is that your classroom and instructor are available 24 hours a day,Anumana,No strong cue; default to Anumana (inferential argumentative span),,,
essay117,Premise,It would mean another industrial revolution,Anumana,No strong cue; default to Anumana (inferential argumentative span),,,
essay302,Claim,The global economic conditions in these days are tough and there are many unpredictable factors that make it necessary to have some money on your bank account,Anumana,No strong cue; default to Anumana (inferential argumentative span),,,
essay095,Claim,the progress of news media is an advantageous development,Anumana,No strong cue; default to Anumana (inferential argumentative span),,,
essay366,Claim,following celebrities blindly affects the health of adolescents,Anumana,No strong cue; default to Anumana (inferential argumentative span),,,
essay032,Claim,a great amount of materials and money have poor countries being corrupted and politically dependent on other countries,Anumana,No strong cue; default to Anumana (inferential argumentative span),,,
essay076,Claim,it is a waste of public money for the government to subsidize health care and education of each citizen in society,Anumana,No strong cue; default to Anumana (inferential argumentative span),,,
essay368,MajorClaim,it has been proven benefits people enjoy this arrangement,Anumana,No strong cue; default to Anumana (inferential argumentative span),,,
essay378,Claim,it was impossible for them to be a good teacher,Anumana,No strong cue; default to Anumana (inferential argumentative span),,,
essay070,Premise,with supervisory institutions built to find and address problems,Anumana,No strong cue; default to Anumana (inferential argumentative span),,,
essay075,MajorClaim,governments should attach heavier weight to other social issues such as education and housing needs,Anumana,No strong cue; default to Anumana (inferential argumentative span),,,
essay238,Premise,And also taking the chance for making friends,Anumana,No strong cue; default to Anumana (inferential argumentative span),,,
essay217,Premise,Family members such as your parents are experienced in life so they can give you proper and sincere guidance on every aspect of life,Anumana,No strong cue; default to Anumana (inferential argumentative span),,,
essay185,Claim,these new forms of energy may not be as clean and green as we think,Anumana,No strong cue; default to Anumana (inferential argumentative span),,,
essay014,Claim,students at schools and universities still learn much more from lessons with teachers,Anumana,No strong cue; default to Anumana (inferential argumentative span),,,
essay360,Premise,other celebrities such as musician also have achieved great success in their career,Anumana,No strong cue; default to Anumana (inferential argumentative span),,,
essay169,Premise,conducting research is helpful for professors and students to some extent,Anumana,No strong cue; default to Anumana (inferential argumentative span),,,
essay321,Claim,many people are not eager to work for themselves,Anumana,No strong cue; default to Anumana (inferential argumentative span),,,
essay137,MajorClaim,These meetings are in none case here to interact with international affairs,Anumana,No strong cue; default to Anumana (inferential argumentative span),,,
essay137,Premise,"These emotions are shared locally in our village or city, nationally in our own country but even internationally too",Anumana,No strong cue; default to Anumana (inferential argumentative span),,,
essay113,Premise,education for these countries normally is not free so only certain group of students can afford it,Anumana,No strong cue; default to Anumana (inferential argumentative span),,,
essay046,MajorClaim,the main function of a university remains as the provision of knowledge and access to resources,Anumana,No strong cue; default to Anumana (inferential argumentative span),,,
essay329,Claim,it is vital to never give up on your dream,Anumana,No strong cue; default to Anumana (inferential argumentative span),,,
essay081,Premise,artists know their boundaries very well and would surely do not want their names tarnished just because of their unscrupulous acts,Anumana,Matched Anumana cues: because,,,
essay286,Premise,Which ways are shortest and which ways are less consume my time,Anumana,No strong cue; default to Anumana (inferential argumentative span),,,
essay089,Claim,farmlands are vital for human life,Anumana,No strong cue; default to Anumana (inferential argumentative span),,,
essay015,MajorClaim,they may be factors decreasing the position of written language,Anumana,No strong cue; default to Anumana (inferential argumentative span),,,
essay027,MajorClaim,financial aid is not the only way to assist poor countries,Anumana,No strong cue; default to Anumana (inferential argumentative span),,,
essay365,MajorClaim,city planner can still opt for non-personal vehicle and the exploitation of the suburb areas,Anumana,No strong cue; default to Anumana (inferential argumentative span),,,
essay184,Claim,It can be unforgettable moments in your life,Anumana,No strong cue; default to Anumana (inferential argumentative span),,,
essay275,Premise,"Finally one night, having fun with his irresponsible friend in his luxuries car, he crashed a truck and died",Anumana,No strong cue; default to Anumana (inferential argumentative span),,,
essay160,Claim,fixed punishment will reduce the time taken by judges to give their judgement and it will be effective economically for the Government,Anumana,No strong cue; default to Anumana (inferential argumentative span),,,
essay022,Premise,many researches in the ivory-tower have created ingenious discoveries and achievements for the development of modern society,Anumana,No strong cue; default to Anumana (inferential argumentative span),,,
essay253,Claim,it reinforces students' impression on the knowledge but also invites students to practice the knowledge out on their own,Anumana,No strong cue; default to Anumana (inferential argumentative span),,,
essay222,MajorClaim,parents are really the best teachers who give us much knowledge and advice,Anumana,No strong cue; default to Anumana (inferential argumentative span),,,
essay256,MajorClaim,students can learn more thoroughly as well as showing respect for professors and themselves through attending classes,Anumana,No strong cue; default to Anumana (inferential argumentative span),,,
essay021,Premise,it is not sufficient in itself,Anumana,No strong cue; default to Anumana (inferential argumentative span),,,
essay015,Claim,"it is easy to point out many benefits users can get from email and text messaging, which answers to the question of their great popularity",Anumana,No strong cue; default to Anumana (inferential argumentative span),,,
essay220,MajorClaim,staying with the parents for longer time does more benefits than disadvantages to the young adult,Anumana,No strong cue; default to Anumana (inferential argumentative span),,,
essay217,MajorClaim,learning about life through personal experience seems more appropriate,Anumana,No strong cue; default to Anumana (inferential argumentative span),,,
essay176,MajorClaim,a quintessence of any visit to an excellent museum of a new place would be the best part of a tour,Anumana,No strong cue; default to Anumana (inferential argumentative span),,,
essay298,Claim,"students can learn lots of things from part time job, before starting their real job",Anumana,No strong cue; default to Anumana (inferential argumentative span),,,
essay232,Premise,"if there is a man that beats his wife and treats her bad, his child probably is going to be rude and treat girls bad",Anumana,No strong cue; default to Anumana (inferential argumentative span),,,
essay258,Claim,for practical subjects you have to have a teacher,Anumana,No strong cue; default to Anumana (inferential argumentative span),,,
essay039,MajorClaim,there are some reasons for human beings to travel to outer space,Anumana,No strong cue; default to Anumana (inferential argumentative span),,,
essay376,Claim,it will be of economic benefit to pre-empt certain kinds of diseases,Anumana,No strong cue; default to Anumana (inferential argumentative span),,,
essay099,Claim,Taking a break not just has benefits but it also comes with some negative impacts,Anumana,No strong cue; default to Anumana (inferential argumentative span),,,
essay062,Claim,"some male chauvinists think that women are incapable in particular fields, like maths, mechanical engineering, defense etc",Upamana,Matched Upamana cues: like,,,
essay312,Claim,The professors are essential,Anumana,No strong cue; default to Anumana (inferential argumentative span),,,
essay231,Claim,Growing up in the countryside is not such a good experience,Anumana,No strong cue; default to Anumana (inferential argumentative span),,,
essay224,MajorClaim,brilliant bosses are conscious of the need for giving opportunities to diverse employees,Anumana,No strong cue; default to Anumana (inferential argumentative span),,,
essay332,Premise,Living on your own is a huge financial commitment,Anumana,No strong cue; default to Anumana (inferential argumentative span),,,
essay076,Premise,"without sufficient guidance of teachers, these citizens might misbehave or even commit crimes, posing a threat to other citizens' security",Anumana,No strong cue; default to Anumana (inferential argumentative span),,,
essay252,MajorClaim,young age is the perfect time for children to learn music and art,Anumana,No strong cue; default to Anumana (inferential argumentative span),,,
essay117,Claim,There are a lot of advances going on technology which are helping the environment a lot,Anumana,No strong cue; default to Anumana (inferential argumentative span),,,
essay065,MajorClaim,budgets should be allocated more on medical care and education rather than on building entertaining facilities,Anumana,No strong cue; default to Anumana (inferential argumentative span),,,
essay348,MajorClaim,"they have other critical obligations to take, in order to make our society function in an ordered way",Anumana,No strong cue; default to Anumana (inferential argumentative span),,,
essay098,MajorClaim,the benefits of children engagement in paid work outweigh its drawbacks,Anumana,No strong cue; default to Anumana (inferential argumentative span),,,
essay018,Claim,universities follow the requirement of job providers and decide subject suitable for particular gender,Anumana,No strong cue; default to Anumana (inferential argumentative span),,,
essay061,Premise,There is no end to the evolution of computers,Anumana,No strong cue; default to Anumana (inferential argumentative span),,,
essay088,Claim,"experience shows while people doing a job constantly, they become more experienced in that subject, so in the final effort they become successful with the high percentile",Anumana,No strong cue; default to Anumana (inferential argumentative span),,,
essay025,Premise,"in some industrial cities, a large proportion of the workers are suffering various breathing problems, such as asthma which can be caused by waste ashes and certain chemical substances",Anumana,No strong cue; default to Anumana (inferential argumentative span),,,
essay228,Claim,TV may take some of your time away from your family and friends,Anumana,No strong cue; default to Anumana (inferential argumentative span),,,
essay032,Premise,"When America mortgage loan system went bad, several economies of European and Asian countries fluctuated, even any countries had to be gotten international supports to block its bankrupt",Anumana,No strong cue; default to Anumana (inferential argumentative span),,,
essay009,Claim,having a considered roommate is significantly imperative to our school life,Anumana,No strong cue; default to Anumana (inferential argumentative span),,,
essay251,Claim,"Even if you are not working in a group, you still need to take others' criticism",Anumana,No strong cue; default to Anumana (inferential argumentative span),,,
essay246,Premise,"To put it differently, is that after this person has quit his job and became unemployed, he can no longer pay his bills nor buy what he needs for his everyday needs",Anumana,No strong cue; default to Anumana (inferential argumentative span),,,
essay032,MajorClaim,"aiding poor countries has positive effects, overweighing its side-effects for the several reasons",Anumana,No strong cue; default to Anumana (inferential argumentative span),,,
essay390,Premise,"We definitely do not want our children to spend money on luxurious custom or lifestyle just to be similar to someone, especially when these people are not symbols of any talent but showing off",Upamana,Matched Upamana cues: similar to,,,
essay237,MajorClaim,in general television and movies influence our behavior in bad ways more than in good ways,Anumana,No strong cue; default to Anumana (inferential argumentative span),,,
essay163,MajorClaim,I prefer to live in a big city,Anumana,No strong cue; default to Anumana (inferential argumentative span),,,
essay303,MajorClaim,it is very important to live life at a slower pace,Anumana,No strong cue; default to Anumana (inferential argumentative span),,,
essay293,Claim,this means help to achieve a good communication,Anumana,No strong cue; default to Anumana (inferential argumentative span),,,
essay051,Claim,"there are good ways for sports activities to compensate their expenses, but it is very hard for libraries to find a good way for have an income",Anumana,No strong cue; default to Anumana (inferential argumentative span),,,
essay105,Premise,more lives will be saved by the use of effective medicines,Anumana,No strong cue; default to Anumana (inferential argumentative span),,,
essay149,MajorClaim,"with the help of our family, we can achieve success quite easily",Anumana,No strong cue; default to Anumana (inferential argumentative span),,,
essay321,Claim,"time is the more valuable thing, which I have in my life",Anumana,No strong cue; default to Anumana (inferential argumentative span),,,
essay285,MajorClaim,I personally disagree this this notion that we should replace classroom with online class,Anumana,No strong cue; default to Anumana (inferential argumentative span),,,
essay310,MajorClaim,people should work faster even more risky,Anumana,No strong cue; default to Anumana (inferential argumentative span),,,
essay215,Claim,"we should develop at least one personal hobby, not to show off, but express our emotion when we feel depressed or pressured",Anumana,No strong cue; default to Anumana (inferential argumentative span),,,
essay121,Claim,"if there is not any control on the businesses and they are permitted to do everything they want, they will threaten the beings' life such as human, animals and plants",Anumana,No strong cue; default to Anumana (inferential argumentative span),,,
essay278,Claim,they bring about students to be happier and to have more fun and entertainments,Anumana,No strong cue; default to Anumana (inferential argumentative span),,,
essay362,Premise,"Who would the employer choose, an old man with old-fashioned education and a young man who is not only good at fundermentaly subject, but also knows how to program or how to speak foreign languages",Anumana,No strong cue; default to Anumana (inferential argumentative span),,,
essay377,Premise,one deserves what he has done,Anumana,No strong cue; default to Anumana (inferential argumentative span),,,
essay107,Claim,rapid development of infrastructure is eating most of the forest throughout world,Anumana,No strong cue; default to Anumana (inferential argumentative span),,,
essay054,Premise,they lack of physical exercise and face-to-face communication,Anumana,No strong cue; default to Anumana (inferential argumentative span),,,
essay162,Claim,"cheap air fares have broadened travel possibilities for many people, particularly for the lower income group",Anumana,No strong cue; default to Anumana (inferential argumentative span),,,
essay218,Premise,"They do not have to worry about bills, jobs, how would their life be in the future",Anumana,No strong cue; default to Anumana (inferential argumentative span),,,
essay142,MajorClaim,the advanced medical care brings with it more benefits than disadvantages,Anumana,No strong cue; default to Anumana (inferential argumentative span),,,
essay179,MajorClaim,"stress management, how to survive our unbearable stress, is the most important skill that we should have",Anumana,No strong cue; default to Anumana (inferential argumentative span),,,
essay159,MajorClaim,the popularity of mobile phones to the young generation is a bad development,Anumana,No strong cue; default to Anumana (inferential argumentative span),,,
essay294,MajorClaim,professors should be encouraged to mainly do research,Anumana,No strong cue; default to Anumana (inferential argumentative span),,,
essay288,Premise,"If a subway and a sky train are available here, it will be more convenience to them",Anumana,No strong cue; default to Anumana (inferential argumentative span),,,
essay318,Claim,"Rather than passively forcing drivers to pay another fee, government should instead, be more active on advocating the use of more efficient and environmental-friendly energy or planning out more reasonable and convenient layout that allow people to reach their destinations with less oil",Anumana,No strong cue; default to Anumana (inferential argumentative span),,,
essay300,Premise,Many educational bodies schedule its small vacations after term exams so that student's get relief form exam pressure,Anumana,No strong cue; default to Anumana (inferential argumentative span),,,
essay311,MajorClaim,students can acquire university knowledge without the prerequisite of passing exam,Anumana,No strong cue; default to Anumana (inferential argumentative span),,,
essay303,Claim,"you might make mistakes, you would not have done with more patience",Anumana,No strong cue; default to Anumana (inferential argumentative span),,,
essay196,Claim,we become motivated to learn other things by doing them,Anumana,No strong cue; default to Anumana (inferential argumentative span),,,
essay119,Claim,Internet can be a useful tool for education,Anumana,No strong cue; default to Anumana (inferential argumentative span),,,
essay017,Premise,Emergence of new television channels or shows are not surprising,Anumana,No strong cue; default to Anumana (inferential argumentative span),,,
essay212,Premise,One example of this is that the Chinese immigrants in Indonesia in 1969,Anumana,No strong cue; default to Anumana (inferential argumentative span),,,
essay296,Premise,they created their own language to communicate,Anumana,No strong cue; default to Anumana (inferential argumentative span),,,
essay012,MajorClaim,technology has helped us to have more comfortable life,Anumana,No strong cue; default to Anumana (inferential argumentative span),,,
essay201,Claim,conservation is more urgent now than at any time in history,Anumana,No strong cue; default to Anumana (inferential argumentative span),,,
essay073,Claim,pictures can influence the way people think,Anumana,No strong cue; default to Anumana (inferential argumentative span),,,
essay163,Claim,"living in big cities means more exposure to stimulation, like all kinds of information",Upamana,Matched Upamana cues: like,,,
essay054,Premise,authentic exhibits cannot be completely displayed only by images and videos,Anumana,No strong cue; default to Anumana (inferential argumentative span),,,
essay166,MajorClaim,I would choose to live in a big city,Anumana,No strong cue; default to Anumana (inferential argumentative span),,,
essay247,MajorClaim,"Travelling, social life and employment are highly dependent on the flexibility of a person and there is nothing in the world that makes more flexible than an own car",Anumana,No strong cue; default to Anumana (inferential argumentative span),,,
essay259,Claim,working at home has many disadvantages that will no doubt lower the efficiency of works,Anumana,No strong cue; default to Anumana (inferential argumentative span),,,
essay050,Claim,music and other entertaining subjects should be optional,Anumana,No strong cue; default to Anumana (inferential argumentative span),,,
essay401,MajorClaim,fatherhood is a as vital part of a healty parantage as much as motherhood,Anumana,No strong cue; default to Anumana (inferential argumentative span),,,
essay040,Premise,Part-time jobs furnish them with precious chance to practice what they are learning at their universities,Anumana,No strong cue; default to Anumana (inferential argumentative span),,,
essay102,Claim,Seeing an art work on computer screen is not the same as you watch it by your own eyes,Anumana,No strong cue; default to Anumana (inferential argumentative span),,,
essay335,Claim,nowadays technology is entering into our society really quick,Anumana,No strong cue; default to Anumana (inferential argumentative span),,,
essay245,Claim,when you write an e-mail you have enough time to think carefully about what you are writing and how it would be better to express yourself,Anumana,No strong cue; default to Anumana (inferential argumentative span),,,
essay112,Claim,A number of measures should be taken to address these concerns,Anumana,No strong cue; default to Anumana (inferential argumentative span),,,
essay092,MajorClaim,fashion trends have a more essential role to play in people's lives than personal dressing styles,Anumana,No strong cue; default to Anumana (inferential argumentative span),,,
essay185,Premise,This damages the habitats of many valuable fish and wading birds,Anumana,No strong cue; default to Anumana (inferential argumentative span),,,
essay193,Premise,"When using public transportation, we have a chance to meet more people and more chances to discovery new aspects of life",Anumana,No strong cue; default to Anumana (inferential argumentative span),,,
essay221,Claim,it is a interesting travel location,Anumana,No strong cue; default to Anumana (inferential argumentative span),,,
essay129,Claim,the advantages of this are qualitatively greater than that of the opposite,Anumana,No strong cue; default to Anumana (inferential argumentative span),,,
essay116,Premise,"monuments that represent each city do not only illustrate the city's history and culture, but also make the city more beautiful and an attractive place for tourists",Anumana,No strong cue; default to Anumana (inferential argumentative span),,,
essay074,Claim,there are some drawbacks from saving minority languages,Anumana,No strong cue; default to Anumana (inferential argumentative span),,,
essay391,Premise,"Mobile phones , such as smart phones, has made our communication easy and convenience",Anumana,No strong cue; default to Anumana (inferential argumentative span),,,
essay088,Premise,"most of inventors in the first phases of their job face with some problems and defeats, but in the next stages they learn how to deal with problems",Anumana,No strong cue; default to Anumana (inferential argumentative span),,,
essay176,Premise,"Through the exhibit, I found that the Statue of Liberty symbolized freedom, and Ellis Island may be the place, where the immigration took their dreams and fears",Anumana,No strong cue; default to Anumana (inferential argumentative span),,,
essay229,MajorClaim,friendship is more important than mistake by a friend,Anumana,No strong cue; default to Anumana (inferential argumentative span),,,
essay390,Claim,people without talents cannot be famous in this changing world and to be accredited they need to contribute positively to young generation,Anumana,No strong cue; default to Anumana (inferential argumentative span),,,
essay044,MajorClaim,it would be a better implication by the government to promote other sources of energy,Anumana,No strong cue; default to Anumana (inferential argumentative span),,,
essay091,Claim,"a single international language may, to some extent, erode the cultural identity of a nation",Anumana,No strong cue; default to Anumana (inferential argumentative span),,,
essay037,MajorClaim,international sporting occasions are essential in easing international tensions and releasing patriotic emotions in a safe way,Anumana,No strong cue; default to Anumana (inferential argumentative span),,,
essay362,MajorClaim,it is still of great importance to remain the harmonious coexistence of both sides for the smooth sailing of the company,Anumana,No strong cue; default to Anumana (inferential argumentative span),,,
essay009,MajorClaim,the most important quality of roommates is being considered,Anumana,No strong cue; default to Anumana (inferential argumentative span),,,
essay338,Premise,they constantly use these kinds of electronic letter for making fellowship or just continuing theirs what they already had,Anumana,No strong cue; default to Anumana (inferential argumentative span),,,
essay367,Claim,act for distributing education needs are absolutely important to compete the future challenges,Anumana,No strong cue; default to Anumana (inferential argumentative span),,,
essay111,Premise,Animal testing costs an enormous amount of money,Anumana,No strong cue; default to Anumana (inferential argumentative span),,,
essay131,MajorClaim,it would enriches the culture of the society and governments and individuals would benefit from it in multiple ways,Anumana,No strong cue; default to Anumana (inferential argumentative span),,,
essay292,Premise,"It is not uncommon that the teenages are found sleepless for several days playing on-line games at public internet bar, and there are also some media reports regarding the sudden death case of the teenages in the internet bar",Shabda,Matched Shabda cues: reports,,,
essay276,MajorClaim,dancing is an important part of culture,Anumana,No strong cue; default to Anumana (inferential argumentative span),,,
essay368,Premise,smoking restrictions has successfully daunted public from this bad puffing that put less strain on country's healthcare systems,Anumana,No strong cue; default to Anumana (inferential argumentative span),,,
essay199,Premise,"we have a lot of subjects which require us to sit and study alone such as math, reading, and drawing",Anumana,No strong cue; default to Anumana (inferential argumentative span),,,
essay151,Claim,Communication in single language would improve the productivity of the world and brings everyone on to the same page,Anumana,No strong cue; default to Anumana (inferential argumentative span),,,
essay171,Claim,a government's role should be providing means that lead its citizens to learn how to prevent from potential illness that can cause misery in people's lives,Anumana,No strong cue; default to Anumana (inferential argumentative span),,,
essay224,Claim,the staff soon gets boring with their stable job in such a long time,Anumana,No strong cue; default to Anumana (inferential argumentative span),,,
essay156,Claim,unexpectedly the violent behavior has effected on child’s behaviors,Anumana,No strong cue; default to Anumana (inferential argumentative span),,,
essay333,Claim,the rate of divorces is increasing day by day,Anumana,No strong cue; default to Anumana (inferential argumentative span),,,
essay306,Claim,technology may make people's life complicated in some aspects,Anumana,No strong cue; default to Anumana (inferential argumentative span),,,
essay175,MajorClaim,paying too much attention on personal lives of famous people may be a serious problem,Anumana,No strong cue; default to Anumana (inferential argumentative span),,,
essay157,MajorClaim,"it is very important to be confident of the information, which you use, especially when your conclusion or decision may have a great influence",Anumana,No strong cue; default to Anumana (inferential argumentative span),,,
essay196,MajorClaim,learning by doing things is the best way and the best method to learn things,Anumana,No strong cue; default to Anumana (inferential argumentative span),,,
essay293,Claim,emails are not convenient for the work but it is better than none,Anumana,No strong cue; default to Anumana (inferential argumentative span),,,
essay005,MajorClaim,one who studies overseas will gain many skills throughout this experience,Shabda,Matched Shabda cues: studies,,,
essay299,MajorClaim,its better that people learn foreign language in their own country,Anumana,No strong cue; default to Anumana (inferential argumentative span),,,
essay161,MajorClaim,I myself choose outdoor activities to spend my leisure time,Anumana,No strong cue; default to Anumana (inferential argumentative span),,,
essay286,MajorClaim,Many circumstances that I experienced change the way I think,Anumana,No strong cue; default to Anumana (inferential argumentative span),,,
essay285,Claim,online class could not provide knowledge about social skills,Anumana,No strong cue; default to Anumana (inferential argumentative span),,,
essay257,MajorClaim,any great success need great work not great luck,Anumana,No strong cue; default to Anumana (inferential argumentative span),,,
essay213,MajorClaim,the capability of working independly is more significant,Anumana,No strong cue; default to Anumana (inferential argumentative span),,,
essay093,Claim,such aid could also create a win-win situation,Anumana,No strong cue; default to Anumana (inferential argumentative span),,,
essay158,Claim,"Many cities have development strategies as a city contains both unique and modern beauty, and that preservation help to finish half of work",Anumana,No strong cue; default to Anumana (inferential argumentative span),,,
essay312,MajorClaim,I against providing more money to professors,Anumana,No strong cue; default to Anumana (inferential argumentative span),,,
essay239,Premise,"In order to create a better living environment for ourselves and our offsprings, our behaviors must be asked with politeness and good manners",Anumana,No strong cue; default to Anumana (inferential argumentative span),,,
essay035,Claim,it is not about the function or quality of the commodities themselves but really the promotion of the good feeling of possessing the product,Anumana,No strong cue; default to Anumana (inferential argumentative span),,,
essay323,MajorClaim,no one else is better than our parents in terms of teachers,Anumana,No strong cue; default to Anumana (inferential argumentative span),,,
essay392,Premise,"many people driving private cars could cause air pollution, and overusing plastic packages would affect the environment",Anumana,No strong cue; default to Anumana (inferential argumentative span),,,
essay179,Claim,stress management recently becomes a more significant issue in our realization,Anumana,No strong cue; default to Anumana (inferential argumentative span),,,
essay190,Claim,humanities benefit so much from zoos,Anumana,No strong cue; default to Anumana (inferential argumentative span),,,
essay315,Premise,"Life in big cities cities gives one new challenges every day, let it be deciding which restaurant to go to or deciding which company to work for",Anumana,No strong cue; default to Anumana (inferential argumentative span),,,
essay181,Premise,"when people have jobs, they will have money to spend on goods and services",Anumana,No strong cue; default to Anumana (inferential argumentative span),,,
essay225,Claim,childhood is the period of time in which a person is surprised most,Anumana,No strong cue; default to Anumana (inferential argumentative span),,,
essay145,Claim,certain facilities are beneficial to students,Anumana,No strong cue; default to Anumana (inferential argumentative span),,,
essay001,Premise,All of these skills help them to get on well with other people and will benefit them for the whole life,Anumana,No strong cue; default to Anumana (inferential argumentative span),,,
essay272,Claim,Telephones and email make me feel personal,Anumana,No strong cue; default to Anumana (inferential argumentative span),,,
essay180,MajorClaim,groups provide a place for people to gain experiences or achieve goals,Anumana,No strong cue; default to Anumana (inferential argumentative span),,,
essay043,Premise,these sporting occasions are a good opportunity for people to be proud of their country,Anumana,No strong cue; default to Anumana (inferential argumentative span),,,
essay066,Premise,people tend to follow the trend back to the tradition in the recent years,Anumana,No strong cue; default to Anumana (inferential argumentative span),,,
essay123,Premise,if children listen to their advices they can prevent happening worst things,Anumana,No strong cue; default to Anumana (inferential argumentative span),,,
essay137,Claim,"an international sports event is a very good thing to gather people, let them dream, being proud of their nationality and forget problems, but just for a while",Anumana,No strong cue; default to Anumana (inferential argumentative span),,,
essay186,MajorClaim,"human needs for farmland, housing and industry are more important",Anumana,No strong cue; default to Anumana (inferential argumentative span),,,
essay103,Claim,"I am skeptical about disclosing the defendant's history to the jury, with intention to avoid subjective and probable inaccurate verdict",Anumana,No strong cue; default to Anumana (inferential argumentative span),,,
essay079,MajorClaim,arts are supposed to be included in the government's investment as well,Anumana,No strong cue; default to Anumana (inferential argumentative span),,,
essay019,Claim,"Another problem that the young adults may encounter is to find a co-tenant, who they do not like",Upamana,Matched Upamana cues: like,,,
essay268,Claim,I do not deny the importance of doing sports in the success of university students,Anumana,No strong cue; default to Anumana (inferential argumentative span),,,
essay246,MajorClaim,every fast and not well thought decision is a wasted one,Anumana,No strong cue; default to Anumana (inferential argumentative span),,,
essay195,MajorClaim,"My country need to focus more on the agriculture by establishing centers for research in this field, which will have some very positive consequences on agriculture people work, on the economy and on the employment",Anumana,No strong cue; default to Anumana (inferential argumentative span),,,
essay072,Claim,Sports activities can improve mental health,Anumana,No strong cue; default to Anumana (inferential argumentative span),,,
essay249,MajorClaim,"In considering whether the time children watching on TV or movies should be constrained, I hold a strongly positive point of view toward this issue",Anumana,No strong cue; default to Anumana (inferential argumentative span),,,
essay316,Claim,new building construction deserves more governmental investment,Anumana,No strong cue; default to Anumana (inferential argumentative span),,,
essay222,Claim,parents train their child how to become a good person,Anumana,No strong cue; default to Anumana (inferential argumentative span),,,
essay108,Claim,the introduction of the early retirement has some benefits,Anumana,No strong cue; default to Anumana (inferential argumentative span),,,
essay112,MajorClaim,exams have a role to play in ensuring proper and objective assessment of achievement,Anumana,No strong cue; default to Anumana (inferential argumentative span),,,
essay084,Premise,"It will not be surprising that in order to obtain a mobile phone, they make themselves jobless",Anumana,No strong cue; default to Anumana (inferential argumentative span),,,
essay052,MajorClaim,English as an elegant language should be advocated in many fields to expand the global trade and communications,Anumana,No strong cue; default to Anumana (inferential argumentative span),,,
essay266,MajorClaim,advertising is not the primary reason of unhealthy eating habits,Anumana,No strong cue; default to Anumana (inferential argumentative span),,,
essay038,Premise,"With the development of Internet, we can enjoy the pleasure and conveniences which it brings about for us every day",Anumana,No strong cue; default to Anumana (inferential argumentative span),,,
essay177,MajorClaim,I don't think that technology can replace teachers and classroom,Anumana,No strong cue; default to Anumana (inferential argumentative span),,,
essay011,Claim,financial sustainability of a region mostly depends on how healthy the population is,Anumana,No strong cue; default to Anumana (inferential argumentative span),,,
essay110,MajorClaim,"being a citizen involves in a number of duties, other than paying taxes",Anumana,No strong cue; default to Anumana (inferential argumentative span),,,
essay228,Claim,Modern TV has smart system that let you be connected with people,Anumana,No strong cue; default to Anumana (inferential argumentative span),,,
essay056,Premise,"language obstacle is no longer a problem, which results in mutual understanding and trust between their mother land and the host country",Anumana,No strong cue; default to Anumana (inferential argumentative span),,,
essay313,Premise,my dog was near me and it seemed to me that only him could understand my deeply feelings,Anumana,No strong cue; default to Anumana (inferential argumentative span),,,
essay250,Premise,a worker's salary can properly reflect his/her competence and value on his/her career,Anumana,No strong cue; default to Anumana (inferential argumentative span),,,
essay334,Claim,we cannot deny machines are play a vital role in people living and working,Anumana,No strong cue; default to Anumana (inferential argumentative span),,,
essay334,MajorClaim,problems posed by machines should draws more attentions as well,Anumana,No strong cue; default to Anumana (inferential argumentative span),,,
essay071,MajorClaim,"while some of them are disturbing, we can not overlook other merits the advertisements bring",Anumana,No strong cue; default to Anumana (inferential argumentative span),,,
essay047,Premise,Given the fact that human beings are responsible for the heavy pollution and severe damage to the natural habitats of many wild animals,Anumana,No strong cue; default to Anumana (inferential argumentative span),,,
essay006,MajorClaim,"studying abroad does not only have advantages, but also can change us in a very positive way",Anumana,No strong cue; default to Anumana (inferential argumentative span),,,
essay274,Premise,he hardly cared about something else,Anumana,No strong cue; default to Anumana (inferential argumentative span),,,
essay173,MajorClaim,"zoos provide social interaction, education, and develop qualities such as animal respect and understanding",Anumana,No strong cue; default to Anumana (inferential argumentative span),,,
essay181,Claim,building the university may lead to some social problems,Anumana,No strong cue; default to Anumana (inferential argumentative span),,,
essay216,Premise,"in my country, buses are attributed to the cause of skyrocketing of accidents",Anumana,No strong cue; default to Anumana (inferential argumentative span),,,
essay153,MajorClaim,students understanding the money management techniques will have more positive effects than negative impact,Anumana,No strong cue; default to Anumana (inferential argumentative span),,,
essay292,MajorClaim,children should not be allowed to play computer games,Anumana,No strong cue; default to Anumana (inferential argumentative span),,,
essay107,MajorClaim,concerns to save Earth are vital,Anumana,No strong cue; default to Anumana (inferential argumentative span),,,
essay053,MajorClaim,human being should behave as a guardian to animals rather than as their lord or masters,Anumana,No strong cue; default to Anumana (inferential argumentative span),,,
essay183,MajorClaim,I personally consider this fact as the harmful thing that television has brought upon us,Anumana,No strong cue; default to Anumana (inferential argumentative span),,,
essay307,Claim,television and newspapers focus on famous peoples' lives in order to increase their audience or readership,Anumana,No strong cue; default to Anumana (inferential argumentative span),,,
essay239,MajorClaim,people should be polite to others in a such busy and crowded world,Anumana,No strong cue; default to Anumana (inferential argumentative span),,,
essay057,MajorClaim,creative artists must be given the freedom to express their ideas without any restrictions,Anumana,No strong cue; default to Anumana (inferential argumentative span),,,
essay257,Claim,luck is one factor in reaching goal,Anumana,No strong cue; default to Anumana (inferential argumentative span),,,
essay247,Claim,Many people are now able to maintain relationships over great distances,Anumana,No strong cue; default to Anumana (inferential argumentative span),,,
essay235,Claim,The idea of free of charge education inspires those scholars who really want to put their efforts and get a degree from best universities,Anumana,No strong cue; default to Anumana (inferential argumentative span),,,
essay181,Claim,"There are many advantages setting up the university such as more opportunities to people in the community to pursue their studies, creation of jobs",Shabda,Matched Shabda cues: studies,,,
essay372,MajorClaim,there should never be any replacement for traditional skills or ways of life,Anumana,No strong cue; default to Anumana (inferential argumentative span),,,
essay270,MajorClaim,the ability to plan and organize is undoubtedly a powerful and sharp weapon that we must be armed with,Anumana,No strong cue; default to Anumana (inferential argumentative span),,,
essay265,MajorClaim,we should notice to both of them,Anumana,No strong cue; default to Anumana (inferential argumentative span),,,
essay073,Premise,Academic textbooks these days are laden with words besides pictures to guide the readers to comprehend better,Anumana,No strong cue; default to Anumana (inferential argumentative span),,,
essay285,Premise,"in biology class, learning anatomy by operating fog have many benefits",Anumana,No strong cue; default to Anumana (inferential argumentative span),,,
essay039,Premise,"it is the earth which goes around the sun, not vice versa",Anumana,No strong cue; default to Anumana (inferential argumentative span),,,
essay130,MajorClaim,the tourism sector is desirable for its important socioeconomic advantages,Anumana,No strong cue; default to Anumana (inferential argumentative span),,,
essay393,Premise,the press provide the public with criminal content in order to increase newspaper circulation and TV rating,Anumana,No strong cue; default to Anumana (inferential argumentative span),,,
essay093,Premise,"The underdeveloped nations, in return, may export local agricultural products, mineral products with discount to the former, boosting each other's economy",Anumana,No strong cue; default to Anumana (inferential argumentative span),,,
essay386,Claim,"when it comes to knowledge and the acquisition of such, classmates are second to none",Anumana,No strong cue; default to Anumana (inferential argumentative span),,,
essay106,MajorClaim,the move will do more good by looking at the quality of health and image of a nation in long run,Anumana,No strong cue; default to Anumana (inferential argumentative span),,,
essay250,MajorClaim,they do deserve this high payment,Anumana,No strong cue; default to Anumana (inferential argumentative span),,,
essay163,Premise,I will absolutely choose a place to live that is not too far from my workplace,Anumana,No strong cue; default to Anumana (inferential argumentative span),,,
essay357,MajorClaim,physical inactivity should not be encouraged for the aim of bettering youngsters' skills,Anumana,No strong cue; default to Anumana (inferential argumentative span),,,
essay048,MajorClaim,distance-learning will become increasingly important in the future as the pace of life increases,Anumana,No strong cue; default to Anumana (inferential argumentative span),,,
essay192,MajorClaim,spending time with a large number of friends can add more to one's life,Anumana,No strong cue; default to Anumana (inferential argumentative span),,,
essay165,Premise,she rarely went to class but spent most time to understand confusing topic,Anumana,No strong cue; default to Anumana (inferential argumentative span),,,
essay395,Claim,such tax payments are unfair for them,Anumana,No strong cue; default to Anumana (inferential argumentative span),,,
essay184,MajorClaim,watching the match live at the stadium is more enjoyable,Anumana,No strong cue; default to Anumana (inferential argumentative span),,,
essay186,Premise,the society will be stable and harmony due to more farmland and industry,Anumana,No strong cue; default to Anumana (inferential argumentative span),,,
essay288,Premise,people use less their own cars,Anumana,No strong cue; default to Anumana (inferential argumentative span),,,
essay230,MajorClaim,to encourage children taking a part-time job is a good choice for them to get prepared for adult life,Anumana,No strong cue; default to Anumana (inferential argumentative span),,,
essay380,MajorClaim,"it disadvantages may outweigh its advantages with regard to economic and politic issues, making it advisable to seek another options to reduce the use of personal cars",Anumana,No strong cue; default to Anumana (inferential argumentative span),,,
essay226,Claim,life changes rapidly,Anumana,No strong cue; default to Anumana (inferential argumentative span),,,
essay206,MajorClaim,I would prefer to live in a small town,Anumana,No strong cue; default to Anumana (inferential argumentative span),,,
essay370,Premise,"In the past, there used to be World Wide Web or e-mail, but the cyber world now varies form games, online TV shows to means of communication, and probably still keeps going",Anumana,No strong cue; default to Anumana (inferential argumentative span),,,
essay166,MajorClaim,I would prefer to live in a city,Anumana,No strong cue; default to Anumana (inferential argumentative span),,,
essay375,MajorClaim,"no matter how widely they are spoken, every language should be protected from being disappeared",Anumana,No strong cue; default to Anumana (inferential argumentative span),,,
essay241,Claim,the city provides better communication,Anumana,No strong cue; default to Anumana (inferential argumentative span),,,
essay167,Claim,they enabled easier access to information and increased qualities of the communication,Anumana,No strong cue; default to Anumana (inferential argumentative span),,,
essay255,Claim,a personal car uses is in need,Anumana,No strong cue; default to Anumana (inferential argumentative span),,,
essay167,Premise,it is convenient,Anumana,No strong cue; default to Anumana (inferential argumentative span),,,
essay275,Claim,"Even in rich families if children did not learn to manage their own money, when they grow up they will become unappreciative and dependent persons who want to just used their parents prosperity",Anumana,No strong cue; default to Anumana (inferential argumentative span),,,
essay180,Premise,They bring hopes and inspire others with their generous spirit,Anumana,No strong cue; default to Anumana (inferential argumentative span),,,
essay384,MajorClaim,violent contents must be excluded from all kidvids in order to reduce the proportion of juvenile delinquency,Anumana,No strong cue; default to Anumana (inferential argumentative span),,,
essay074,MajorClaim,all languages should be preserved and developed as much as possible,Anumana,No strong cue; default to Anumana (inferential argumentative span),,,
essay325,Claim,the ability to adapt oneself to the new environment has been proven to be part of job,Anumana,No strong cue; default to Anumana (inferential argumentative span),,,
essay020,MajorClaim,both companies and private individuals should take the main part to clean up the air pollution,Anumana,No strong cue; default to Anumana (inferential argumentative span),,,
essay384,MajorClaim,"governments should definitely reduce violent components to the minimum in kidvids, while such contents remain in the TV shows that for mature minds to watch would be entirely reasonable",Anumana,No strong cue; default to Anumana (inferential argumentative span),,,
essay124,Claim,in this age they are not expected to be responsible,Anumana,No strong cue; default to Anumana (inferential argumentative span),,,
essay084,Claim,"till now, there are no surveys or evidences that prove this method in effective in reducing the rate of unemployment",Anumana,No strong cue; default to Anumana (inferential argumentative span),,,
essay401,Claim,The second reason why I believe that fatherood is as important as motherhood is the dynamics of the relationships today,Anumana,No strong cue; default to Anumana (inferential argumentative span),,,
essay237,Premise,Most of the foods they eat are fat foods like chips or pizzas,Upamana,Matched Upamana cues: like,,,
essay188,MajorClaim,Including physical activity in children's school day should be strongly considered,Anumana,No strong cue; default to Anumana (inferential argumentative span),,,
essay098,Claim,"when children take jobs, they tend to be more responsibl",Anumana,No strong cue; default to Anumana (inferential argumentative span),,,
essay064,Claim,it is the educational functions traditional games hold that keep them alive today,Anumana,No strong cue; default to Anumana (inferential argumentative span),,,
essay301,Premise,"When the distance is longer and harder to achieve, a runner who can go beyond his limit will proud of himself",Anumana,No strong cue; default to Anumana (inferential argumentative span),,,
essay299,Claim,it is very easy to learn a foreign in our own country,Anumana,No strong cue; default to Anumana (inferential argumentative span),,,
essay344,Premise,the modern artists who implement their creative thinking onto high value creation are paid with immense sum by the art collector,Anumana,No strong cue; default to Anumana (inferential argumentative span),,,
essay043,MajorClaim,"large scale sports games make people focus on attractive contests instead of international disputes, and help them being proud of their nation",Anumana,No strong cue; default to Anumana (inferential argumentative span),,,
essay291,Premise,College and university do not want people who not qualify for to waste their money in these expensive courses and waste their time,Anumana,No strong cue; default to Anumana (inferential argumentative span),,,
essay125,Claim,they can gain a deep sight into what are they studying,Anumana,No strong cue; default to Anumana (inferential argumentative span),,,
essay142,Premise,more pension have to spend for Medicare instead of investing in other sectors of the economic system,Anumana,No strong cue; default to Anumana (inferential argumentative span),,,
essay373,MajorClaim,it is no evidence about the reduction of crime rates due to the death penalty,Anumana,No strong cue; default to Anumana (inferential argumentative span),,,
essay297,Claim,online classes have some advantages so they could be used as supplementary,Anumana,No strong cue; default to Anumana (inferential argumentative span),,,
essay245,Premise,You should not worry about interrupting an important conversation or some other business,Anumana,No strong cue; default to Anumana (inferential argumentative span),,,
essay174,Claim,most serious movies have a wide variety of content,Anumana,No strong cue; default to Anumana (inferential argumentative span),,,
essay051,Claim,investing in libraries has a long-time result,Anumana,No strong cue; default to Anumana (inferential argumentative span),,,
essay223,Claim,television has useful and educational programs,Anumana,No strong cue; default to Anumana (inferential argumentative span),,,
essay375,MajorClaim,it will definitely impact seriously on many other aspects especially in the loss of our cultural heritages,Anumana,No strong cue; default to Anumana (inferential argumentative span),,,
essay236,MajorClaim,a professor should do their research all the time during their careers as a teacher in university,Anumana,No strong cue; default to Anumana (inferential argumentative span),,,
essay186,Claim,protecting endangered animals is necessary,Anumana,No strong cue; default to Anumana (inferential argumentative span),,,
essay160,Premise,"a women steals feed for her child should be treated same as a women, who steals for her drug addiction",Anumana,No strong cue; default to Anumana (inferential argumentative span),,,
essay097,MajorClaim,popular sports events can help reduce international tensions remarkably and promote national prides safely,Anumana,No strong cue; default to Anumana (inferential argumentative span),,,
essay203,MajorClaim,I strongly believe in hard working that would not easily disappoint you as luck sometimes does,Anumana,No strong cue; default to Anumana (inferential argumentative span),,,
essay061,MajorClaim,"The whole world is dependent on computers, without which, the world will go back hundreds of years",Anumana,No strong cue; default to Anumana (inferential argumentative span),,,
essay078,Premise,"some countries may place economic developments ahead of environmental protection, thus ruining the local environments",Anumana,Matched Anumana cues: thus,,,
essay136,MajorClaim,both alternative sources and traditional teaching methods from educators are equally important in children's acquisition of knowledge,Anumana,No strong cue; default to Anumana (inferential argumentative span),,,
essay119,Premise,This is where the computer proves to be incompetent,Anumana,No strong cue; default to Anumana (inferential argumentative span),,,
essay394,MajorClaim,"handwriting is still a needed skill for all of people, especially students at the early age",Anumana,No strong cue; default to Anumana (inferential argumentative span),,,
essay013,Premise,"Bill Gates was attracted by the original huge computer, then he did everything he could to understand how it worked",Anumana,No strong cue; default to Anumana (inferential argumentative span),,,
essay119,MajorClaim,at no time will the unique role of human teachers be replaced,Anumana,No strong cue; default to Anumana (inferential argumentative span),,,
essay110,Premise,being a citizen in society should protect the country's culture and history,Anumana,No strong cue; default to Anumana (inferential argumentative span),,,
essay221,Premise,"That also make money flow, and then economics become better",Anumana,No strong cue; default to Anumana (inferential argumentative span),,,
essay111,MajorClaim,primates should have the same rights as human beings,Anumana,No strong cue; default to Anumana (inferential argumentative span),,,
essay211,MajorClaim,schools should not remove these subjects,Anumana,No strong cue; default to Anumana (inferential argumentative span),,,
essay341,Claim,"the government authorities and education institutes should work closely together to promote the traditional skills and ways of life, so as to make people to realize the value of them",Shabda,Matched Shabda cues: authorities,,,
essay205,Claim,it improves the quality of student life as well as their learning motivation and teaches important life skills,Anumana,No strong cue; default to Anumana (inferential argumentative span),,,
essay124,MajorClaim,childhood is definitely the happiest time of people life in two main areas,Anumana,No strong cue; default to Anumana (inferential argumentative span),,,
essay138,Claim,traditional education has some merits like feedbacks and inspirations that cannot be replaced in the near future,Upamana,Matched Upamana cues: like,,,
essay358,MajorClaim,the option of working or studying from home is thought to provide more benefits than drawbacks,Anumana,No strong cue; default to Anumana (inferential argumentative span),,,
essay084,Premise,supplying hand phones to the unemployed is a waste of the taxpayers' money,Anumana,No strong cue; default to Anumana (inferential argumentative span),,,
essay005,Premise,the one will learn living without depending on anyone else,Anumana,No strong cue; default to Anumana (inferential argumentative span),,,
essay363,Claim,machines make work easy and smooth,Anumana,No strong cue; default to Anumana (inferential argumentative span),,,
essay260,Premise,"As living in a competent world, we are like playing a survival game",Upamana,Matched Upamana cues: like,,,
essay104,Claim,"the Internet is an adequate source of academic information, which will potentially fulfill the needs of university pupils",Anumana,No strong cue; default to Anumana (inferential argumentative span),,,
essay020,MajorClaim,more responsibilities should put on private individuals and companies such as paying to clean up air pollution,Anumana,No strong cue; default to Anumana (inferential argumentative span),,,
essay270,Claim,it is not need for young people to possess this ability,Anumana,No strong cue; default to Anumana (inferential argumentative span),,,
essay381,Premise,we need to consider that police armed with guns or any other kinds of legal weapons just attempts to protect not only civilians but also himself,Anumana,No strong cue; default to Anumana (inferential argumentative span),,,
essay118,MajorClaim,"their salary at a lower level would be more appropriate compared with other peoples in scientific or social, economic fields",Anumana,No strong cue; default to Anumana (inferential argumentative span),,,
essay339,Claim,Competitive children are more likely to be confident enough to handle the situations independently,Anumana,Matched Anumana cues: likely,,,
essay026,Premise,there are usually some articles in newspapers and magazines which report the relationship between certain chemical components in some food and diseases,Anumana,No strong cue; default to Anumana (inferential argumentative span),,,
essay078,Claim,the economic development and environmental protection can be conflicting,Anumana,No strong cue; default to Anumana (inferential argumentative span),,,
essay018,Premise,nowadays women are working in home as well as in the sky,Anumana,No strong cue; default to Anumana (inferential argumentative span),,,
essay239,Claim,a person with good manner will give others a fine personal impression,Anumana,No strong cue; default to Anumana (inferential argumentative span),,,
essay023,Claim,some harmful effects on our health are lethal,Anumana,No strong cue; default to Anumana (inferential argumentative span),,,
essay189,MajorClaim,for a teenager it is important to pay attention on their studies,Shabda,Matched Shabda cues: studies,,,
essay177,Premise,"Unlike traditional classes, distance education courses don't take place in a classroom, where you are surrounded by your teachers and classmates",Upamana,Matched Upamana cues: like,,,
essay198,Claim,the using of public transportation reduces the amount of resources using on transportation,Anumana,No strong cue; default to Anumana (inferential argumentative span),,,
essay023,Claim,it has a number of problems that should be well handled,Anumana,No strong cue; default to Anumana (inferential argumentative span),,,
essay044,Premise,To generate such a vast energy the fundamental resources are falling short,Anumana,No strong cue; default to Anumana (inferential argumentative span),,,
essay266,Claim,advertising is not entirely decisive on personal eating habit,Anumana,No strong cue; default to Anumana (inferential argumentative span),,,
essay324,Claim,"doing same task day and night just server to increase our psychological burden, connecting with different types of job is capable give us more colors to our life",Anumana,No strong cue; default to Anumana (inferential argumentative span),,,
essay186,Premise,we can invent new technique to help endangered animals to produce offspring to be sure they would not distinct,Anumana,No strong cue; default to Anumana (inferential argumentative span),,,
essay233,MajorClaim,ease to prepare food has improved people’s lives,Anumana,No strong cue; default to Anumana (inferential argumentative span),,,
essay026,Claim,the invention of prepared foods definitely satisfies the demand of some people who are busy in their work,Anumana,No strong cue; default to Anumana (inferential argumentative span),,,
essay320,Claim,working alone allows me to avoid spending time and efforts on many things that are an integral part of teamwork,Anumana,No strong cue; default to Anumana (inferential argumentative span),,,
essay266,Premise,the advertising industry bolsters people's awareness of having a healthy lifestyle,Anumana,No strong cue; default to Anumana (inferential argumentative span),,,
essay238,MajorClaim,it's fun and educational,Anumana,No strong cue; default to Anumana (inferential argumentative span),,,
essay262,Claim,young people in this generation are exposed to more creative ideas and rather think individually,Anumana,No strong cue; default to Anumana (inferential argumentative span),,,
essay374,Claim,the zoo also serve as a means of ecological protection,Anumana,No strong cue; default to Anumana (inferential argumentative span),,,
essay031,MajorClaim,alternative forms of transport and international laws on controlling automobiles are necessary due to the environmental protection and the alleviation of traffic congestion,Anumana,No strong cue; default to Anumana (inferential argumentative span),,,
essay140,Premise,"In India, for example, female students are more often likely to grab more number of top scorer positions in every year higher secondary school examinations",Anumana,Matched Anumana cues: likely,,,
essay067,Premise,the audiences have their own judgement and are not likely to be misled or influenced by some art work,Anumana,Matched Anumana cues: likely,,,
essay379,Premise,"they are doing what they love, their income however seems to be quite low compared to many other career paths",Anumana,No strong cue; default to Anumana (inferential argumentative span),,,
essay225,MajorClaim,"Childhood, in several aspects, is the happiest period of our lives",Anumana,No strong cue; default to Anumana (inferential argumentative span),,,
essay213,Premise,The apperant example is that there are a lot of tests that do not allow team-working,Anumana,No strong cue; default to Anumana (inferential argumentative span),,,
essay398,MajorClaim,"it is necessary for universities to respect the individual choice of subject due to the diversity of boys and girls, and we ca not forcedly put the same numbers of males and females into every subject",Anumana,No strong cue; default to Anumana (inferential argumentative span),,,
essay323,Premise,"when we grow bigger, they teach us many fairy tales and several important ethic lessons that affect us till the end of our lives",Anumana,No strong cue; default to Anumana (inferential argumentative span),,,
essay141,Claim,we are capable of stating that it is important to talk to people face-to-face,Anumana,No strong cue; default to Anumana (inferential argumentative span),,,
essay068,MajorClaim,What the government should do immediately is to strengthen censorship to control the amount of violence in media,Anumana,No strong cue; default to Anumana (inferential argumentative span),,,
essay153,Claim,teenage students need to understand the money management basics,Anumana,No strong cue; default to Anumana (inferential argumentative span),,,
essay227,Premise,Space exploration has used as a tools for military power in the cold war,Anumana,No strong cue; default to Anumana (inferential argumentative span),,,
essay304,Premise,"As we destroy the natural habitat, like forests, jungles and lakes, to make place for our industry and farmland, we rob the ecosystem",Upamana,Matched Upamana cues: like,,,
essay092,Premise,"When individuals keep the habit of grasping the world's cutting-edge fashion information, they are gradually changing their attitudes to viewing the world, which means they are more open to accept diverse voices from people around the world",Anumana,No strong cue; default to Anumana (inferential argumentative span),,,
essay199,Premise,"when I fix my study plan with a specific time and finish it on time, it improves my ability in the future to become more precise and careful",Anumana,No strong cue; default to Anumana (inferential argumentative span),,,
essay345,MajorClaim,"I would strongly emphasis and recommend, Government must include the clause of maximum number of working hours in its Labor Law and enforce to all companies for ensuring their employees do not spend extended hours in companies",Anumana,No strong cue; default to Anumana (inferential argumentative span),,,
essay120,Claim,capital punishment presents an extreme warning to the community,Anumana,No strong cue; default to Anumana (inferential argumentative span),,,
essay399,Premise,The first impression of the celebrities seems that they are rich while not having to work hard,Anumana,No strong cue; default to Anumana (inferential argumentative span),,,
essay169,MajorClaim,professors should spend more time on preparing courses than research,Anumana,No strong cue; default to Anumana (inferential argumentative span),,,
essay201,Premise,sponsoring conservation is a more efficient method of advertising,Anumana,No strong cue; default to Anumana (inferential argumentative span),,,
essay162,MajorClaim,the drawbacks of cheap air fares outweigh the benefits,Anumana,No strong cue; default to Anumana (inferential argumentative span),,,
essay060,Premise,"Financially, students can save a little money to support their university education by doing a job",Anumana,No strong cue; default to Anumana (inferential argumentative span),,,
essay336,Premise,Fame is a great responsibility for public people as their admirers are very sensitive to any acts of their idols,Anumana,No strong cue; default to Anumana (inferential argumentative span),,,
essay164,MajorClaim,providing professional training can be effective in encouraging further good work,Anumana,No strong cue; default to Anumana (inferential argumentative span),,,
essay018,MajorClaim,universities must open choice for everyone to select his subject,Anumana,No strong cue; default to Anumana (inferential argumentative span),,,
essay383,MajorClaim,technology has a great contribution to our lives and civilization,Anumana,No strong cue; default to Anumana (inferential argumentative span),,,
essay004,Claim,tourism has threatened the nature environments,Anumana,No strong cue; default to Anumana (inferential argumentative span),,,
essay010,Claim,governments have to turn people' attention on public vehicles to reduce cars and motorbikes,Anumana,No strong cue; default to Anumana (inferential argumentative span),,,
essay363,Claim,The negative effects on health can be put on the back seat,Anumana,No strong cue; default to Anumana (inferential argumentative span),,,
essay113,Claim,"for the issue of education fee, richer countries should offer scholarships and loan to the qualified students",Anumana,No strong cue; default to Anumana (inferential argumentative span),,,
essay080,Premise,This is so unfair for them to be taken out of their natural environment and to be kept in small enclosures,Anumana,No strong cue; default to Anumana (inferential argumentative span),,,
essay003,Claim,tourism has survived many non-tangible cultural values and beauty scenes,Anumana,No strong cue; default to Anumana (inferential argumentative span),,,
essay271,Claim,attending to classes makes students more attentive and have them to do their studies on time that this attitude lead them to success,Shabda,Matched Shabda cues: studies,,,
essay089,MajorClaim,"nowadays humans need farmland, housing and industry",Anumana,No strong cue; default to Anumana (inferential argumentative span),,,
essay270,Premise,"If some employees lack the ability to plan and organize ahead, they may get the procrastination and therefore take into action until the deadline is imminent",Anumana,Matched Anumana cues: therefore,,,
essay052,Claim,we still need preserve other languages for sake of keeping the linguistic and cultural diversity,Anumana,No strong cue; default to Anumana (inferential argumentative span),,,
essay220,MajorClaim,staying longer with parents is a better choice,Anumana,No strong cue; default to Anumana (inferential argumentative span),,,
essay291,MajorClaim,Studying in college and university is a great opportunity that all students should have,Anumana,No strong cue; default to Anumana (inferential argumentative span),,,
essay159,Claim,many young owners of cellular phones are struggling at school because they are distracted most of the time with their phones,Anumana,Matched Anumana cues: because,,,
essay131,Premise,The investment could be paid back through the values of the created works of art which as a matter of fact should be considered as national possessions,Anumana,No strong cue; default to Anumana (inferential argumentative span),,,
essay299,Claim,It is cost effective and there is a pool of opportunities available now to accomplish the same,Anumana,No strong cue; default to Anumana (inferential argumentative span),,,
essay334,Premise,"machines never ask for salary, over-time pay or pension",Anumana,No strong cue; default to Anumana (inferential argumentative span),,,
essay317,MajorClaim,every experience in life whether it is good or bad always gives us something to learn and keep for life,Anumana,No strong cue; default to Anumana (inferential argumentative span),,,
essay085,MajorClaim,CCTV cameras are essential and therefore must be installed in every premise,Anumana,Matched Anumana cues: therefore,,,
essay070,MajorClaim,addressing pollution and traffic issues only by increasing oil price is not adequate,Anumana,No strong cue; default to Anumana (inferential argumentative span),,,
essay121,MajorClaim,"all companies, factories and businesses should be monitored by governments and executive, and they do not have to let do anything they want just due to making profit",Anumana,No strong cue; default to Anumana (inferential argumentative span),,,
essay295,Claim,being without a teacher has shortcomings,Anumana,No strong cue; default to Anumana (inferential argumentative span),,,
essay397,Claim,Many old traditionally cultural things have long gone as a result of modern technology,Anumana,No strong cue; default to Anumana (inferential argumentative span),,,
essay161,Premise,"If you spend your spare time at home or something like that, you can't enjoy beautiful nature",Upamana,Matched Upamana cues: like,,,
essay402,MajorClaim,both studying hard at school and playing sports can improve children's future,Anumana,No strong cue; default to Anumana (inferential argumentative span),,,
essay082,Premise,customers of telecommunication services will have an idea about the current offers of different companies,Anumana,No strong cue; default to Anumana (inferential argumentative span),,,
essay159,MajorClaim,the negative impacts brought about by mobile phones are harmful to a person’s education and character,Anumana,No strong cue; default to Anumana (inferential argumentative span),,,
essay030,Claim,I don't think it is also fair for the government as the government has been paying a lot of money for their students' primary and secondary education,Anumana,No strong cue; default to Anumana (inferential argumentative span),,,
essay068,Premise,they regard the violence as reasonable and justifiable,Anumana,No strong cue; default to Anumana (inferential argumentative span),,,
essay347,Premise,It is unlikely to buy things impulsively for adults who have concern of arranging disposable income,Anumana,Matched Anumana cues: likely,,,
essay385,Premise,"Many baggers chose to be a pickpocket in the public transport, for instance",Anumana,No strong cue; default to Anumana (inferential argumentative span),,,
essay178,MajorClaim,"I advocate building a big shopping center in my neighborhood, which will be beneficial to our community",Anumana,No strong cue; default to Anumana (inferential argumentative span),,,
essay114,MajorClaim,"I do not agree that this explosion in technology will 'innovate' the education system, by replacing teachers with computers",Anumana,No strong cue; default to Anumana (inferential argumentative span),,,
essay393,MajorClaim,any descriptions of crimes should not go unchecked as any longer,Anumana,No strong cue; default to Anumana (inferential argumentative span),,,
essay351,Premise,"people, who work in monotonous jobs, where no achievements or a new positions can be reached feel themselves more dissatisfied, even though they have a very good salaries",Anumana,No strong cue; default to Anumana (inferential argumentative span),,,
essay223,Claim,the television can have violent programs,Anumana,No strong cue; default to Anumana (inferential argumentative span),,,
essay175,Claim,sensationalism distract the viewers from public or social problems,Anumana,No strong cue; default to Anumana (inferential argumentative span),,,
essay142,Claim,the increase in life expectancy has some pressure on the Medicare system,Anumana,No strong cue; default to Anumana (inferential argumentative span),,,
essay361,MajorClaim,by allowing students to watch TV at both school and house can adversely impact on their overall growth,Anumana,No strong cue; default to Anumana (inferential argumentative span),,,
essay255,Premise,a public transportation can't meet every place,Anumana,No strong cue; default to Anumana (inferential argumentative span),,,
essay371,MajorClaim,people avoid eating meat mostly for the sake of their health and relegious aspect,Anumana,No strong cue; default to Anumana (inferential argumentative span),,,
essay053,Claim,"Human being has driven many animals for their personal use such as, cows and other milch animals for yielding milk from them",Anumana,No strong cue; default to Anumana (inferential argumentative span),,,
essay057,Premise,creativity also gives aesthetic charm,Anumana,No strong cue; default to Anumana (inferential argumentative span),,,
essay022,Claim,"it is a loss of national productivity that young people spend much time on searching for high salary jobs, even can be a sheer time-consuming",Anumana,No strong cue; default to Anumana (inferential argumentative span),,,
essay259,MajorClaim,working in the office is obviously better than working at home in terms of efficiency,Anumana,No strong cue; default to Anumana (inferential argumentative span),,,
essay212,MajorClaim,the immigrants should follow the customs in the new country,Anumana,No strong cue; default to Anumana (inferential argumentative span),,,
essay114,MajorClaim,there can be no school without a teacher,Anumana,No strong cue; default to Anumana (inferential argumentative span),,,
essay216,Claim,spending on renovating the highways and roads can improve the quality,Anumana,No strong cue; default to Anumana (inferential argumentative span),,,
essay087,MajorClaim,people that have their own business are more comfortable,Anumana,No strong cue; default to Anumana (inferential argumentative span),,,
essay370,MajorClaim,there have to be some alterations before IT has more serious impact on each individual's life,Anumana,No strong cue; default to Anumana (inferential argumentative span),,,
essay057,Premise,This type of approach is a hurdle in promoting creative minds,Anumana,No strong cue; default to Anumana (inferential argumentative span),,,
essay329,MajorClaim,"it is necessary to have courage to take risks, be different and pursue your dream to have a successful life",Anumana,No strong cue; default to Anumana (inferential argumentative span),,,
essay178,Premise,"with sales promotion, it is easy for consumers to compare the price of the same merchandise before they buy",Anumana,No strong cue; default to Anumana (inferential argumentative span),,,
essay327,Premise,Having knowledge about other countries and their languages lead to extend the child's vision,Anumana,No strong cue; default to Anumana (inferential argumentative span),,,
essay274,MajorClaim,you should focus on what you are good at,Anumana,No strong cue; default to Anumana (inferential argumentative span),,,
essay020,Premise,The waste products and harmful gases produced by these factories cause a significant amount of air pollution,Anumana,No strong cue; default to Anumana (inferential argumentative span),,,
essay381,Claim,a society that its police force carries guns will be definitely seen as a highly violent one,Anumana,No strong cue; default to Anumana (inferential argumentative span),,,
essay104,MajorClaim,I would like to reiterate the necessity of the Internet in learning process,Upamana,Matched Upamana cues: like,,,
essay393,MajorClaim,"such details should be strictly censored, if not banned altogether",Anumana,No strong cue; default to Anumana (inferential argumentative span),,,
essay194,Premise,they did not wanted to eat their meals and then excused themselves saying that it was a way to train the animals,Anumana,No strong cue; default to Anumana (inferential argumentative span),,,
essay133,MajorClaim,"in era technology like this age, computer becomes important thing in human life",Upamana,Matched Upamana cues: like,,,
essay295,MajorClaim,I prefer to learn with a teacher rather than learn by myself,Anumana,No strong cue; default to Anumana (inferential argumentative span),,,
essay115,MajorClaim,the demerits of applying these new developments in the agriculture industry cannot be overlooked,Anumana,No strong cue; default to Anumana (inferential argumentative span),,,
essay050,MajorClaim,An integration of music into learning process bound to be successful when it is not compulsory,Anumana,No strong cue; default to Anumana (inferential argumentative span),,,
essay155,Claim,Smoking in restaurants can give a bad example to the children,Anumana,No strong cue; default to Anumana (inferential argumentative span),,,
essay297,MajorClaim,the classroom learning is the best way to provide education for these reasons,Anumana,No strong cue; default to Anumana (inferential argumentative span),,,
essay293,Premise,sometimes we have to use emails if the team members are not located in the same place,Anumana,No strong cue; default to Anumana (inferential argumentative span),,,
essay133,Premise,"This is due to using computer more efficient and, many workers cannot do more in work without computer",Anumana,No strong cue; default to Anumana (inferential argumentative span),,,
essay378,Claim,teaching staff are professional and experienced in terms of promoting children's communication skills,Anumana,No strong cue; default to Anumana (inferential argumentative span),,,
essay171,Premise,there is nothing more important than health in a human's life and the happiness and welfare come with health,Anumana,No strong cue; default to Anumana (inferential argumentative span),,,
essay141,MajorClaim,the best way of communication is by means of face-to-face,Anumana,No strong cue; default to Anumana (inferential argumentative span),,,
essay343,MajorClaim,advertisement bring more benefits than harms to our lives,Anumana,No strong cue; default to Anumana (inferential argumentative span),,,
essay092,Claim,"creative design talents can value their own dressing ideas, developing their own fashion styles as they like",Upamana,Matched Upamana cues: like,,,
essay008,MajorClaim,a government should spare effort on young children education as well as universities,Anumana,No strong cue; default to Anumana (inferential argumentative span),,,
essay059,Claim,capital punishment protects the society from hardcore criminals,Anumana,No strong cue; default to Anumana (inferential argumentative span),,,
essay051,Premise,sport activities have a good income,Anumana,No strong cue; default to Anumana (inferential argumentative span),,,
essay294,Premise,I still remembered that my professor took part in several research projects when I was in college,Anumana,No strong cue; default to Anumana (inferential argumentative span),,,
essay308,Claim,I want to live here,Anumana,No strong cue; default to Anumana (inferential argumentative span),,,
essay113,MajorClaim,"richer nations should take more responsibility for helping the poorer nations in all health, education and trade",Anumana,No strong cue; default to Anumana (inferential argumentative span),,,
essay394,Claim,handwriting still plays a vital role in students' learning,Anumana,No strong cue; default to Anumana (inferential argumentative span),,,
essay190,MajorClaim,"In modern life, zoos have become even more important in serving as places for people to study and enjoy the nature while a lot of natural destruction is made to build towers and skyscrapers",Anumana,No strong cue; default to Anumana (inferential argumentative span),,,
essay355,Premise,The introduction of foreign language will be new to them,Anumana,No strong cue; default to Anumana (inferential argumentative span),,,
essay137,Claim,these sports events are not essential in other issues such as politics or other international affairs,Anumana,No strong cue; default to Anumana (inferential argumentative span),,,
essay249,Claim,"children are poor at time management, and are less mature to make a good judgment, they cannot be too serious to be taken care when watching TV and movies",Anumana,No strong cue; default to Anumana (inferential argumentative span),,,
essay056,Claim,No one can deny the huge benefits of the trend that English is being accepted universally,Anumana,No strong cue; default to Anumana (inferential argumentative span),,,
essay150,Claim,reading a novel is more convenient,Anumana,No strong cue; default to Anumana (inferential argumentative span),,,
essay395,MajorClaim,taxes paying for state schools are necessary to be compulsory for all members of society no matter where their children enroll in,Anumana,No strong cue; default to Anumana (inferential argumentative span),,,
essay077,Claim,complained about the drawbacks of zoos are often heard,Anumana,No strong cue; default to Anumana (inferential argumentative span),,,
essay209,MajorClaim,it will yield more negative results than positive ones,Anumana,No strong cue; default to Anumana (inferential argumentative span),,,
essay028,MajorClaim,modern society needs advertising,Anumana,No strong cue; default to Anumana (inferential argumentative span),,,
essay167,MajorClaim,computers brought convenience and easiness to our life,Anumana,No strong cue; default to Anumana (inferential argumentative span),,,
essay349,Premise,these subject are necessary for students' future,Anumana,No strong cue; default to Anumana (inferential argumentative span),,,
essay392,MajorClaim,"the government and corporations should take more responsibility for addressing environmental issues, but every citizen also can contribute to the environment",Anumana,No strong cue; default to Anumana (inferential argumentative span),,,
essay006,Premise,Learning about others' cultures is so important,Anumana,No strong cue; default to Anumana (inferential argumentative span),,,
essay145,Claim,students would prefer school to spending on improving facilities,Anumana,No strong cue; default to Anumana (inferential argumentative span),,,
essay063,MajorClaim,people will spend less time in cooking food,Anumana,No strong cue; default to Anumana (inferential argumentative span),,,
essay355,MajorClaim,"if this endeavour is properly implemented by schools, this will most likely lead to improvement of learning ability among children",Anumana,Matched Anumana cues: likely,,,
essay118,Claim,"their privilege of salary seems groundless, while the main work forces receive modest salaries which only enable them to afford bare necessities",Anumana,No strong cue; default to Anumana (inferential argumentative span),,,
essay326,MajorClaim,"computers have an important and inevitable role in economic, business, and other part of societies",Anumana,No strong cue; default to Anumana (inferential argumentative span),,,
essay078,MajorClaim,thriving economies and the preservation of ecosystems can be promoted simultaneously,Anumana,No strong cue; default to Anumana (inferential argumentative span),,,
essay281,Claim,government should invest to create more jobs,Anumana,No strong cue; default to Anumana (inferential argumentative span),,,
essay138,Claim,"traditional education has its advantages in face-to-face communication, mental inspiration and physical educations",Anumana,No strong cue; default to Anumana (inferential argumentative span),,,
essay249,Premise,"Recently, more and more children smoke",Anumana,No strong cue; default to Anumana (inferential argumentative span),,,
essay320,Premise,"To my rivals' surprise, being the only member of my own ""team"" I gained a victory",Anumana,No strong cue; default to Anumana (inferential argumentative span),,,
essay325,MajorClaim,the excellent knowledge will be of more importance,Anumana,No strong cue; default to Anumana (inferential argumentative span),,,
essay079,MajorClaim,the authorities should also respect the value of arts which are individually and socially advantageous,Shabda,Matched Shabda cues: authorities,,,
essay263,Claim,"if one can’t success one’s own major, what else things he can do in different filed",Anumana,No strong cue; default to Anumana (inferential argumentative span),,,
essay349,Claim,"students only need to study academic subjects like mathematics, physics",Upamana,Matched Upamana cues: like,,,
essay127,MajorClaim,People are put too much focus on making wealth and progress in technology,Anumana,No strong cue; default to Anumana (inferential argumentative span),,,
essay223,Premise,"Not only the up-to-date news, but also there are many programs which has educational purposes",Anumana,No strong cue; default to Anumana (inferential argumentative span),,,
essay394,Premise,It enables to improve learners' spelling capacity and accompany reading or writing disabilities as well,Anumana,No strong cue; default to Anumana (inferential argumentative span),,,
essay211,MajorClaim,"non-academic subjects should be completely removed, I strongly disagree with that",Anumana,No strong cue; default to Anumana (inferential argumentative span),,,
essay350,Claim,"considering the current infrastructure and mindset of people, paper media will continue for another few years",Anumana,No strong cue; default to Anumana (inferential argumentative span),,,
essay075,Premise,"In order to make people better off, it is more urgent for governments to commit money to some fundamental help such as setting more scholarships in education section for all citizens",Anumana,No strong cue; default to Anumana (inferential argumentative span),,,
essay242,MajorClaim,it is far better to protect our living environment rather than focus on job or work,Anumana,No strong cue; default to Anumana (inferential argumentative span),,,
essay014,Claim,teachers teach us knowledge but also the skills to tell right from wrong,Anumana,No strong cue; default to Anumana (inferential argumentative span),,,
essay260,Claim,being unique can create your own value which can never be taken by others,Anumana,No strong cue; default to Anumana (inferential argumentative span),,,
essay050,Premise,"students can not obtain supposed impacts, unless they get interested in it more seriously",Anumana,No strong cue; default to Anumana (inferential argumentative span),,,
essay055,MajorClaim,I do support the view of learning all school subjects,Anumana,No strong cue; default to Anumana (inferential argumentative span),,,
essay177,Claim,there is an advantage of traditional school - socialization- establishes relationship with classmates,Anumana,No strong cue; default to Anumana (inferential argumentative span),,,
essay343,Claim,"it is undeniable fact that advertising market gives lots of working opportunities from producers, writers to models and cameramen for all of people as long as their qualification adapt to the demands",Anumana,No strong cue; default to Anumana (inferential argumentative span),,,
essay148,Premise,"two days ago, I went to a Canadian restaurant, and I ate noodle, sushi, which are Chinese foods, and Greek salad",Anumana,No strong cue; default to Anumana (inferential argumentative span),,,
essay265,MajorClaim,both the ability to relate well to people and studying hard in school are important for success in a future job,Anumana,No strong cue; default to Anumana (inferential argumentative span),,,
essay369,MajorClaim,the combination of tourism and teaching process is highly recommended in pursuit of a harmonial relationship between human and their surroundings,Anumana,No strong cue; default to Anumana (inferential argumentative span),,,
essay231,MajorClaim,they will grow up in a good neighborhood of a big city and they will be very happy about it,Anumana,No strong cue; default to Anumana (inferential argumentative span),,,
essay149,Claim,family members can help us in many other aspects,Anumana,No strong cue; default to Anumana (inferential argumentative span),,,
essay251,MajorClaim,criticism is essential especially in group working but in other occasions we still need criticism,Anumana,No strong cue; default to Anumana (inferential argumentative span),,,
essay091,MajorClaim,a universal language playing the dominant role in the international community is of vital significance to global people,Anumana,No strong cue; default to Anumana (inferential argumentative span),,,
essay171,MajorClaim,governments should devote a greater portion of their health budgets to health education and means for precautions,Anumana,No strong cue; default to Anumana (inferential argumentative span),,,
essay345,Claim,these workaholic people do not spend time for the contribution of society by actively participating in any social campaign,Anumana,No strong cue; default to Anumana (inferential argumentative span),,,
essay353,MajorClaim,"I disagree with the opinion that children who are brought up in less well-of families are, likely, more successful in the future life",Anumana,Matched Anumana cues: likely,,,
essay207,MajorClaim,I do not approve of this trend due to negative effects such as low quality of life and affecting the environment,Anumana,No strong cue; default to Anumana (inferential argumentative span),,,
essay124,Premise,"children are free whatever they want to do, they are not restricted and their limitation are really rare",Anumana,No strong cue; default to Anumana (inferential argumentative span),,,
essay240,Premise,they are aware of how to lead people to reach success despite what kind of difficulties are getting in their way,Anumana,No strong cue; default to Anumana (inferential argumentative span),,,
essay309,MajorClaim,both choices have their own advantages and disadvantages,Anumana,No strong cue; default to Anumana (inferential argumentative span),,,
essay152,Premise,even some disabled people with serious vertebral injuries can start doing physical activities like walking again thanks to the continuingly efforts of biomechanical engineers and neurologists,Upamana,Matched Upamana cues: like,,,
essay116,Claim,talent in art is extremely precious and should not be wasted,Anumana,No strong cue; default to Anumana (inferential argumentative span),,,
essay021,Claim,They make the product preferable,Anumana,No strong cue; default to Anumana (inferential argumentative span),,,
essay117,MajorClaim,technology alone can solve the world's environmental problems,Anumana,No strong cue; default to Anumana (inferential argumentative span),,,
essay162,Premise,"while many efforts are being made to reduce CO2 emissions from cars and factories, nothing is being done to reins the airlines",Anumana,No strong cue; default to Anumana (inferential argumentative span),,,
essay030,MajorClaim,government should not pay for the university fees,Anumana,No strong cue; default to Anumana (inferential argumentative span),,,
essay267,Premise,"Time with the family is gold, some people have to realize that and take quality of time to talk to them",Anumana,No strong cue; default to Anumana (inferential argumentative span),,,
essay364,Claim,in some cases that traditional way can not replace by a new technology,Anumana,No strong cue; default to Anumana (inferential argumentative span),,,
essay361,Premise,"Sometimes, students watch restrictive programs not allowed for their ages and this can have major psychological consequences",Anumana,No strong cue; default to Anumana (inferential argumentative span),,,
essay038,Premise,"Today, mobile phones become a common one of household items, which due to the cheaper materials and better producing technologies",Anumana,No strong cue; default to Anumana (inferential argumentative span),,,
essay064,MajorClaim,parents and educators should attach more importance to traditional games,Anumana,No strong cue; default to Anumana (inferential argumentative span),,,
essay311,MajorClaim,the university should allow the student to participate in the classed without passing the test,Anumana,No strong cue; default to Anumana (inferential argumentative span),,,
essay359,Claim,most people will be trying to understand each other after they have conflict or debates,Anumana,No strong cue; default to Anumana (inferential argumentative span),,,
essay101,Premise,"Beyond that age, a large proportion of them have an elevated chance of contracting a multitude of health problems such as stress related diseases and cardiovascular illnesses",Anumana,No strong cue; default to Anumana (inferential argumentative span),,,
essay334,Premise,using machines can save company's money,Anumana,No strong cue; default to Anumana (inferential argumentative span),,,
essay185,Claim,"contemporarily fossil fuels cause serious environmental conundrums such as acid rain, deduction of ozone layer and global warming",Anumana,No strong cue; default to Anumana (inferential argumentative span),,,
essay178,Claim,it not only provides a place to shop but also offer people jobs,Anumana,No strong cue; default to Anumana (inferential argumentative span),,,
essay359,MajorClaim,international tourism leads to both tension and understanding between people from different culture,Anumana,No strong cue; default to Anumana (inferential argumentative span),,,
essay059,Claim,the rate of crime and violence is effectively decreased,Anumana,No strong cue; default to Anumana (inferential argumentative span),,,
essay260,MajorClaim,being different and unique is the better way to achieve success,Anumana,No strong cue; default to Anumana (inferential argumentative span),,,
essay193,Claim,The use of public transportation helps in reducing the air pollution,Anumana,No strong cue; default to Anumana (inferential argumentative span),,,
essay361,Claim,demerits of watching TV outweigh its merits,Anumana,No strong cue; default to Anumana (inferential argumentative span),,,
essay009,Premise,If one requested to move out just because his roommate do not tidy up the blanket in the morning might be crying over split milk,Anumana,Matched Anumana cues: because,,,
essay347,Claim,people will be swayed by the advertising and buy things they do not need it for their life,Anumana,No strong cue; default to Anumana (inferential argumentative span),,,
essay331,MajorClaim,"we should do our parts to do what ever it takes to protect old buildings, letting next generations still have a chance to look at them",Anumana,No strong cue; default to Anumana (inferential argumentative span),,,
essay024,Claim,"people who are addicted to games, especially online games, can eventually bear dangerous consequences",Anumana,No strong cue; default to Anumana (inferential argumentative span),,,
essay355,Claim,children might not be really comfortable with the use of a language other than their native tongue when they are in their kindergarten years,Anumana,No strong cue; default to Anumana (inferential argumentative span),,,
essay045,MajorClaim,"it is the responsibility of these disadvantaged citizens, rather than the government, to help them out",Anumana,No strong cue; default to Anumana (inferential argumentative span),,,
essay073,MajorClaim,"both images and words go hand in hand and one cannot wholly emphasise on only one aspect, either images or words",Anumana,No strong cue; default to Anumana (inferential argumentative span),,,
essay263,Premise,"It is much easier for us to contact than any other person in my department, which made me popular there, and much easier to get the help that I need",Anumana,No strong cue; default to Anumana (inferential argumentative span),,,
essay281,Claim,government should invest in alternative energy such as using solar energy instead of coal energy,Anumana,No strong cue; default to Anumana (inferential argumentative span),,,
essay096,Claim,the convicted will also receive a fair action,Anumana,No strong cue; default to Anumana (inferential argumentative span),,,
essay180,Premise,"When being in the department of art, I have not only learned how to do a project, but also known some famous artists during the term",Anumana,No strong cue; default to Anumana (inferential argumentative span),,,
essay180,MajorClaim,groups or organizations are a vital part for us in plenty of aspects in different ages and in different backgrounds,Anumana,No strong cue; default to Anumana (inferential argumentative span),,,
essay290,Claim,"I have different reasons to hold that, such as having a better chance to find work, having a better salary and having the opportunity to travel around the world to attend international conferences",Anumana,No strong cue; default to Anumana (inferential argumentative span),,,
essay200,Premise,"people, suffering from the population pressure, are expanding their living area",Anumana,No strong cue; default to Anumana (inferential argumentative span),,,
essay386,Premise,"it can be, for example, lessons on the class, social skills or general etiquettes that are sometimes overlooked by parents",Anumana,No strong cue; default to Anumana (inferential argumentative span),,,
essay331,Claim,Historic buildings have intrinsic values,Anumana,No strong cue; default to Anumana (inferential argumentative span),,,
essay004,MajorClaim,the tourism has created threatening pressure on both the sociocultural and natural environments,Anumana,No strong cue; default to Anumana (inferential argumentative span),,,
essay129,MajorClaim,living in a higher pace is better,Anumana,No strong cue; default to Anumana (inferential argumentative span),,,
essay082,MajorClaim,the idea that advertising is a positive part of life can be more supported,Anumana,No strong cue; default to Anumana (inferential argumentative span),,,
essay067,MajorClaim,they should be encouraged to express their innovative ideas,Anumana,No strong cue; default to Anumana (inferential argumentative span),,,
essay352,Claim,computer assists children to use vast resources available over internet to study effectively as well as develop some basic skills which help them in future careers,Anumana,No strong cue; default to Anumana (inferential argumentative span),,,
essay120,Premise,"many people are executed for the crime they did not commit, which leads to a question of fairness in judicial system",Anumana,No strong cue; default to Anumana (inferential argumentative span),,,
essay395,Premise,this reduction would cause a difficulty to the tax calculation,Anumana,No strong cue; default to Anumana (inferential argumentative span),,,
essay154,Claim,living with a roommate allows me to get help,Anumana,No strong cue; default to Anumana (inferential argumentative span),,,
essay067,Claim,One of the major concerns against freeing artists' creation derives from the fear of social misleading which would destabilize the society,Anumana,No strong cue; default to Anumana (inferential argumentative span),,,
essay298,MajorClaim,part time job will be good for students,Anumana,No strong cue; default to Anumana (inferential argumentative span),,,
essay214,Claim,"the disgusting smoke will severely affect their appetite, or, in other words, spoil their meals and make them an unpleasant experience",Anumana,No strong cue; default to Anumana (inferential argumentative span),,,
essay234,Premise,they will never try to solve problems on their own,Anumana,No strong cue; default to Anumana (inferential argumentative span),,,
essay397,MajorClaim,Modern technogy has impacted the traditional cultures in both negative and positive ways,Anumana,No strong cue; default to Anumana (inferential argumentative span),,,
essay116,MajorClaim,governments should help and encourage artists to continue their work,Anumana,No strong cue; default to Anumana (inferential argumentative span),,,
essay304,Premise,If we don't change our behavior we will extinct many species living for millions of years on the planet,Anumana,No strong cue; default to Anumana (inferential argumentative span),,,
essay345,Premise,"By working too long, they often become tired, lazy and reluctant to carry out physical exercise in order to remain fit and healthy and eventually loose health and become sick",Anumana,No strong cue; default to Anumana (inferential argumentative span),,,
essay043,Claim,This has been true for centuries and will certainly not change in the foreseeable future,Anumana,No strong cue; default to Anumana (inferential argumentative span),,,
essay352,Premise,"students who used to prepare Microsoft PowerPoint presentation for their school projects, get an edge over others at an early stage of their career",Anumana,No strong cue; default to Anumana (inferential argumentative span),,,
essay166,Claim,while small towns have picturesque nature and pure air,Anumana,No strong cue; default to Anumana (inferential argumentative span),,,
essay295,Premise,"if someone faced so complicated confusion in his study and his many endeavors on making out it were miscarried, this might be ended in disappointment",Anumana,No strong cue; default to Anumana (inferential argumentative span),,,
essay240,Claim,people who experienced lots of difficulties will be calmer when they are in troubles,Anumana,No strong cue; default to Anumana (inferential argumentative span),,,
essay149,Premise,"Whenever I have problems, I can always ask my parents for help",Anumana,No strong cue; default to Anumana (inferential argumentative span),,,
essay266,Claim,There are the build-up of the concept about healthy eating habits and self-control that really matter,Anumana,No strong cue; default to Anumana (inferential argumentative span),,,
essay073,MajorClaim,"I agree only to certain degree that in today's world, image serves as a more effective means of communication",Anumana,No strong cue; default to Anumana (inferential argumentative span),,,
essay346,MajorClaim,my term of a successful man is one who has certain achievements in life rather than the one with a high income,Anumana,No strong cue; default to Anumana (inferential argumentative span),,,
essay065,Premise,not everyone is a fan of watching musicals on the spot,Anumana,No strong cue; default to Anumana (inferential argumentative span),,,
essay391,MajorClaim,this great invention in the 21st century causes many problems in our society,Anumana,Matched Anumana cues: causes,,,
essay193,MajorClaim,"Using public transportation has a lot of advantages for the modern society facing a lot of problems: the environmental population, the isolation in life, the depletion of natural resources",Anumana,No strong cue; default to Anumana (inferential argumentative span),,,
essay057,MajorClaim,artists should be given the freedom of expression,Anumana,No strong cue; default to Anumana (inferential argumentative span),,,
essay139,MajorClaim,"more emphasis should be laid on human beings other than animals, and it is better to let nature take its course with regard to species extinction",Anumana,No strong cue; default to Anumana (inferential argumentative span),,,
essay234,Claim,these schools can qualitatively check if they are giving an appropriate education to their students,Anumana,No strong cue; default to Anumana (inferential argumentative span),,,
essay090,Premise,I had to never judge with people's appearance,Anumana,No strong cue; default to Anumana (inferential argumentative span),,,
essay254,Premise,"Without Earth, whatever great civil constructions and economic achievements will end up in vain",Anumana,No strong cue; default to Anumana (inferential argumentative span),,,
essay055,Premise,students can devote more time and efforts in one subject and reduce pressure from other subjects,Anumana,No strong cue; default to Anumana (inferential argumentative span),,,
essay223,MajorClaim,television has more positive effects than negative effects,Anumana,No strong cue; default to Anumana (inferential argumentative span),,,
essay210,Premise,education and preventative measures should receive a greater budget is the potential improvements in health system,Anumana,No strong cue; default to Anumana (inferential argumentative span),,,
essay091,Premise,"they have gradually identified with such values expressed in American movies, which are imported by the governments as a result of the proliferation of English",Anumana,No strong cue; default to Anumana (inferential argumentative span),,,
essay237,Claim,There are a lot of people eating foods or snacks when they are watching television,Anumana,No strong cue; default to Anumana (inferential argumentative span),,,
essay021,Claim,advertisers push the limits of creativity to dispose the consumers to purchase the product,Anumana,No strong cue; default to Anumana (inferential argumentative span),,,
essay108,MajorClaim,it would generate a sense of discrimination among different age groups and increase the government financial pressure accordingly,Anumana,No strong cue; default to Anumana (inferential argumentative span),,,
essay030,Premise,students that already have a basic knowledge and education can get a part-time job and they can pay for their own studies when their parent could not afford to pay it,Shabda,Matched Shabda cues: studies,,,
essay026,Premise,"At the increasing living pace, the majority of people tend to choose microwave as their unique cooker that help them prepare a dish in five minutes",Anumana,No strong cue; default to Anumana (inferential argumentative span),,,
essay356,Claim,tourism can have a negative impact on the natural environment,Anumana,No strong cue; default to Anumana (inferential argumentative span),,,
essay212,Claim,"it will be easier for people to assimilate into a new country, if they follow the new customs",Anumana,No strong cue; default to Anumana (inferential argumentative span),,,
essay045,Claim,the government should provide help for the disadvantaged people,Anumana,No strong cue; default to Anumana (inferential argumentative span),,,
essay388,Premise,fewer guns available mean less crime,Anumana,No strong cue; default to Anumana (inferential argumentative span),,,
essay321,MajorClaim,I would prefer to have my own job,Anumana,No strong cue; default to Anumana (inferential argumentative span),,,
essay079,Claim,funding arts is beneficial to the local cultural and economic development,Anumana,No strong cue; default to Anumana (inferential argumentative span),,,
essay197,Claim,there are good arguments in favour of this trend,Anumana,No strong cue; default to Anumana (inferential argumentative span),,,
essay126,Claim,close friends can easily understand each others feelings,Anumana,No strong cue; default to Anumana (inferential argumentative span),,,
essay365,Claim,public transport is a key factor to minimize the number of vehicles on the street,Anumana,No strong cue; default to Anumana (inferential argumentative span),,,
essay306,Premise,making their life more complicated and tired,Anumana,No strong cue; default to Anumana (inferential argumentative span),,,
essay195,Premise,The centre of research can raise the market part of this field by developing the agriculture products,Anumana,No strong cue; default to Anumana (inferential argumentative span),,,
essay382,Claim,"technology was introduced, student have been exposed to a wide range of information, which neccessarily broaden their minds",Anumana,No strong cue; default to Anumana (inferential argumentative span),,,
essay321,MajorClaim,"I would like to run my own business to control my own time, and to earn more money based on my noble ideas",Upamana,Matched Upamana cues: like,,,
essay127,Claim,the environment our grandparents live is more comfortable than today,Anumana,No strong cue; default to Anumana (inferential argumentative span),,,
essay108,Premise,they have been instilled and imparted the most updated knowledge and skills at universities,Anumana,No strong cue; default to Anumana (inferential argumentative span),,,
essay207,Claim,they move to big cities to pursue academic career and find jobs in order to have a higher standard of living,Anumana,No strong cue; default to Anumana (inferential argumentative span),,,
essay269,MajorClaim,I do really prefer to improve my ability of relating people and make more friends rather than studying hard in school,Anumana,No strong cue; default to Anumana (inferential argumentative span),,,
essay055,Claim,The benefits of teaching students different units are easily recognized,Anumana,No strong cue; default to Anumana (inferential argumentative span),,,
essay136,Claim,learners can obtain more useful knowledge from teachers than from other sources,Anumana,No strong cue; default to Anumana (inferential argumentative span),,,
essay198,MajorClaim,governments should certainly spend money on the public transportation system,Anumana,No strong cue; default to Anumana (inferential argumentative span),,,
essay022,MajorClaim,the benefits of learning in universities are the vital factor in creating more possibilities for the development of society through advancing academic fulfillment and the young generation who have experiences and challenges,Anumana,No strong cue; default to Anumana (inferential argumentative span),,,
essay370,Claim,"rarely do people go out of their comfot zone, provided with snack and air conditioner, to assemble with others in flesh",Anumana,No strong cue; default to Anumana (inferential argumentative span),,,
essay326,Claim,People benefit more from coming computers into their lives,Anumana,No strong cue; default to Anumana (inferential argumentative span),,,
essay188,Claim,"including exercise in children's daily routine, it is a good way to teach them the importance of physical activity from an early age",Anumana,No strong cue; default to Anumana (inferential argumentative span),,,
essay017,Claim,"killing our time, making us lazy, and advertising negative behaviors are just only few reasons to show how television is destructive",Anumana,No strong cue; default to Anumana (inferential argumentative span),,,
essay270,MajorClaim,"it is essential for people, especially young ones, to possess the ability to plan and organize",Anumana,No strong cue; default to Anumana (inferential argumentative span),,,
essay074,Premise,it is a pride of the country with a rage of culture which is easy to educate people to love their country more,Anumana,No strong cue; default to Anumana (inferential argumentative span),,,
essay173,Claim,Visiting the zoo would help the students understand what they learn at school,Anumana,No strong cue; default to Anumana (inferential argumentative span),,,
essay384,Claim,"it would certainly be a violation of adults’ civil liberties, if governments implement such a restricted regulation on these TV shows or movies that only for mature audiences",Anumana,No strong cue; default to Anumana (inferential argumentative span),,,
essay027,Claim,"if the developed countries are unwilling to share their successful experience in education, the developing countries will remain undeveloped, even though they gain a great deal of economic support",Anumana,No strong cue; default to Anumana (inferential argumentative span),,,
essay370,Premise,"The existence of Skype, Viber or Yahoo has notably reduced even the longest distance into one click",Anumana,No strong cue; default to Anumana (inferential argumentative span),,,
essay388,MajorClaim,criminal minds that breed violence not stringent gun control,Anumana,No strong cue; default to Anumana (inferential argumentative span),,,
essay395,Premise,it is irrational to require them to pay for the taxes they do not use,Anumana,No strong cue; default to Anumana (inferential argumentative span),,,
essay261,Premise,"Art and music are, of course most accessible tools for modern people to liberate themselves from the extremely stressful life",Anumana,No strong cue; default to Anumana (inferential argumentative span),,,
essay013,MajorClaim,They kept researching new technology and became successful at a very young age,Anumana,No strong cue; default to Anumana (inferential argumentative span),,,
essay402,Premise,when you always studying harder than others you will get best results,Anumana,No strong cue; default to Anumana (inferential argumentative span),,,
essay155,Premise,"When they are around the active smokers, they will inhale hazardous smoke",Anumana,No strong cue; default to Anumana (inferential argumentative span),,,
essay138,MajorClaim,"distance-learning outweighs the conventional way not only with its efficiency, convenience and economic value, but also with the self-regulated education that pupils can study on their own purpose",Anumana,No strong cue; default to Anumana (inferential argumentative span),,,
essay204,Premise,The professor has been assigned to teach only,Anumana,No strong cue; default to Anumana (inferential argumentative span),,,
essay105,Premise,"If people in poorer countries gain access to these drugs, their health situations may be better",Anumana,No strong cue; default to Anumana (inferential argumentative span),,,
essay085,Claim,these cameras can help to provide some form of protection to the workers against the customers,Anumana,No strong cue; default to Anumana (inferential argumentative span),,,
essay035,Premise,"They introduce new products, and provide various choices, not to mention they are often visually enjoyable",Anumana,No strong cue; default to Anumana (inferential argumentative span),,,
essay143,MajorClaim,successful people still do things they already know,Anumana,No strong cue; default to Anumana (inferential argumentative span),,,
essay253,Premise,"I connected the visual images of that experiment with the formula and I barely forget, even though now I'm not studying chemistry anymore",Anumana,No strong cue; default to Anumana (inferential argumentative span),,,
essay315,MajorClaim,I prefer to live in bigger cities than in small ones,Anumana,No strong cue; default to Anumana (inferential argumentative span),,,
essay328,MajorClaim,attending boys and girls in a same school would bring many advantages,Anumana,No strong cue; default to Anumana (inferential argumentative span),,,
essay083,Claim,Safely getting rid of nuclear waste is a daunting task and there has not been any permanent solution of it,Anumana,No strong cue; default to Anumana (inferential argumentative span),,,
essay367,MajorClaim,there are many institutions that accept the same average number of male and female students in many kinds of course,Anumana,No strong cue; default to Anumana (inferential argumentative span),,,
essay352,Premise,It's hard to get everything at a same place unless children are not familiar with computers,Anumana,No strong cue; default to Anumana (inferential argumentative span),,,
essay229,Claim,friendship is forever and gift our life,Anumana,No strong cue; default to Anumana (inferential argumentative span),,,
essay046,Claim,"A university, in common sense, is a medium for conveying or providing access to knowledge",Anumana,No strong cue; default to Anumana (inferential argumentative span),,,
essay128,Premise,When schools can give such kind of opportunity the students are likely do their best and succeed in their future lives which is one of the point most people get education,Anumana,Matched Anumana cues: likely,,,
essay380,MajorClaim,"While many believe that petrol and diesel fuel should be charged with the highest taxation, I strongly disagree with this notion",Anumana,No strong cue; default to Anumana (inferential argumentative span),,,
essay180,Claim,almost of us live in the environment of groups,Anumana,No strong cue; default to Anumana (inferential argumentative span),,,
essay342,Claim,competitive child would have more motivation and perspective that leads them to success,Anumana,No strong cue; default to Anumana (inferential argumentative span),,,
essay277,MajorClaim,learning facts is more beneficial for students in both social and individual life,Anumana,No strong cue; default to Anumana (inferential argumentative span),,,
essay308,Claim,Moving some places can give to you a lot of experiences,Anumana,No strong cue; default to Anumana (inferential argumentative span),,,
essay058,MajorClaim,children should be taught co-operation complimented with a healthy competition,Anumana,No strong cue; default to Anumana (inferential argumentative span),,,
essay259,MajorClaim,working at home is worse and less efficient than working in the office,Anumana,No strong cue; default to Anumana (inferential argumentative span),,,
essay168,Claim,"Mitigating process, no interaction and pressure are these things people should examine when they want to work at home",Anumana,No strong cue; default to Anumana (inferential argumentative span),,,
essay101,MajorClaim,the right age for a person to retire should be around 60 years old,Anumana,No strong cue; default to Anumana (inferential argumentative span),,,
essay339,Claim,co-operative child will have a potential of structuring and implementing new and innovative ideas with the help of a team,Anumana,No strong cue; default to Anumana (inferential argumentative span),,,
essay375,Claim,"in many aspects such as communication, trade, cooperation as well as transaction, it will be absolutely easier for the whole society to work together in one language only",Anumana,No strong cue; default to Anumana (inferential argumentative span),,,
essay189,Premise,"They have whole life to do job and prove themselves, but the childhood phase will never return in their life",Anumana,No strong cue; default to Anumana (inferential argumentative span),,,
essay129,MajorClaim,I prefer to live in high pace,Anumana,No strong cue; default to Anumana (inferential argumentative span),,,
essay316,Claim,Building more accommodating constructions meets people's basic need,Anumana,No strong cue; default to Anumana (inferential argumentative span),,,
essay367,Claim,female students are indicated having the same potential and capability as men,Anumana,No strong cue; default to Anumana (inferential argumentative span),,,
essay383,Claim,technological products have devastated the natural environment indirectly through its production process,Anumana,No strong cue; default to Anumana (inferential argumentative span),,,
essay373,Premise,"some industries such as mining, oil and gas extraction, reclamation, etc, needs many labors",Anumana,No strong cue; default to Anumana (inferential argumentative span),,,
essay185,MajorClaim,"new forms of energy cannot soon replace fossil fuels such as gases, oil, and coal",Anumana,No strong cue; default to Anumana (inferential argumentative span),,,
essay023,Premise,"Speaking loudly on the phone in public areas, such as schools, libraries and hospitals appears to be very impolite and offensive",Anumana,No strong cue; default to Anumana (inferential argumentative span),,,
essay044,Claim,the sources most widely used currently to generate power releases extensive amount of gases into the atmosphere which increases global warming,Anumana,No strong cue; default to Anumana (inferential argumentative span),,,
essay394,MajorClaim,children are those who need to be under instruction of handwriting,Anumana,No strong cue; default to Anumana (inferential argumentative span),,,
essay278,MajorClaim,sports and social activities should obtain analogous concern and money,Anumana,No strong cue; default to Anumana (inferential argumentative span),,,
essay057,Claim,Mind can not work when it is chained in boundaries,Anumana,No strong cue; default to Anumana (inferential argumentative span),,,
essay402,Claim,playing sports will give good effects on children,Anumana,No strong cue; default to Anumana (inferential argumentative span),,,
essay094,Claim,investing money to enhance the general health state is a totally right decision,Anumana,No strong cue; default to Anumana (inferential argumentative span),,,
essay070,Claim,several other solutions can be introduced to assist in reducing pollution and traffic problems,Anumana,No strong cue; default to Anumana (inferential argumentative span),,,
essay063,Claim,most of young people prefer to have meals at restaurants,Anumana,No strong cue; default to Anumana (inferential argumentative span),,,
essay207,Premise,cities often offer more well-paid jobs and study chances compared to rural areas,Anumana,No strong cue; default to Anumana (inferential argumentative span),,,
essay150,MajorClaim,reading fiction is more enjoyable than watching movies,Anumana,No strong cue; default to Anumana (inferential argumentative span),,,
essay273,MajorClaim,I highly prefer living in a big city to living in countryside,Anumana,No strong cue; default to Anumana (inferential argumentative span),,,
essay358,Claim,"the advantages that people enjoy by working or studying from home, are obvious",Anumana,No strong cue; default to Anumana (inferential argumentative span),,,
essay259,Claim,It not only has the advantage of working with colleges but also it provides a real working atmosphere that can never be grasped if people choose to work at home,Anumana,No strong cue; default to Anumana (inferential argumentative span),,,
essay091,Premise,"people may be impressed by the cultural values brought with the universal language, eroding a sense of national belong",Anumana,No strong cue; default to Anumana (inferential argumentative span),,,
essay034,MajorClaim,students should study at school,Anumana,No strong cue; default to Anumana (inferential argumentative span),,,
essay228,Premise,It was fun and a little bit similar to the cinema,Upamana,Matched Upamana cues: similar to,,,
essay189,Claim,would affect their mental and physical health,Anumana,No strong cue; default to Anumana (inferential argumentative span),,,
essay353,Premise,they use it a lot of times,Anumana,No strong cue; default to Anumana (inferential argumentative span),,,
essay042,Premise,"Take Google for example, the company offers recreation rooms and extra personal leaves for their workers to develop a more relaxing and supportive workforce",Anumana,No strong cue; default to Anumana (inferential argumentative span),,,
essay086,Claim,"they can exchange their knowledge, they can learn different cultures",Anumana,No strong cue; default to Anumana (inferential argumentative span),,,
essay258,MajorClaim,both can help and each of them has its own advantages and disadvantages,Anumana,No strong cue; default to Anumana (inferential argumentative span),,,
essay268,MajorClaim,both sports and social activities should not receive equal amount of money with libraries and laboratories,Anumana,No strong cue; default to Anumana (inferential argumentative span),,,
essay273,MajorClaim,"living in big cities is quite funnier and better and more exciting than living in small towns because of many more social places, technologies facilities, better education and medical services",Anumana,Matched Anumana cues: because,,,
essay079,Premise,arts can enrich people's cultural lives,Anumana,No strong cue; default to Anumana (inferential argumentative span),,,
essay308,Premise,the environment can't be keep clean,Anumana,No strong cue; default to Anumana (inferential argumentative span),,,
essay007,Premise,"The answer, perhaps, is that hardly would rational people do so",Anumana,No strong cue; default to Anumana (inferential argumentative span),,,
essay124,Claim,"They not only free to do whatever they want without any confine or punishment, but also they are free and have a lot of time in their hands to try and experience new things and enjoy them",Anumana,No strong cue; default to Anumana (inferential argumentative span),,,
essay390,Premise,the young generation these days is very conscious toward positive lifestyles,Anumana,No strong cue; default to Anumana (inferential argumentative span),,,
essay372,MajorClaim,"what can be expected, is a change of the role of the tradition but not its disappearance from the society",Anumana,No strong cue; default to Anumana (inferential argumentative span),,,
essay026,MajorClaim,it is not a good thing,Anumana,No strong cue; default to Anumana (inferential argumentative span),,,
essay283,Premise,testing result are different,Anumana,No strong cue; default to Anumana (inferential argumentative span),,,
essay331,MajorClaim,government should spend money on preservation of old buildings,Anumana,No strong cue; default to Anumana (inferential argumentative span),,,
essay195,Premise,"Especially, if they have no knowledge or education in this field",Anumana,No strong cue; default to Anumana (inferential argumentative span),,,
essay349,Claim,these subjects might fulfil the students' ability,Anumana,No strong cue; default to Anumana (inferential argumentative span),,,
essay176,Claim,it is worthwhile for us to visit a museum of a new place,Anumana,No strong cue; default to Anumana (inferential argumentative span),,,
essay118,Premise,They commit themselves to promoting relaxation and enjoyment for the audience,Anumana,No strong cue; default to Anumana (inferential argumentative span),,,
essay137,Premise,the football world cup taking place every four years is a very followed event during which everyone is having fun,Anumana,No strong cue; default to Anumana (inferential argumentative span),,,
essay086,Premise,Via internet they can have connection with the other children all around the world,Anumana,No strong cue; default to Anumana (inferential argumentative span),,,
essay231,Claim,In a big city you have more qualified teachers and a better access to technology,Anumana,No strong cue; default to Anumana (inferential argumentative span),,,
essay297,Premise,In the classroom environment you can learn from your classmates,Anumana,No strong cue; default to Anumana (inferential argumentative span),,,
essay042,MajorClaim,providing a more secured and relaxing environment for workers can fundamentally boost their productivity,Anumana,No strong cue; default to Anumana (inferential argumentative span),,,
essay054,Claim,"people who watch exhibitions on TV or internet at home, save the time and money on the road, which is increasingly significant particularly to people in modern society",Anumana,No strong cue; default to Anumana (inferential argumentative span),,,
essay059,MajorClaim,"psychopaths, terrorists or any other criminal who lacks empathy for other human lives deserve capital punishment",Anumana,No strong cue; default to Anumana (inferential argumentative span),,,
essay253,MajorClaim,the best way for teachers to make students more interested in a subject is to explain how that subject can help and apply to their lives outside school,Anumana,No strong cue; default to Anumana (inferential argumentative span),,,
essay140,MajorClaim,there should not be any room for partiality in terms of gender while allocating seats for students in every university courses,Anumana,No strong cue; default to Anumana (inferential argumentative span),,,
essay286,Premise,I start changing myself from spending many thing that I want to saving money for my entire life,Anumana,No strong cue; default to Anumana (inferential argumentative span),,,
essay158,MajorClaim,we should restore those building,Anumana,No strong cue; default to Anumana (inferential argumentative span),,,
essay093,MajorClaim,"as the privileged minority, wealthy nations have every reason to share their fortune with the poor",Anumana,No strong cue; default to Anumana (inferential argumentative span),,,
essay048,Claim,attending lectures in person provides students an opportunity to communicate with teachers and other classmates,Anumana,No strong cue; default to Anumana (inferential argumentative span),,,
essay110,Premise,"in order to develop a country, citizens must obey laws, which were imposed by the government",Anumana,No strong cue; default to Anumana (inferential argumentative span),,,
essay223,MajorClaim,I strongly disagree with the statement that television has negative effects on children,Anumana,No strong cue; default to Anumana (inferential argumentative span),,,
essay100,Premise,This is especially true in sectors like entertainment and sports,Upamana,Matched Upamana cues: like,,,
essay242,Premise,"In China, some residents who live in nearby some toxic factories became sick",Anumana,No strong cue; default to Anumana (inferential argumentative span),,,
essay066,Claim,"technology enriches the way of displaying traditional cultural heritage, making it more vivid and appealing",Anumana,No strong cue; default to Anumana (inferential argumentative span),,,
essay374,Premise,"it is of university students' benefits to do biological research based on practical statistics and live recordings, which otherwise would not be at hand",Anumana,No strong cue; default to Anumana (inferential argumentative span),,,
essay172,Claim,an apartment provides a lot more freedom than a dormitory,Anumana,No strong cue; default to Anumana (inferential argumentative span),,,
essay164,Premise,they will think about develop long term career with their company,Anumana,No strong cue; default to Anumana (inferential argumentative span),,,
essay158,Premise,the preservation is very expensive because all components of old buildings have historical values,Anumana,Matched Anumana cues: because,,,
essay257,Premise,such people do work hard and have great experiences because of their hard works,Anumana,Matched Anumana cues: because,,,
essay103,Premise,"Innocent suspects, eventually, can face unfair juridical decision and pay twice for their previous inadequate actions",Anumana,No strong cue; default to Anumana (inferential argumentative span),,,
essay014,Premise,"Students have knowledge of others cultures, outer space etc",Anumana,No strong cue; default to Anumana (inferential argumentative span),,,
essay328,Claim,Taking part in the study groups would increase student's motivation to study more,Anumana,No strong cue; default to Anumana (inferential argumentative span),,,
essay069,MajorClaim,"This, contrary to some ideas, is a positive progress in human society",Anumana,No strong cue; default to Anumana (inferential argumentative span),,,
essay003,Claim,tourism has clearly improved lives in the tourist country,Anumana,No strong cue; default to Anumana (inferential argumentative span),,,
essay326,Premise,"Many industries use computers to command to robots in order to do many regular tasks, which were carried out by human early",Anumana,No strong cue; default to Anumana (inferential argumentative span),,,
essay340,Claim,technology is beneficial to humanity develops positive relationships,Anumana,No strong cue; default to Anumana (inferential argumentative span),,,
essay041,Premise,"As for the companies, the unpaid interns can no doubt save some money",Anumana,No strong cue; default to Anumana (inferential argumentative span),,,
essay314,Claim,"Even when we managed to keep up with the pace by neglecting the details of a project and only aim for a general frame of the project, this will not be something satisfy for the company and clients",Anumana,No strong cue; default to Anumana (inferential argumentative span),,,
essay126,Claim,it's much easier to have some casual acquaintances than have some close friends,Anumana,No strong cue; default to Anumana (inferential argumentative span),,,
essay125,MajorClaim,"the three most reasons are increased knowledge, career preparation and new experiences",Anumana,No strong cue; default to Anumana (inferential argumentative span),,,
essay192,Premise,in this case it is more likely that interests and preferences are the same,Anumana,Matched Anumana cues: likely,,,
essay334,Claim,machines can bring many benefits,Anumana,No strong cue; default to Anumana (inferential argumentative span),,,
essay236,Premise,"All of my classmates gave him a rank of AAA, the excellent teacher",Anumana,No strong cue; default to Anumana (inferential argumentative span),,,
essay298,Premise,"When my boss was out of the shop, i had to manage the accounts section of the shop",Anumana,No strong cue; default to Anumana (inferential argumentative span),,,
essay347,MajorClaim,"buying habit is people's choice to make, not entirely affected by advertisements",Anumana,No strong cue; default to Anumana (inferential argumentative span),,,
essay282,Claim,It is are easy and usable,Anumana,No strong cue; default to Anumana (inferential argumentative span),,,
essay258,Premise,"from my own experiences, after I had started learning playing the guitar without a teacher, I got used to wrong habits regarding strumming and tempo, but after finding and learning with a tutor and identifying and eliminating those incorrect habits, I was able to play properly",Anumana,No strong cue; default to Anumana (inferential argumentative span),,,
essay029,Premise,"By taking up a job, a wife can earn more money to support her family life",Anumana,No strong cue; default to Anumana (inferential argumentative span),,,
essay345,MajorClaim,a balance between personal and professional life should be created by restricting maximum number of working hours,Anumana,No strong cue; default to Anumana (inferential argumentative span),,,
essay051,MajorClaim,universities should invest in libraries more than anywhere else,Anumana,No strong cue; default to Anumana (inferential argumentative span),,,
essay303,MajorClaim,"living a slower life is advantageous for your health, your happiness and even the quality of your work",Anumana,No strong cue; default to Anumana (inferential argumentative span),,,
essay140,Premise,both male and female students are equally competitive to each other and deserve to produce impressive results in various field of education,Anumana,No strong cue; default to Anumana (inferential argumentative span),,,
essay226,MajorClaim,"there are many things in the past that we can learn about, such as mistakes, success and knowledge in many fields of study",Anumana,No strong cue; default to Anumana (inferential argumentative span),,,
essay113,Premise,residents in rural areas still depend on their own farm for food production,Anumana,No strong cue; default to Anumana (inferential argumentative span),,,
essay305,Premise,"from the Internet, students can read many articles and e-books and can watch video tutorials which provide the information more apparently",Anumana,No strong cue; default to Anumana (inferential argumentative span),,,
essay043,MajorClaim,"it is clear that they not only constitute a tremendous appeal towards a peaceful society, but also guide the public demonstrations of national proudness",Anumana,No strong cue; default to Anumana (inferential argumentative span),,,
essay188,Premise,they can stick with the routine and make the daily physical activities a good habit on their whole life,Anumana,No strong cue; default to Anumana (inferential argumentative span),,,
essay048,Premise,"Now, however, students are able to apply for online-courses provided by top-of-the-range universities and colleges worldwide",Anumana,No strong cue; default to Anumana (inferential argumentative span),,,
essay319,Premise,there are a few opportunities for students to know how to live adult life in the university,Anumana,No strong cue; default to Anumana (inferential argumentative span),,,
essay230,MajorClaim,it is the best way for teenage children to take a part-time job to prepare their adult life,Anumana,No strong cue; default to Anumana (inferential argumentative span),,,
essay084,MajorClaim,giving those with no work a mobile phone each is a total waste of money,Anumana,No strong cue; default to Anumana (inferential argumentative span),,,
essay313,Claim,they are our friends and they can be useful in many situations,Anumana,No strong cue; default to Anumana (inferential argumentative span),,,
essay401,Premise,all of the couple duties are performed equally and interchangeably by individuals,Anumana,No strong cue; default to Anumana (inferential argumentative span),,,
essay357,Claim,watching television is a very passive action and should not be promoted by increasing periods spent on it,Anumana,No strong cue; default to Anumana (inferential argumentative span),,,
essay233,Premise,people normally have lots of things to do,Anumana,No strong cue; default to Anumana (inferential argumentative span),,,
essay279,Claim,everybody would like to know what is going on around the world in their everyday lives,Upamana,Matched Upamana cues: like,,,
essay318,MajorClaim,no additional payment should be charged on them,Anumana,No strong cue; default to Anumana (inferential argumentative span),,,
essay365,Premise,"Not to mention the fact that highway train is operated underground, which leaves the street above with buses and non-fuel-based vehicles",Anumana,No strong cue; default to Anumana (inferential argumentative span),,,
essay144,MajorClaim,"it should be better to leave this type of type of training for a certain group of good, knowledgeable learners",Anumana,No strong cue; default to Anumana (inferential argumentative span),,,
essay240,MajorClaim,most tough experiences in people's life path will be a priceless treasure to them,Anumana,No strong cue; default to Anumana (inferential argumentative span),,,
essay181,MajorClaim,I will be happy to hear that the government has a plan to build a new university in my community,Anumana,No strong cue; default to Anumana (inferential argumentative span),,,
essay392,Claim,we should convey corresponding policies and knowledge to the public and society,Anumana,No strong cue; default to Anumana (inferential argumentative span),,,
essay190,Premise,some zoos are also reservation sites of many animals that are about to become extinct,Anumana,No strong cue; default to Anumana (inferential argumentative span),,,
essay254,Premise,"Just like a man that needs a healthy body, all the living creatures as a whole needs a strong planet as well",Upamana,Matched Upamana cues: like,,,
essay265,Claim,relating well to people is also another important factor,Anumana,No strong cue; default to Anumana (inferential argumentative span),,,
essay217,Claim,"experiencing the real life by myself, I could learn more than just obey the advice",Anumana,No strong cue; default to Anumana (inferential argumentative span),,,
essay192,MajorClaim,other prefer to be surrounded by a large number of friends,Anumana,No strong cue; default to Anumana (inferential argumentative span),,,
essay272,Premise,"when I have a time to realize what had happened, I could explain the real thought that I want to express without emotion",Anumana,No strong cue; default to Anumana (inferential argumentative span),,,
essay277,Premise,"if they deal more with facts, they can realize social situations effectively and so improve their social communication in everyday life",Anumana,No strong cue; default to Anumana (inferential argumentative span),,,
essay234,MajorClaim,standardized tests are valuable option for educational system as long as it would help teachers to know if the students are really getting knowledge,Anumana,No strong cue; default to Anumana (inferential argumentative span),,,
essay388,MajorClaim,there is a poor relationship between polices carrying guns and an increasing violence rate,Anumana,No strong cue; default to Anumana (inferential argumentative span),,,
essay303,Claim,living your life at a slower pace increases your happiness,Anumana,No strong cue; default to Anumana (inferential argumentative span),,,
essay314,Premise,"even when the scientists want to finish off quickly, but they couldn't miss even a single part of the mission since it may trigger loads of problems",Anumana,No strong cue; default to Anumana (inferential argumentative span),,,
essay346,Claim,"judging a person by his income is difficult, especially in the success aspect",Anumana,No strong cue; default to Anumana (inferential argumentative span),,,
essay290,MajorClaim,I would rather prefer working in a large company than in a small one,Anumana,No strong cue; default to Anumana (inferential argumentative span),,,
essay287,MajorClaim,Learning foreign language form another country is better choice for me to study language,Anumana,No strong cue; default to Anumana (inferential argumentative span),,,
essay229,Premise,mistakes will be forgotten quickly,Anumana,No strong cue; default to Anumana (inferential argumentative span),,,
essay321,Premise,I can work long hours for earning more money,Anumana,No strong cue; default to Anumana (inferential argumentative span),,,
essay144,Claim,"This will improve the quality of both universities and students, thus placing people in positions which suit them most",Anumana,Matched Anumana cues: thus,,,
essay280,MajorClaim,learning several subjects in universities is better than specialize in one subject,Anumana,No strong cue; default to Anumana (inferential argumentative span),,,
essay028,Claim,"These days, not only many businesses, but also governments have to rely on advertising",Anumana,No strong cue; default to Anumana (inferential argumentative span),,,
essay212,Claim,keeping own customs stably might cause discrimination,Anumana,No strong cue; default to Anumana (inferential argumentative span),,,
essay389,MajorClaim,education is the single most important factor in the development of a country,Anumana,No strong cue; default to Anumana (inferential argumentative span),,,
essay006,Claim,"Students gain a lot out of the experience personally, academically, and culturally",Anumana,No strong cue; default to Anumana (inferential argumentative span),,,
essay156,MajorClaim,"growing of violence in films have definitely negative effects on youngsters mostly on their study, emotions and behaviors",Anumana,No strong cue; default to Anumana (inferential argumentative span),,,
essay366,MajorClaim,"when young people follow celebrities, it affects their health as well as behavior in a negative way",Anumana,No strong cue; default to Anumana (inferential argumentative span),,,
essay145,Premise,they can impart their students well,Anumana,No strong cue; default to Anumana (inferential argumentative span),,,
essay037,MajorClaim,It will make the world more peaceful by easing internation tensions and releasing patriotic emotions in a safe way,Anumana,No strong cue; default to Anumana (inferential argumentative span),,,
essay227,MajorClaim,spending budget for space exploring is not the waste budget,Anumana,No strong cue; default to Anumana (inferential argumentative span),,,
essay019,Premise,they will not have money to pay for everything,Anumana,No strong cue; default to Anumana (inferential argumentative span),,,
essay333,MajorClaim,the development of technology impacted on the means of communication among people very positively by making it easier and more comfortable,Anumana,No strong cue; default to Anumana (inferential argumentative span),,,
essay100,Claim,"it is certainly true that university education is of paramount importance for certain professions such as doctor, engineer and lawyer",Anumana,No strong cue; default to Anumana (inferential argumentative span),,,
essay151,MajorClaim,using single language through out the world is a positive change which is helping the world to become a better place to live,Anumana,No strong cue; default to Anumana (inferential argumentative span),,,
essay076,Premise,"a great number of people, in fact, have had the capacity to pay for the both privately",Anumana,No strong cue; default to Anumana (inferential argumentative span),,,
essay223,Premise,I was quite aggressive,Anumana,No strong cue; default to Anumana (inferential argumentative span),,,
essay196,Premise,People who want to learn how to swim have to go to the beach or to the swimpool and laid themselves in the water to feel and know what is swimming,Anumana,No strong cue; default to Anumana (inferential argumentative span),,,
essay243,MajorClaim,e-mail is the greatest way for major people to use,Anumana,No strong cue; default to Anumana (inferential argumentative span),,,
essay062,Premise,"When universities will accept them in equal number, both genders will be able to nurture their talent and a healthy competitive environment will develop",Anumana,No strong cue; default to Anumana (inferential argumentative span),,,
essay362,Claim,their unresponsiveness can be attributed to their attitude towards life,Anumana,No strong cue; default to Anumana (inferential argumentative span),,,
essay324,MajorClaim,different types of tasks endow more colors to our life,Anumana,No strong cue; default to Anumana (inferential argumentative span),,,
essay114,Claim,computers need to be operated by people,Anumana,No strong cue; default to Anumana (inferential argumentative span),,,
essay277,MajorClaim,learning facts has more subsequent advantages for students' future lives,Anumana,No strong cue; default to Anumana (inferential argumentative span),,,
essay007,MajorClaim,newspapers have lost their competitive advantage to sustain their prolonged existence,Anumana,No strong cue; default to Anumana (inferential argumentative span),,,
essay254,Claim,the influence on environmental problems are boarder and more profound than economic issues,Anumana,No strong cue; default to Anumana (inferential argumentative span),,,
essay061,Premise,"Computers have made human life more easy, convenient and lightning fast",Anumana,No strong cue; default to Anumana (inferential argumentative span),,,
essay265,Claim,each of them has its own benefits,Anumana,No strong cue; default to Anumana (inferential argumentative span),,,
essay150,Premise,Yet these people can continue to read their novels wherever they find free time such as in bus or trains,Anumana,No strong cue; default to Anumana (inferential argumentative span),,,
essay202,Premise,From that day onwards I did not offer him any support and finally he was transferred from our department to a distant location as a punishment for his irresponsibility,Anumana,No strong cue; default to Anumana (inferential argumentative span),,,
essay034,Premise,children can learn social skills when they have a job,Anumana,No strong cue; default to Anumana (inferential argumentative span),,,
essay286,MajorClaim,experiences that shape my thinking and the way to live my life are teach me to be a better person,Anumana,No strong cue; default to Anumana (inferential argumentative span),,,
essay343,Premise,"online advertisement is one of the easiest approaches due to their potential gains such as cheaper cost, convenience and easily observing",Anumana,No strong cue; default to Anumana (inferential argumentative span),,,
essay341,Premise,those tradition-related things convey traditional culture and values,Anumana,No strong cue; default to Anumana (inferential argumentative span),,,
essay131,Claim,not only could investing in art be considered as wasting money at any kind,Anumana,No strong cue; default to Anumana (inferential argumentative span),,,
essay241,Premise,"Meeting and knowing new people's tradition is an unforgettable experience, which could influence on one's previous habits",Anumana,No strong cue; default to Anumana (inferential argumentative span),,,
essay235,Premise,University is more likely to become a money making business,Anumana,Matched Anumana cues: likely,,,
essay248,Premise,"If I worked in the different field from my father, I would have faced much difficulty than I do now",Anumana,No strong cue; default to Anumana (inferential argumentative span),,,
essay387,MajorClaim,people's health would therefore be affected negatively,Anumana,Matched Anumana cues: therefore,,,
essay183,Claim,children will learn behavior from what they see on TV not from their parents,Anumana,No strong cue; default to Anumana (inferential argumentative span),,,
essay016,Claim,"it is indisputable that every new kind food or pill may be noxious, and scientists must do something to insure that the new invention benefits people instead of making people ill or even dying",Anumana,No strong cue; default to Anumana (inferential argumentative span),,,
essay269,Premise,majority of people would choose the former,Anumana,No strong cue; default to Anumana (inferential argumentative span),,,
essay230,Claim,"by taking a part-time job, they certainly have to be responsible for anything they have done",Anumana,No strong cue; default to Anumana (inferential argumentative span),,,
essay140,Claim,judging student's skills and abilities should only be based on their academic qualifications and talents rather than gender in particular,Anumana,No strong cue; default to Anumana (inferential argumentative span),,,
essay087,Claim,"They have more opportunities, profits, and authorities",Shabda,Matched Shabda cues: authorities,,,
essay132,Premise,This overwhelming crisis is prompting delayering and reduction of workers,Anumana,No strong cue; default to Anumana (inferential argumentative span),,,
essay309,Premise,Students can also have more chance of interaction with their teachers and classmates,Anumana,No strong cue; default to Anumana (inferential argumentative span),,,
essay373,Premise,"If you kill a criminal, you become a criminal",Anumana,No strong cue; default to Anumana (inferential argumentative span),,,
essay380,Premise,taxation on flamable resources might backfire by conducing to inflation,Anumana,No strong cue; default to Anumana (inferential argumentative span),,,
essay383,Premise,applying technological science into the preparation of medications also plays a significant role in saving the number of patients' lives,Anumana,No strong cue; default to Anumana (inferential argumentative span),,,
essay280,Claim,people who know a wide range of is better than people who know just one,Anumana,No strong cue; default to Anumana (inferential argumentative span),,,
essay330,Claim,"In personal live, we have some responsibilities towards to other people, there is nobody who likes all of these responsibilities",Upamana,Matched Upamana cues: like,,,
essay002,Premise,"Fail to create this familiarity makes them felt isolated, in the extreme can lead to social disorder like autism",Upamana,Matched Upamana cues: like,,,
essay283,Claim,teacher could not pay attention to each students in class,Anumana,No strong cue; default to Anumana (inferential argumentative span),,,
essay034,Claim,there are some advantages of leaving school to find a job,Anumana,No strong cue; default to Anumana (inferential argumentative span),,,
essay039,Claim,many facts about solar system can be discovered,Anumana,No strong cue; default to Anumana (inferential argumentative span),,,
essay215,Premise,"doing so can bring us a healthy body, a refreshed mind and a way to release pressure and sadness",Anumana,No strong cue; default to Anumana (inferential argumentative span),,,
essay173,Premise,"If you visit the zoo, you get to watch the animals, their customs, what they eat and how they eat it, as well as which characteristics the different species have",Anumana,No strong cue; default to Anumana (inferential argumentative span),,,
essay095,Premise,today entertainment is easier for people to enjoy than ever before,Anumana,No strong cue; default to Anumana (inferential argumentative span),,,
essay141,Claim,"communication by letters, email, or telephone can enable them to talk without scruple, which is also one of the most important parts in communication",Anumana,No strong cue; default to Anumana (inferential argumentative span),,,
essay055,Premise,"In students' point of view, the combination of difficult and easy subjects balances their schoolwork stress and fosters their enthusiasm on classes",Anumana,Matched Anumana cues: thus,,,
essay192,Claim,staying in contact with a large number of friends gives the opportunity to learn more from the others' experiences,Anumana,No strong cue; default to Anumana (inferential argumentative span),,,
essay172,Premise,you would be able to concentrate better,Anumana,No strong cue; default to Anumana (inferential argumentative span),,,
essay236,Claim,"If a professor doesn't get any researching works, he cannot give us the opportunity",Anumana,No strong cue; default to Anumana (inferential argumentative span),,,
essay064,Premise,One primary merit of traditional games is that they foster children's communication skills,Anumana,No strong cue; default to Anumana (inferential argumentative span),,,
essay232,MajorClaim,parents are the greatest teachers,Anumana,No strong cue; default to Anumana (inferential argumentative span),,,
essay254,MajorClaim,environmental conservation is more essential than economic developments in the aspects of urgency and ranges of influence,Anumana,No strong cue; default to Anumana (inferential argumentative span),,,
essay106,Premise,A large proportion of death involved second hand smoker particularly young children and pregnant women who were vulnerable to these lethal diseases,Anumana,No strong cue; default to Anumana (inferential argumentative span),,,
essay354,Claim,it is because of sedentary lifestlyle,Anumana,Matched Anumana cues: because,,,
essay063,Premise,"as a matter of fact, using technology or advanced facilities do not make food lose its nutrition and quality",Anumana,No strong cue; default to Anumana (inferential argumentative span),,,
essay377,Claim,university restriction has both pros and cons,Anumana,No strong cue; default to Anumana (inferential argumentative span),,,
essay300,Claim,several vacations throughout the year will keep stress level of students low,Anumana,No strong cue; default to Anumana (inferential argumentative span),,,
essay213,Claim,the ability to work alone will help you increase your ability to work with other people,Anumana,No strong cue; default to Anumana (inferential argumentative span),,,
essay342,Premise,"famous singers or movie stars, despite of their talent to make them successful, there are always a team to manage works or deal with things",Anumana,No strong cue; default to Anumana (inferential argumentative span),,,
essay262,MajorClaim,every prospective between generations alters and especially the challenges for this generation are significantly different from the last generation,Anumana,No strong cue; default to Anumana (inferential argumentative span),,,
essay305,MajorClaim,"if the students choose the classes as optional, it would provide more benefits than drawbacks",Anumana,No strong cue; default to Anumana (inferential argumentative span),,,
essay348,Claim,all people who are able to work should pay tax to the government,Anumana,No strong cue; default to Anumana (inferential argumentative span),,,
essay289,Claim,schools are also improve their quality,Anumana,No strong cue; default to Anumana (inferential argumentative span),,,
essay314,MajorClaim,it is necessary for us to be extraordinarily cautious,Anumana,No strong cue; default to Anumana (inferential argumentative span),,,
essay038,Claim,"Under proper use of technology, the human being can be benefit a lot and perpetually from the advancement of it",Anumana,No strong cue; default to Anumana (inferential argumentative span),,,
essay045,Premise,"there are other pressing demands on the government expenditure, such as health care service and education",Anumana,No strong cue; default to Anumana (inferential argumentative span),,,
essay130,Premise,"tourism provides a considerable number of direct and indirect jobs to the community, including retail, hotels, transport, agriculture, and in the service industry",Anumana,No strong cue; default to Anumana (inferential argumentative span),,,
essay233,Premise,some industrial foods are very bad for their health,Anumana,No strong cue; default to Anumana (inferential argumentative span),,,
essay250,Claim,"It is a positive encouragement for many more talented people to contribute to the world of athletics and entertainment, giving us awesome performances to enjoy",Anumana,No strong cue; default to Anumana (inferential argumentative span),,,
essay081,Claim,there are many wonderful and beautiful Arts due to the freedom to express ideas,Anumana,No strong cue; default to Anumana (inferential argumentative span),,,
essay079,Claim,public services and facilities should be given adequate attention by the authorities to maintain social stability,Shabda,Matched Shabda cues: authorities,,,
essay040,Claim,doing extra jobs helps student with money for their accommodation,Anumana,No strong cue; default to Anumana (inferential argumentative span),,,
essay277,Claim,Students would improve their social positions and encounter their problems in positive ways and also intend in the more confidence manner and etc,Anumana,No strong cue; default to Anumana (inferential argumentative span),,,
essay307,MajorClaim,"television, magazines and newspapers pay too much attention of peoples' private lives for all the reasons mentioned above, namely to increase audience or readership and to give exciting and shocking news to a society which feed upon gutter press and Tabloid TV",Anumana,No strong cue; default to Anumana (inferential argumentative span),,,
essay082,Claim,"advertising is believed by many, a financial burden to businesses",Anumana,No strong cue; default to Anumana (inferential argumentative span),,,
essay381,MajorClaim,it will bring the higher level of violence,Anumana,No strong cue; default to Anumana (inferential argumentative span),,,
essay010,Claim,the policy that concentrates money on developing public transportation brings an advantageous impact on earth,Anumana,No strong cue; default to Anumana (inferential argumentative span),,,
essay243,Premise,You can talk to others from thousands mile,Anumana,No strong cue; default to Anumana (inferential argumentative span),,,
essay245,Premise,Many people have problems with calling a person that they are not acquainted with,Anumana,No strong cue; default to Anumana (inferential argumentative span),,,
essay200,Claim,"it is polluting the Earth environment, depleting the resource and imperiling other species' lives",Anumana,No strong cue; default to Anumana (inferential argumentative span),,,
essay323,Claim,parents are our teachers from the very early time in our life,Anumana,No strong cue; default to Anumana (inferential argumentative span),,,
essay077,MajorClaim,zoos offer a good man-made environment which could prolong the life span of wild animals and cultivate the notion of protecting animals,Anumana,No strong cue; default to Anumana (inferential argumentative span),,,
essay341,MajorClaim,the importance of traditions should be valued and paid attention to,Anumana,No strong cue; default to Anumana (inferential argumentative span),,,
essay255,Premise,with the stations increased people are willing to take a public transportation than drive on their own,Anumana,No strong cue; default to Anumana (inferential argumentative span),,,
essay308,MajorClaim,I prefer to spend my entire live in one place which is my hometown,Anumana,No strong cue; default to Anumana (inferential argumentative span),,,
essay164,Premise,excellent working result will make them very happy as well as their boss,Anumana,No strong cue; default to Anumana (inferential argumentative span),,,
essay235,MajorClaim,universities should provide free of cost education to the interested scholars,Anumana,No strong cue; default to Anumana (inferential argumentative span),,,
essay385,MajorClaim,the guns which are used by police have not been a trigger of higher level of violence,Anumana,No strong cue; default to Anumana (inferential argumentative span),,,
essay056,MajorClaim,it's a reasonable loss in globalization,Anumana,No strong cue; default to Anumana (inferential argumentative span),,,
essay127,MajorClaim,life in the old days brings more happiness to people than today for several reasons,Anumana,No strong cue; default to Anumana (inferential argumentative span),,,
essay284,MajorClaim,"if the good people always get an happy ending, I don’t think it’s proper",Anumana,No strong cue; default to Anumana (inferential argumentative span),,,
essay018,Claim,Universities should accept equal numbers of students of both genders,Anumana,No strong cue; default to Anumana (inferential argumentative span),,,
essay310,Premise,If they work just in one organization they cannot earn enough money,Anumana,No strong cue; default to Anumana (inferential argumentative span),,,
essay142,Premise,they do not have to spend more time in health checking or treatment,Anumana,No strong cue; default to Anumana (inferential argumentative span),,,
essay310,Claim,people prone to work in two or three firms in a week,Anumana,No strong cue; default to Anumana (inferential argumentative span),,,
essay125,Premise,"my brother are studying in an international university with a mixed community include Vietnam, Brazil, Argentina, etc",Anumana,No strong cue; default to Anumana (inferential argumentative span),,,
essay143,Premise,Try something new can indeed make people become special,Anumana,No strong cue; default to Anumana (inferential argumentative span),,,
essay396,Claim,indispensable public services like hospital and school worth every penny investing,Upamana,Matched Upamana cues: like,,,
essay086,MajorClaim,big cities can be a good place for bringing up children,Anumana,No strong cue; default to Anumana (inferential argumentative span),,,
essay271,MajorClaim,communicating and studying with peer group is a good way for learning materials,Anumana,No strong cue; default to Anumana (inferential argumentative span),,,
essay011,Premise,"there is a fact that one can improve health conditions with everyday physical activity: gradually, step by step we change physical condition to better",Anumana,No strong cue; default to Anumana (inferential argumentative span),,,
essay353,Premise,"the person with better education has a wider outlook, which will allow no brainwash",Anumana,No strong cue; default to Anumana (inferential argumentative span),,,
essay227,MajorClaim,spending the budget for space exploration is an important activity to save living of humanity in the future,Anumana,No strong cue; default to Anumana (inferential argumentative span),,,
essay282,MajorClaim,"listening to music, exercising, and doing meditation are the most activities that people could do to escape from stress",Anumana,No strong cue; default to Anumana (inferential argumentative span),,,
essay199,MajorClaim,I agree with the idea of studying a lone,Anumana,No strong cue; default to Anumana (inferential argumentative span),,,
essay110,Claim,People in society must do more than paying taxes to contribute to their society,Anumana,No strong cue; default to Anumana (inferential argumentative span),,,
essay302,MajorClaim,there is no other choice than saving money for some time,Anumana,No strong cue; default to Anumana (inferential argumentative span),,,
essay338,Claim,it is had some demerits on their social lives,Anumana,No strong cue; default to Anumana (inferential argumentative span),,,
essay135,Premise,there is a high demand that the money should be spent in the place where it is collected,Anumana,No strong cue; default to Anumana (inferential argumentative span),,,
essay106,Claim,the number of fatality can be significantly reduced if a total ban on public smoking is implemented,Anumana,No strong cue; default to Anumana (inferential argumentative span),,,
essay279,MajorClaim,the internet provides a lot of valuable information,Anumana,No strong cue; default to Anumana (inferential argumentative span),,,
essay204,Claim,online classes have many advantages,Anumana,No strong cue; default to Anumana (inferential argumentative span),,,
essay088,MajorClaim,people should not give up when they face with a failure,Anumana,No strong cue; default to Anumana (inferential argumentative span),,,
essay161,Premise,practicing these sports helped me greatly,Anumana,No strong cue; default to Anumana (inferential argumentative span),,,
essay396,Premise,These two art forms not only provide the public with entertainment but also contribute significantly to the economy,Anumana,No strong cue; default to Anumana (inferential argumentative span),,,
essay231,MajorClaim,It’s certainly better for children to grow up in a big city,Anumana,No strong cue; default to Anumana (inferential argumentative span),,,
essay049,Premise,the wide spread use of these efficient and effective ways of communication costs a considerable amount of money,Anumana,No strong cue; default to Anumana (inferential argumentative span),,,
essay360,Claim,some celebrities misguide young people by showing their external wealth and appearance,Anumana,No strong cue; default to Anumana (inferential argumentative span),,,
essay263,MajorClaim,a broad knowledge of different subjects is really important,Anumana,No strong cue; default to Anumana (inferential argumentative span),,,
essay196,Claim,learning by doing things is more exciting than learning by reading about things or listening to people talking about,Anumana,No strong cue; default to Anumana (inferential argumentative span),,,
essay248,MajorClaim,choosing the job that is similar to parents' jobs could benefit to one's career,Upamana,Matched Upamana cues: similar to,,,
essay017,MajorClaim,television devastate families ties,Anumana,No strong cue; default to Anumana (inferential argumentative span),,,
essay309,Claim,living in dormitory is always helpful to students,Anumana,No strong cue; default to Anumana (inferential argumentative span),,,
essay032,MajorClaim,"being a global neighbor by aiding poor countries would be continues by many organizations and volunteers, and it will make the earth a better place to live",Anumana,No strong cue; default to Anumana (inferential argumentative span),,,
essay049,Claim,people who live in poverty are less likely to be benefited from modern communication technologies,Anumana,Matched Anumana cues: likely,,,
essay230,Premise,"if a student get a job in a company but he is frequently late for work, the company may reduce his payment or even fire him",Anumana,No strong cue; default to Anumana (inferential argumentative span),,,
essay399,Claim,"some celebrities, e.g. writers, passionate entrepreneurs are good examples to children",Anumana,No strong cue; default to Anumana (inferential argumentative span),,,
essay188,Premise,"exercise will help them to not be less exposed to illness related with cardiovascular, higher blood and cholesterol issues",Anumana,No strong cue; default to Anumana (inferential argumentative span),,,
essay187,Premise,"if I wanted to learn a new language and had enough money to afford the travel, I would definitely make the second choice",Anumana,No strong cue; default to Anumana (inferential argumentative span),,,
essay033,Premise,"Developing globalization, people can have more access to many natural resources of the world and it leads to increasing the pace of scientific and economic promotions of the entire world",Anumana,No strong cue; default to Anumana (inferential argumentative span),,,
essay002,Premise,"In this new environment, parent should find friends coming from their same country so that they can socialize in a very familiar manner as feeling being home",Anumana,No strong cue; default to Anumana (inferential argumentative span),,,
essay184,Premise,"As the game kicks off, the atmosphere inside the stadium is even more exciting",Anumana,No strong cue; default to Anumana (inferential argumentative span),,,
essay060,MajorClaim,a break of one year is good for young people after finishing their high school,Anumana,No strong cue; default to Anumana (inferential argumentative span),,,
essay336,MajorClaim,parents should be more worried about their children's attitudes to the 'cult of celebrity',Anumana,No strong cue; default to Anumana (inferential argumentative span),,,
essay388,Claim,if there is gun control somehow crime has to decrease,Anumana,No strong cue; default to Anumana (inferential argumentative span),,,
essay246,Claim,making quick decisions leads to probable bad results,Anumana,No strong cue; default to Anumana (inferential argumentative span),,,
essay135,Premise,people from other countries may be facing much more serious problems,Anumana,No strong cue; default to Anumana (inferential argumentative span),,,
essay010,Premise,the policy would play a pivotal part in relieving traffic jam,Anumana,No strong cue; default to Anumana (inferential argumentative span),,,
essay237,MajorClaim,most of the time they influence people’s behavior in bad ways,Anumana,No strong cue; default to Anumana (inferential argumentative span),,,
essay252,Premise,They are essential to our spiritual life,Anumana,No strong cue; default to Anumana (inferential argumentative span),,,
essay042,Claim,A raise or a promotion can no doubt increase the morale in the working places,Anumana,No strong cue; default to Anumana (inferential argumentative span),,,
essay344,Claim,art price is about taste,Anumana,No strong cue; default to Anumana (inferential argumentative span),,,
essay244,Premise,it is not good for them to watch television if they want to improve their sense of closeness,Anumana,No strong cue; default to Anumana (inferential argumentative span),,,
essay033,Claim,globalization contribute effectively to the global improvement of the world in many aspects,Anumana,No strong cue; default to Anumana (inferential argumentative span),,,
essay003,MajorClaim,it has contributed to the economic development as well as preserved the culture and environment of the tourist destinations,Anumana,No strong cue; default to Anumana (inferential argumentative span),,,
essay065,MajorClaim,government should invest more on medical care and education rather than on entertaining or sports facilities,Anumana,No strong cue; default to Anumana (inferential argumentative span),,,
essay165,MajorClaim,attending classes in the university will not be required to the students anymore,Anumana,No strong cue; default to Anumana (inferential argumentative span),,,
essay322,Claim,They can benefit us financially by developing other industries,Anumana,No strong cue; default to Anumana (inferential argumentative span),,,
essay047,MajorClaim,animals should live in natural habitats instead of zoos,Anumana,No strong cue; default to Anumana (inferential argumentative span),,,
essay059,Premise,the jury giving the verdict are also humans,Anumana,No strong cue; default to Anumana (inferential argumentative span),,,
essay120,MajorClaim,it is absurd and inhumane,Anumana,No strong cue; default to Anumana (inferential argumentative span),,,
essay111,Claim,it seems to me that testing on animals has no clear result,Anumana,No strong cue; default to Anumana (inferential argumentative span),,,
essay216,MajorClaim,the advantages of upgrading the roads which I mentioned above are totally convincing and indispensable,Anumana,No strong cue; default to Anumana (inferential argumentative span),,,
essay311,Claim,"if the university take the policy that no one can attend the classes without passing exam, students are highly likely to leave uncultivated",Anumana,Matched Anumana cues: likely,,,
essay214,Premise,"it is too strong to assert that smoking should be prohibited everywhere in the society, one smoking in a restaurant is considered to enjoy his time with the ignorance of others' health",Anumana,No strong cue; default to Anumana (inferential argumentative span),,,
essay391,Claim,mobile phones make our communication faster,Anumana,No strong cue; default to Anumana (inferential argumentative span),,,
essay350,Premise,one research fellow may want to know how a small village named Oramaki in Japan was suffering after Second World War,Anumana,No strong cue; default to Anumana (inferential argumentative span),,,
essay117,Claim,if humans stop using technology and lead a simple way of life then only we can save the environment,Anumana,No strong cue; default to Anumana (inferential argumentative span),,,
essay279,Premise,people can learn other countries's culture and tradition which makes them have more knowledge about that nations,Anumana,No strong cue; default to Anumana (inferential argumentative span),,,
essay041,Claim,companies save time and resources for searching new staffs and organizing an orientation,Anumana,No strong cue; default to Anumana (inferential argumentative span),,,
essay283,Claim,grade that students get should not be in evaluating teacher,Anumana,No strong cue; default to Anumana (inferential argumentative span),,,
essay049,MajorClaim,modern communication technologies will benefit more people in the future as the pace of life increases,Anumana,No strong cue; default to Anumana (inferential argumentative span),,,
essay083,Claim,pursuit of nuclear technology one way or the other leads towards atomic weapons,Anumana,No strong cue; default to Anumana (inferential argumentative span),,,
essay372,Claim,"They are the ones that teach, and will teach us to be self-esteem and experienced, which means their preservation throughout history deserve our attention",Anumana,No strong cue; default to Anumana (inferential argumentative span),,,
essay234,Claim,standardized tests are preferable,Anumana,No strong cue; default to Anumana (inferential argumentative span),,,
essay017,Premise,We kill time by tracking these channels so at the end of the day we understand it is late for doing any other activities,Anumana,No strong cue; default to Anumana (inferential argumentative span),,,
essay307,MajorClaim,mass media deal too much with superficial things,Anumana,No strong cue; default to Anumana (inferential argumentative span),,,
essay315,Claim,"Cultural events such as exhibitions and theatre plays can enrich one's and widen his horizons, things which aren't offered by small towns",Anumana,No strong cue; default to Anumana (inferential argumentative span),,,
essay296,Claim,technology destroys the language,Anumana,No strong cue; default to Anumana (inferential argumentative span),,,
essay109,MajorClaim,the government should regulate the correct amount of violent and sexual content and censor the culturally unsuitable information,Anumana,No strong cue; default to Anumana (inferential argumentative span),,,
essay221,MajorClaim,the zoo is invaluable for human beings,Anumana,No strong cue; default to Anumana (inferential argumentative span),,,
essay097,Premise,there are many good opportunities for discovering different cultures,Anumana,No strong cue; default to Anumana (inferential argumentative span),,,
essay006,MajorClaim,studying abroad has many advantages,Anumana,No strong cue; default to Anumana (inferential argumentative span),,,
essay346,Premise,his invention's productivity is countless useful for mankind,Anumana,No strong cue; default to Anumana (inferential argumentative span),,,
essay289,MajorClaim,school should ask students to evaluate their teachers,Anumana,No strong cue; default to Anumana (inferential argumentative span),,,
essay097,Claim,sport events help to wake up love and responsibilities strongly in each citizen,Anumana,No strong cue; default to Anumana (inferential argumentative span),,,
essay046,Premise,students are the ones here to seek knowledge,Anumana,No strong cue; default to Anumana (inferential argumentative span),,,
essay218,MajorClaim,"childhood is, indeed, the most happiest moments in a person's life",Anumana,No strong cue; default to Anumana (inferential argumentative span),,,
essay147,Claim,games become unnecessary for people when their careers begin,Anumana,No strong cue; default to Anumana (inferential argumentative span),,,
essay342,Premise,"Having a good cooperating spirit helps kids to communicate and get along with others, which gives them more possibility to solve problems or to achieve a goal easily by working as a team",Anumana,No strong cue; default to Anumana (inferential argumentative span),,,
essay152,MajorClaim,in the current world living standards stand in a much higher level and people are in better conditions socially and physically,Anumana,No strong cue; default to Anumana (inferential argumentative span),,,
essay287,Claim,in foreign country I could have a chance to speak foreign language with my friends,Anumana,No strong cue; default to Anumana (inferential argumentative span),,,
essay028,Premise,tourism makes up one-third of the Czech Republic's economy,Anumana,No strong cue; default to Anumana (inferential argumentative span),,,
essay274,MajorClaim,doing what you can already do well helps you make a big accomplishment and do it much better,Anumana,No strong cue; default to Anumana (inferential argumentative span),,,
essay037,Claim,It really help to alleviate the tension,Anumana,No strong cue; default to Anumana (inferential argumentative span),,,
essay302,Premise,Without our savings we could not have pursued our long-time dream,Anumana,No strong cue; default to Anumana (inferential argumentative span),,,
essay371,Premise,eating their meat mean you eat the flesh of your parent sentient beings,Anumana,No strong cue; default to Anumana (inferential argumentative span),,,
essay290,MajorClaim,I personally prefer to work for a large company,Anumana,No strong cue; default to Anumana (inferential argumentative span),,,
essay311,Premise,"And if I cannot attend the classes until I pass the exam of electronics, I could not pass the entire part of physics, and I will fail the exam over and over again",Anumana,No strong cue; default to Anumana (inferential argumentative span),,,
essay134,MajorClaim,qualification is still the fundamental determinant of an employee's competency of their jobs,Anumana,No strong cue; default to Anumana (inferential argumentative span),,,
essay251,Premise,Those who don't even take a word of criticism will eventually lose chances to get improved,Anumana,No strong cue; default to Anumana (inferential argumentative span),,,
essay361,MajorClaim,if students were allowed to freely watch TV without any proper controls by parents or teachers then it would produce more negative effects on children,Anumana,No strong cue; default to Anumana (inferential argumentative span),,,
essay113,MajorClaim,Poorer nations need help from richer nations in these areas to develop their countries,Anumana,No strong cue; default to Anumana (inferential argumentative span),,,
essay123,Premise,unfortunately nowadays there are some individuals who cheat the others for gaining more power and money,Anumana,No strong cue; default to Anumana (inferential argumentative span),,,
essay232,Premise,More power than any friend or other adult could have,Anumana,No strong cue; default to Anumana (inferential argumentative span),,,
essay146,Premise,General education plays a significant role in specialized education,Anumana,No strong cue; default to Anumana (inferential argumentative span),,,
essay358,Premise,They save the travelling time to Universities and utilize that time on their studies,Shabda,Matched Shabda cues: studies,,,
essay005,Claim,living and studying overseas is an irreplaceable experience when it comes to learn standing on your own feet,Anumana,No strong cue; default to Anumana (inferential argumentative span),,,
essay319,Premise,it will not effect on their study,Anumana,No strong cue; default to Anumana (inferential argumentative span),,,
essay085,Premise,"when a shop is attacked by thieves, the clips taken by these cameras serve as a source of evidence to help the thieves to be traced",Anumana,No strong cue; default to Anumana (inferential argumentative span),,,
