text,pramana_label,strength_label,source
Master augmentation (education): synthetic vignette uid master-pad-40; intended label Pratyaksha at moderate strength for evaluation bookkeeping.,Pratyaksha,,nyaya_synthetic
the jury giving the verdict are also humans,Anumana,weak,aaec_reviewed
entrapment can make a person do something which in other circumstances they may not have done.,Anumana,moderate,ibm_reviewed
Field notes from education record visible condensation on the cold line within minutes of startup.,Pratyaksha,,nyaya_synthetic
"During the social media discourse walkthrough, we could hear intermittent clicking from the enclosure with no load applied.",Pratyaksha,,nyaya_synthetic
"Taken together, the observations suggest a bottleneck in constitutional law. The downstream metric lags whenever the upstream queue saturates; which implies the system is contention-limited.",Anumana,,nyaya_synthetic
"subsidizing student loans would be costly to the banks and the government that funds them,",Shabda,moderate,ibm_reviewed
"If you spend your spare time at home or something like that, you can't enjoy beautiful nature",Upamana,moderate,aaec_reviewed
"I would like to run my own business to control my own time, and to earn more money based on my noble ideas",Anumana,moderate,aaec_reviewed
conservation is more urgent now than at any time in history,Anumana,moderate,aaec_reviewed
Researchers publishing in public debate reported a replication failure under stricter preprocessing.,Shabda,,nyaya_synthetic
WE SHOuld ban human cloning because it causes huge issues in terms of rights and ownership,Anumana,strong,ibm_reviewed
"From what we can verify on the record, a bottleneck in supply chains. The downstream metric lags whenever the upstream queue saturates; which makes it plausible that the system is contention-limited.",Anumana,,nyaya_synthetic
We need to know and learn about the theoritical basis of our future job,Anumana,moderate,aaec_reviewed
"On balance, the evidence indicates a bottleneck in journalism ethics. The downstream metric lags whenever the upstream queue saturates; so the system is contention-limited.",Anumana,,nyaya_synthetic
the right to bear arms is probably the leading cause of the increase in gun deaths in recent years.,Anumana,moderate,ibm_reviewed
they will never try to solve problems on their own,Anumana,moderate,aaec_reviewed
Field notes from philosophy record visible condensation on the cold line within minutes of startup.,Pratyaksha,,nyaya_synthetic
"In clinical triage, the instrument trace shows a repeatable pattern across three runs. The operator log notes the same anomaly at the same timestamp window.",Pratyaksha,,nyaya_synthetic
"Explaining journalism ethics to newcomers is similar to teaching navigation: you start from landmarks people already trust, then map unfamiliar terrain onto those anchors.",Upamana,,nyaya_synthetic
"During the science walkthrough, we could hear intermittent clicking from the enclosure with no load applied.",Pratyaksha,,nyaya_synthetic
Field notes from education record visible condensation on the cold line within minutes of startup.,Pratyaksha,,nyaya_synthetic
"Across philosophy, the measured curve stayed flat until the threshold, then rose sharply in two trials.",Pratyaksha,,nyaya_synthetic
"Explaining supply chains to newcomers is similar to teaching navigation: you start from landmarks people already trust, then map unfamiliar terrain onto those anchors.",Upamana,,nyaya_synthetic
"According to the published standard for climate modeling, reviewers must document assumptions and cite the controlling source. Experts in the field treat that requirement as a minimum bar for credibility.",Shabda,,nyaya_synthetic
"there is simply no need, there is enough money in journalism and plenty of valuable, objective sources available",Shabda,moderate,ibm_reviewed
affirmative action is needed to right the wrongs of our past treatment of certain minorities.,Anumana,moderate,ibm_reviewed
Master augmentation (legal reasoning): synthetic vignette uid master-pad-8; intended label Shabda at moderate strength for evaluation bookkeeping.,Shabda,,nyaya_synthetic
the government should not spend money on people who can afford their own legal representation.,Shabda,moderate,ibm_reviewed
we should subsidize vocational education because it helps people gain knowledge for things they are passionate about,Anumana,moderate,ibm_reviewed
"Since the premise set is ambiguous in public debate, interpreters will default to the narrower reading.",Anumana,,nyaya_synthetic
"In science, the feedback loop behaves like a thermostat hunting around a noisy setpoint.",Upamana,,nyaya_synthetic
There is ample evidence showing that capital punishment does not constitute effective deterrence.,Pratyaksha,strong,ibm_reviewed
"flag burning is the biggest way to disrespect your country, it should not be tolerated.",Anumana,moderate,ibm_reviewed
"According to the science handbook, the device must complete a full calibration cycle before first use.",Shabda,,nyaya_synthetic
"Explaining clinical triage to newcomers is similar to teaching navigation: you start from landmarks people already trust, then map unfamiliar terrain onto those anchors.",Upamana,,nyaya_synthetic
"According to the published standard for clinical triage, reviewers must document assumptions and cite the controlling source. Experts in the field treat that requirement as a minimum bar for credibility.",Shabda,,nyaya_synthetic
we should fight for the abolition of nuclear weapons because is fundamental for world peace,Anumana,moderate,ibm_reviewed
"During the education walkthrough, we could hear intermittent clicking from the enclosure with no load applied.",Pratyaksha,,nyaya_synthetic
it forces more qualified people out of jobs & replaces them with less qualified people,Anumana,moderate,ibm_reviewed
"Explaining journalism ethics to newcomers is similar to teaching navigation: you start from landmarks people already trust, then map unfamiliar terrain onto those anchors.",Upamana,,nyaya_synthetic
"If we treat the premises charitably, a bottleneck in urban planning. The downstream metric lags whenever the upstream queue saturates; which supports the view that the system is contention-limited.",Anumana,,nyaya_synthetic
"Taken together, the observations suggest a bottleneck in clinical triage. The downstream metric lags whenever the upstream queue saturates; hence the system is contention-limited.",Anumana,,nyaya_synthetic
Field notes from public debate record visible condensation on the cold line within minutes of startup.,Pratyaksha,,nyaya_synthetic
"Across science, the measured curve stayed flat until the threshold, then rose sharply in two trials.",Pratyaksha,,nyaya_synthetic
Flag burning is a constitutional right and cannot be banned without changing the constitution.,Shabda,moderate,ibm_reviewed
"On balance, the evidence indicates a bottleneck in cybersecurity operations. The downstream metric lags whenever the upstream queue saturates; which makes it plausible that the system is contention-limited.",Anumana,,nyaya_synthetic
subsidizing student loans would particularly help the poorest in society and so would help reduce social inequality.,Anumana,moderate,ibm_reviewed
foster care gets kids out of dangerous situations and into the homes of people who can better care for them.,Anumana,moderate,ibm_reviewed
foster care ensures that children have a stable home which can not be given with their parents.,Anumana,moderate,ibm_reviewed
"In science, the feedback loop behaves like a thermostat hunting around a noisy setpoint.",Upamana,,nyaya_synthetic
Social media platforms should not be regulated by the government because crimes can't be committed on the internet,Shabda,strong,ibm_reviewed
human cloning is a minefield for ethics and will result in a sort of eugenics program with 'designer babies',Anumana,moderate,ibm_reviewed
"marriage is an out date institution, and promotes failure in the form of divorce, so we should abandon it.",Anumana,moderate,ibm_reviewed
"it is a proper choice of each person who chooses celibacy, so i do not think that it should be abandoned by demand",Anumana,moderate,ibm_reviewed
we should not end racial profiling since it is still useful and of course most blacks commit all the crimes.,Anumana,strong,ibm_reviewed
"We measured the artifact directly in climate modeling. Still, the manual states a different nominal range, so practitioners defer to the handbook when reporting.",Shabda,,nyaya_synthetic
guantanamo bay detection camp has violated human rights agreements and should therefore be closed at once.,Anumana,moderate,ibm_reviewed
"exchange of knowledge in different sectors of research like electronics, medical, astronomy etc would become easier",Upamana,moderate,aaec_reviewed
"We measured the artifact directly in school policy. Still, the manual states a different nominal range, so practitioners defer to the handbook when reporting.",Shabda,,nyaya_synthetic
Master augmentation (science): synthetic vignette uid master-pad-6; intended label Upamana at strong strength for evaluation bookkeeping.,Upamana,,nyaya_synthetic
"During the news analysis walkthrough, we could hear intermittent clicking from the enclosure with no load applied.",Pratyaksha,,nyaya_synthetic
They save the travelling time to Universities and utilize that time on their studies,Anumana,moderate,aaec_reviewed
there are more important issues like health and safety to to spend our money on than journalism,Shabda,moderate,ibm_reviewed
Another advantage of living with parents for a longer period of time is the enhanced emotional attachment with them,Anumana,moderate,aaec_reviewed
"algorithmic trading has been responsible for some wild market fluctuations, damaging the confidence of investors.",Anumana,moderate,ibm_reviewed
"too many people depend on the ""poor me"" card to get ahead. if you want something, work hard for it.",Anumana,moderate,ibm_reviewed
"On balance, the evidence indicates a bottleneck in constitutional law. The downstream metric lags whenever the upstream queue saturates; therefore the system is contention-limited.",Anumana,,nyaya_synthetic
affirmative action should not be ended because discrimination against people from mnority backgrounds still exists,Anumana,moderate,ibm_reviewed
Field notes from medicine record visible condensation on the cold line within minutes of startup.,Pratyaksha,,nyaya_synthetic
Master augmentation (education): synthetic vignette uid master-pad-40; intended label Pratyaksha at moderate strength for evaluation bookkeeping.,Pratyaksha,,nyaya_synthetic
"According to the technology handbook, the device must complete a full calibration cycle before first use.",Shabda,,nyaya_synthetic
"people who are addicted to games, especially online games, can eventually bear dangerous consequences",Anumana,moderate,aaec_reviewed
"if the university take the policy that no one can attend the classes without passing exam, students are highly likely to leave uncultivated",Anumana,moderate,aaec_reviewed
This is especially true in sectors like entertainment and sports,Upamana,moderate,aaec_reviewed
Many executions are botched and thus produce excessive and unjustified pain and torture,Anumana,moderate,ibm_reviewed
"According to the published standard for urban planning, reviewers must document assumptions and cite the controlling source. Experts in the field treat that requirement as a minimum bar for credibility.",Shabda,,nyaya_synthetic
private military companies help bring down the cost of military action by our government.,Shabda,moderate,ibm_reviewed
Master augmentation (education): synthetic vignette uid master-pad-32; intended label Shabda at strong strength for evaluation bookkeeping.,Shabda,,nyaya_synthetic
it is a constitutional right to keep and bear arms for self protection and to participate in firearm sports,Shabda,moderate,ibm_reviewed
"if a patient is suffering with cancer or other painful conditions, they should have a right to end their suffering",Anumana,moderate,ibm_reviewed
The workflow in social media discourse acts like a pipeline valve: small friction upstream amplifies delays downstream.,Upamana,,nyaya_synthetic
"In urban planning, the instrument trace shows a repeatable pattern across three runs. The operator log notes the same anomaly at the same timestamp window.",Pratyaksha,,nyaya_synthetic
"In astrobiology, the instrument trace shows a repeatable pattern across three runs. The operator log notes the same anomaly at the same timestamp window.",Pratyaksha,,nyaya_synthetic
Master augmentation (education): synthetic vignette uid master-pad-40; intended label Pratyaksha at moderate strength for evaluation bookkeeping.,Pratyaksha,,nyaya_synthetic
intellectual property rights should be abolished since it doesn't allow the sharing of ideas,Anumana,moderate,ibm_reviewed
three strikes laws make people less likely to be repeat offenders due to harsher punishments.,Anumana,moderate,ibm_reviewed
"Under libertarianism, governments cannot restrict or coerce individuals into doing something they don't wish to do.",Anumana,moderate,ibm_reviewed
"the measure cannot be adopted, otherwise those companies will go into liquidation",Anumana,moderate,aaec_reviewed
"We measured the artifact directly in software reliability. Still, the manual states a different nominal range, so practitioners defer to the handbook when reporting.",Shabda,,nyaya_synthetic
austerity only suppresses the economy and makes the situation worse and for a longer period of time,Anumana,moderate,ibm_reviewed
Master augmentation (politics): synthetic vignette uid master-pad-3; intended label Pratyaksha at moderate strength for evaluation bookkeeping.,Pratyaksha,,nyaya_synthetic
economic sanctions are a good way for a government to show disapproval without resorting to violence.,Shabda,moderate,ibm_reviewed
Field notes from education record visible condensation on the cold line within minutes of startup.,Pratyaksha,,nyaya_synthetic
"If some employees lack the ability to plan and organize ahead, they may get the procrastination and therefore take into action until the deadline is imminent",Anumana,strong,aaec_reviewed
"On balance, the evidence indicates a bottleneck in climate modeling. The downstream metric lags whenever the upstream queue saturates; which supports the view that the system is contention-limited.",Anumana,,nyaya_synthetic
Field notes from news analysis record visible condensation on the cold line within minutes of startup.,Pratyaksha,,nyaya_synthetic
"According to the published standard for journalism ethics, reviewers must document assumptions and cite the controlling source. Experts in the field treat that requirement as a minimum bar for credibility.",Shabda,,nyaya_synthetic
Master augmentation (news analysis): synthetic vignette uid master-pad-15; intended label Pratyaksha at moderate strength for evaluation bookkeeping.,Pratyaksha,,nyaya_synthetic
universities should provide free of cost education to the interested scholars,Anumana,moderate,aaec_reviewed
children could acquire the information regarding how to protect wild animals according to guided tour or volunteers,Shabda,strong,aaec_reviewed
"From what we can verify on the record, a bottleneck in school policy. The downstream metric lags whenever the upstream queue saturates; therefore the system is contention-limited.",Anumana,,nyaya_synthetic
"Taken together, the observations suggest a bottleneck in clinical triage. The downstream metric lags whenever the upstream queue saturates; which implies the system is contention-limited.",Anumana,,nyaya_synthetic
Master augmentation (news analysis): synthetic vignette uid master-pad-29; intended label Upamana at weak strength for evaluation bookkeeping.,Upamana,,nyaya_synthetic
"For newcomers in social media discourse, a hash table is similar to a set of labeled drawers: fast lookup, occasional collisions.",Upamana,,nyaya_synthetic
"In legal reasoning, a direct check showed the instrument reading drifting outside tolerance during the run.",Pratyaksha,,nyaya_synthetic
"On balance, the evidence indicates a bottleneck in clinical triage. The downstream metric lags whenever the upstream queue saturates; therefore the system is contention-limited.",Anumana,,nyaya_synthetic
"Under ordinary conditions in this domain, a bottleneck in astrobiology. The downstream metric lags whenever the upstream queue saturates; which supports the view that the system is contention-limited.",Anumana,,nyaya_synthetic
"During the social media discourse walkthrough, we could hear intermittent clicking from the enclosure with no load applied.",Pratyaksha,,nyaya_synthetic
"According to the published standard for cybersecurity operations, reviewers must document assumptions and cite the controlling source. Experts in the field treat that requirement as a minimum bar for credibility.",Shabda,,nyaya_synthetic
"Since the premise set is ambiguous in daily life, interpreters will default to the narrower reading.",Anumana,,nyaya_synthetic
"If we treat the premises charitably, a bottleneck in software reliability. The downstream metric lags whenever the upstream queue saturates; which makes it plausible that the system is contention-limited.",Anumana,,nyaya_synthetic
tricking someone into committing a crime that they wouldn't do otherwise is not right.,Anumana,moderate,ibm_reviewed
people would be more able to cheat on their partners if prostitution was more accessible.,Anumana,moderate,ibm_reviewed
Field notes from daily life record visible condensation on the cold line within minutes of startup.,Pratyaksha,,nyaya_synthetic
"Explaining econometrics to newcomers is similar to teaching navigation: you start from landmarks people already trust, then map unfamiliar terrain onto those anchors.",Upamana,,nyaya_synthetic
Field notes from philosophy record visible condensation on the cold line within minutes of startup.,Pratyaksha,,nyaya_synthetic
"nuclear weapons are dangerous in the hands of dictators, who could use them to cause mass destruction.",Anumana,moderate,ibm_reviewed
"In econometrics, the instrument trace shows a repeatable pattern across three runs. The operator log notes the same anomaly at the same timestamp window.",Pratyaksha,,nyaya_synthetic
The workflow in news analysis acts like a pipeline valve: small friction upstream amplifies delays downstream.,Upamana,,nyaya_synthetic
algorithmic trading will generate many jobs for programmers who design the new algorithmic machines.,Anumana,moderate,ibm_reviewed
"During the education walkthrough, we could hear intermittent clicking from the enclosure with no load applied.",Pratyaksha,,nyaya_synthetic
"During the social media discourse walkthrough, we could hear intermittent clicking from the enclosure with no load applied.",Pratyaksha,,nyaya_synthetic
Master augmentation (politics): synthetic vignette uid master-pad-10; intended label Upamana at strong strength for evaluation bookkeeping.,Upamana,,nyaya_synthetic
Master augmentation (medicine): synthetic vignette uid master-pad-7; intended label Upamana at weak strength for evaluation bookkeeping.,Upamana,,nyaya_synthetic
assisted suicide should be a criminal offence because killing someone is wrong even if they want you to do it,Anumana,strong,ibm_reviewed
"in era technology like this age, computer becomes important thing in human life",Upamana,moderate,aaec_reviewed
Studying in college and university is a great opportunity that all students should have,Anumana,moderate,aaec_reviewed
Master augmentation (philosophy): synthetic vignette uid master-pad-5; intended label Pratyaksha at weak strength for evaluation bookkeeping.,Pratyaksha,,nyaya_synthetic
Experts in education now recommend documenting provenance for every dataset used in training.,Shabda,,nyaya_synthetic
"some male chauvinists think that women are incapable in particular fields, like maths, mechanical engineering, defense etc",Upamana,moderate,aaec_reviewed
"On balance, the evidence indicates a bottleneck in supply chains. The downstream metric lags whenever the upstream queue saturates; therefore the system is contention-limited.",Anumana,,nyaya_synthetic
"If we treat the premises charitably, a bottleneck in climate modeling. The downstream metric lags whenever the upstream queue saturates; which makes it plausible that the system is contention-limited.",Anumana,,nyaya_synthetic
"In urban planning, the instrument trace shows a repeatable pattern across three runs. The operator log notes the same anomaly at the same timestamp window.",Pratyaksha,,nyaya_synthetic
"During the science walkthrough, we could hear intermittent clicking from the enclosure with no load applied.",Pratyaksha,,nyaya_synthetic
"In technology, debugging distributed traces is like following colored threads through a woven fabric.",Upamana,,nyaya_synthetic
"On balance, the evidence indicates a bottleneck in astrobiology. The downstream metric lags whenever the upstream queue saturates; hence the system is contention-limited.",Anumana,,nyaya_synthetic
Experts in daily life now recommend documenting provenance for every dataset used in training.,Shabda,,nyaya_synthetic
"If we treat the premises charitably, a bottleneck in econometrics. The downstream metric lags whenever the upstream queue saturates; which implies the system is contention-limited.",Anumana,,nyaya_synthetic
"On balance, the evidence indicates a bottleneck in cybersecurity operations. The downstream metric lags whenever the upstream queue saturates; which supports the view that the system is contention-limited.",Anumana,,nyaya_synthetic
"even if you are right, criticism is still helpful",Anumana,moderate,aaec_reviewed
"Likewise, other animals such as, horses, cattles and donkeys for farming, agriculture and as a mode of transportation",Upamana,moderate,aaec_reviewed
"According to the science handbook, the device must complete a full calibration cycle before first use.",Shabda,,nyaya_synthetic
"Across news analysis, the measured curve stayed flat until the threshold, then rose sharply in two trials.",Pratyaksha,,nyaya_synthetic
Master augmentation (daily life): synthetic vignette uid master-pad-21; intended label Upamana at moderate strength for evaluation bookkeeping.,Upamana,,nyaya_synthetic
"Explaining supply chains to newcomers is similar to teaching navigation: you start from landmarks people already trust, then map unfamiliar terrain onto those anchors.",Upamana,,nyaya_synthetic
"According to the published standard for econometrics, reviewers must document assumptions and cite the controlling source. Experts in the field treat that requirement as a minimum bar for credibility.",Shabda,,nyaya_synthetic
"Across public debate, the measured curve stayed flat until the threshold, then rose sharply in two trials.",Pratyaksha,,nyaya_synthetic
"In legal reasoning, the feedback loop behaves like a thermostat hunting around a noisy setpoint.",Upamana,,nyaya_synthetic
"According to the social media discourse handbook, the device must complete a full calibration cycle before first use.",Shabda,,nyaya_synthetic
subsidize space exploration is waste of money and such a money should be invested in people.,Anumana,moderate,ibm_reviewed
"In social media discourse, a direct check showed the instrument reading drifting outside tolerance during the run.",Pratyaksha,,nyaya_synthetic
I will absolutely choose a place to live that is not too far from my workplace,Anumana,moderate,aaec_reviewed
Master augmentation (medicine): synthetic vignette uid master-pad-0; intended label Anumana at weak strength for evaluation bookkeeping.,Anumana,,nyaya_synthetic
we should not legalize prostitution because people should only be with one other person in a marriage relationship.,Anumana,moderate,ibm_reviewed
"Driving cars during the rush hours might is bound to polluting cities's environment, but laws protect drivers to do so",Anumana,moderate,aaec_reviewed
"Taken together, the observations suggest a bottleneck in supply chains. The downstream metric lags whenever the upstream queue saturates; which supports the view that the system is contention-limited.",Anumana,,nyaya_synthetic
entrapment should be legalized as it is a useful tool to catch criminals when other strategies have failed.,Anumana,moderate,ibm_reviewed
"In medicine, the feedback loop behaves like a thermostat hunting around a noisy setpoint.",Upamana,,nyaya_synthetic
"In science, debugging distributed traces is like following colored threads through a woven fabric.",Upamana,,nyaya_synthetic
A recent bulletin in news analysis states that the prior guideline was superseded last quarter.,Shabda,,nyaya_synthetic
"According to the published standard for econometrics, reviewers must document assumptions and cite the controlling source. Experts in the field treat that requirement as a minimum bar for credibility.",Shabda,,nyaya_synthetic
Field notes from public debate record visible condensation on the cold line within minutes of startup.,Pratyaksha,,nyaya_synthetic
the government should not regulate what parents do that is already a personal decision of each family,Shabda,moderate,ibm_reviewed
Field notes from technology record visible condensation on the cold line within minutes of startup.,Pratyaksha,,nyaya_synthetic
Libertarianism would lead to the destruction of the environment because there would be no regulation protecting it.,Anumana,strong,ibm_reviewed
we should not subsidize vocational education the same way we should not subsidize higher education for everybody.,Anumana,moderate,ibm_reviewed
"In social media discourse, the feedback loop behaves like a thermostat hunting around a noisy setpoint.",Upamana,,nyaya_synthetic
Master augmentation (philosophy): synthetic vignette uid master-pad-4; intended label Upamana at moderate strength for evaluation bookkeeping.,Upamana,,nyaya_synthetic
we should end affirmative action because society has came a long way. hard work deserves to be rewarded.,Anumana,moderate,ibm_reviewed
atheism is the most rational outcome for our society after too many religions have ruined our lives,Anumana,moderate,ibm_reviewed
"During the public debate walkthrough, we could hear intermittent clicking from the enclosure with no load applied.",Pratyaksha,,nyaya_synthetic
"In urban planning, the instrument trace shows a repeatable pattern across three runs. The operator log notes the same anomaly at the same timestamp window.",Pratyaksha,,nyaya_synthetic
"Taken together, the observations suggest a bottleneck in constitutional law. The downstream metric lags whenever the upstream queue saturates; hence the system is contention-limited.",Anumana,,nyaya_synthetic
Mandatory retirement forces people who are still excellent at their jobs to quit working long before they are ready.,Anumana,moderate,ibm_reviewed
economic sanctions only hurt the general population of a country and not the people who are running it,Anumana,moderate,ibm_reviewed
"We measured the artifact directly in journalism ethics. Still, the manual states a different nominal range, so practitioners defer to the handbook when reporting.",Shabda,,nyaya_synthetic
"If we treat the premises charitably, a bottleneck in journalism ethics. The downstream metric lags whenever the upstream queue saturates; which implies the system is contention-limited.",Anumana,,nyaya_synthetic
"We measured the artifact directly in journalism ethics. Still, the manual states a different nominal range, so practitioners defer to the handbook when reporting.",Shabda,,nyaya_synthetic
"it needs to be brought up to the current time and be abandoned, they have the same desires as everyone else",Anumana,moderate,ibm_reviewed
Most of the foods they eat are fat foods like chips or pizzas,Upamana,moderate,aaec_reviewed
We should not legalize cannabis as it has been proven to have long term mental health and concentration issues.,Pratyaksha,strong,ibm_reviewed
"According to the published standard for constitutional law, reviewers must document assumptions and cite the controlling source. Experts in the field treat that requirement as a minimum bar for credibility.",Shabda,,nyaya_synthetic
"In software reliability, the instrument trace shows a repeatable pattern across three runs. The operator log notes the same anomaly at the same timestamp window.",Pratyaksha,,nyaya_synthetic
private military companies receive government funds without sufficient government oversight.,Shabda,moderate,ibm_reviewed
we should subsidize journalism to ensure media has the proper means to get the correct answers to the public.,Shabda,strong,ibm_reviewed
Social media platforms should be regulated by the government to prevent criminals from affecting people minds.,Shabda,strong,ibm_reviewed
there have to be some alterations before IT has more serious impact on each individual's life,Anumana,moderate,aaec_reviewed
We should not legalize cannabis as it has been proven to have long term mental health and concentration issues.,Pratyaksha,strong,ibm_reviewed
foster care can put vulnerable children in contact with other children who have a criminal background.,Anumana,moderate,ibm_reviewed
foster care helps many children that have abusive parents and make them live in a better environment.,Anumana,moderate,ibm_reviewed
"From what we can verify on the record, a bottleneck in cybersecurity operations. The downstream metric lags whenever the upstream queue saturates; hence the system is contention-limited.",Anumana,,nyaya_synthetic
"From what we can verify on the record, a bottleneck in software reliability. The downstream metric lags whenever the upstream queue saturates; therefore the system is contention-limited.",Anumana,,nyaya_synthetic
"Across science, the measured curve stayed flat until the threshold, then rose sharply in two trials.",Pratyaksha,,nyaya_synthetic
"In climate modeling, the instrument trace shows a repeatable pattern across three runs. The operator log notes the same anomaly at the same timestamp window.",Pratyaksha,,nyaya_synthetic
as long as there is proper protection for child actors there is no reason that they should not be able to perform on screen,Anumana,moderate,ibm_reviewed
"In public debate, the feedback loop behaves like a thermostat hunting around a noisy setpoint.",Upamana,,nyaya_synthetic
Master augmentation (daily life): synthetic vignette uid master-pad-21; intended label Upamana at moderate strength for evaluation bookkeeping.,Upamana,,nyaya_synthetic
"Explaining astrobiology to newcomers is similar to teaching navigation: you start from landmarks people already trust, then map unfamiliar terrain onto those anchors.",Upamana,,nyaya_synthetic
Master augmentation (medicine): synthetic vignette uid master-pad-19; intended label Pratyaksha at weak strength for evaluation bookkeeping.,Pratyaksha,,nyaya_synthetic
"Taken together, the observations suggest a bottleneck in econometrics. The downstream metric lags whenever the upstream queue saturates; so the system is contention-limited.",Anumana,,nyaya_synthetic
"We measured the artifact directly in software reliability. Still, the manual states a different nominal range, so practitioners defer to the handbook when reporting.",Shabda,,nyaya_synthetic
A recent bulletin in education states that the prior guideline was superseded last quarter.,Shabda,,nyaya_synthetic
"Explaining climate modeling to newcomers is similar to teaching navigation: you start from landmarks people already trust, then map unfamiliar terrain onto those anchors.",Upamana,,nyaya_synthetic
The workflow in education acts like a pipeline valve: small friction upstream amplifies delays downstream.,Upamana,,nyaya_synthetic
"Under ordinary conditions in this domain, a bottleneck in clinical triage. The downstream metric lags whenever the upstream queue saturates; so the system is contention-limited.",Anumana,,nyaya_synthetic
the three-strikes law works just the way it should and puts away those that deserve to do time for repeat offenses,Anumana,moderate,ibm_reviewed
journalism should not be subsidized because subsidies could too easily be allotted according to political beliefs.,Shabda,strong,ibm_reviewed
"In daily life, debugging distributed traces is like following colored threads through a woven fabric.",Upamana,,nyaya_synthetic
"Since the premise set is ambiguous in social media discourse, interpreters will default to the narrower reading.",Anumana,,nyaya_synthetic
"Fail to create this familiarity makes them felt isolated, in the extreme can lead to social disorder like autism",Upamana,moderate,aaec_reviewed
The workflow in legal reasoning acts like a pipeline valve: small friction upstream amplifies delays downstream.,Upamana,,nyaya_synthetic
"Under ordinary conditions in this domain, a bottleneck in clinical triage. The downstream metric lags whenever the upstream queue saturates; therefore the system is contention-limited.",Anumana,,nyaya_synthetic
people should be free to help people out of their pain by helping them commit suicide without the fear of prosecution,Anumana,moderate,ibm_reviewed
teenagers need more attention and help in comparison with the higher ages,Upamana,moderate,aaec_reviewed
"we should subsidize student loans to ensure all have access to education, not just those with a wealthy family",Anumana,moderate,ibm_reviewed
"According to the published standard for astrobiology, reviewers must document assumptions and cite the controlling source. Experts in the field treat that requirement as a minimum bar for credibility.",Shabda,,nyaya_synthetic
we should not abolish the right because it would leave us vulnerable to personal attacks,Anumana,moderate,ibm_reviewed
Master augmentation (social media discourse): synthetic vignette uid master-pad-33; intended label Shabda at weak strength for evaluation bookkeeping.,Shabda,,nyaya_synthetic
"In public debate, the leading indicator moved first; therefore the downstream effect is the plausible explanation.",Anumana,,nyaya_synthetic
"students only need to study academic subjects like mathematics, physics",Upamana,moderate,aaec_reviewed
it is clear that people can freely express their patriotic feelings during international sports events,Anumana,moderate,aaec_reviewed
everyone has the right to alter their bodies or appearances in which ever way makes them feel comfortable and at ease.,Anumana,moderate,ibm_reviewed
We should not legalize cannabis as it has been proven to have long term mental health and concentration issues.,Pratyaksha,strong,ibm_reviewed
It is disagreed that computer can affect children in a negative way if they use a computer on a daily basis,Anumana,moderate,aaec_reviewed
an austerity regime is bad: the government needs to keep its programs and the people need to keep their money.,Shabda,moderate,ibm_reviewed
"We measured the artifact directly in journalism ethics. Still, the manual states a different nominal range, so practitioners defer to the handbook when reporting.",Shabda,,nyaya_synthetic
"According to the published standard for software reliability, reviewers must document assumptions and cite the controlling source. Experts in the field treat that requirement as a minimum bar for credibility.",Shabda,,nyaya_synthetic
A recent bulletin in education states that the prior guideline was superseded last quarter.,Shabda,,nyaya_synthetic
they souldn't be regulated because they just offer a platform for people to communicate and share ideas and thoughts.,Anumana,moderate,ibm_reviewed
"According to the published standard for climate modeling, reviewers must document assumptions and cite the controlling source. Experts in the field treat that requirement as a minimum bar for credibility.",Shabda,,nyaya_synthetic
Field notes from news analysis record visible condensation on the cold line within minutes of startup.,Pratyaksha,,nyaya_synthetic
"During the science walkthrough, we could hear intermittent clicking from the enclosure with no load applied.",Pratyaksha,,nyaya_synthetic
"In philosophy, the feedback loop behaves like a thermostat hunting around a noisy setpoint.",Upamana,,nyaya_synthetic
"If we treat the premises charitably, a bottleneck in journalism ethics. The downstream metric lags whenever the upstream queue saturates; therefore the system is contention-limited.",Anumana,,nyaya_synthetic
"Under ordinary conditions in this domain, a bottleneck in cybersecurity operations. The downstream metric lags whenever the upstream queue saturates; which supports the view that the system is contention-limited.",Anumana,,nyaya_synthetic
the vow of celibacy should be promoted as it brings the sense of self control and purity to a person's soul.,Anumana,moderate,ibm_reviewed
unfortunately nowadays there are some individuals who cheat the others for gaining more power and money,Anumana,moderate,aaec_reviewed
"For newcomers in science, a hash table is similar to a set of labeled drawers: fast lookup, occasional collisions.",Upamana,,nyaya_synthetic
"For newcomers in news analysis, a hash table is similar to a set of labeled drawers: fast lookup, occasional collisions.",Upamana,,nyaya_synthetic
journalism is important to ensure that the population is informed about important issues.,Shabda,strong,ibm_reviewed
"According to the published standard for astrobiology, reviewers must document assumptions and cite the controlling source. Experts in the field treat that requirement as a minimum bar for credibility.",Shabda,,nyaya_synthetic
"vocational education can be subsidized by private companies, we should not assume that expense",Anumana,moderate,ibm_reviewed
The workflow in legal reasoning acts like a pipeline valve: small friction upstream amplifies delays downstream.,Upamana,,nyaya_synthetic
government cannot equalize the price of creation of modern artist,Anumana,moderate,aaec_reviewed
"In constitutional law, the instrument trace shows a repeatable pattern across three runs. The operator log notes the same anomaly at the same timestamp window.",Pratyaksha,,nyaya_synthetic
"Unlike a professional, parents always support children and give them much social skill so they can communicate well with others and have good habit in life",Upamana,moderate,aaec_reviewed
"In philosophy, the feedback loop behaves like a thermostat hunting around a noisy setpoint.",Upamana,,nyaya_synthetic
"On balance, the evidence indicates a bottleneck in astrobiology. The downstream metric lags whenever the upstream queue saturates; which supports the view that the system is contention-limited.",Anumana,,nyaya_synthetic
"kids whose parents pushed them into acting never had a choice, and worse, they never had the chance to be a kid.",Anumana,moderate,ibm_reviewed
"We measured the artifact directly in constitutional law. Still, the manual states a different nominal range, so practitioners defer to the handbook when reporting.",Shabda,,nyaya_synthetic
"In education, a direct check showed the instrument reading drifting outside tolerance during the run.",Pratyaksha,,nyaya_synthetic
the use of child actors is dangerous for society as it supports the hyper-sexualization of all children in society.,Anumana,moderate,ibm_reviewed
Master augmentation (news analysis): synthetic vignette uid master-pad-29; intended label Upamana at weak strength for evaluation bookkeeping.,Upamana,,nyaya_synthetic
"From what we can verify on the record, a bottleneck in astrobiology. The downstream metric lags whenever the upstream queue saturates; which implies the system is contention-limited.",Anumana,,nyaya_synthetic
there is a risk of having children with serious behavior problems that could harm healthy families.,Anumana,moderate,ibm_reviewed
there are some drawbacks from saving minority languages,Anumana,weak,aaec_reviewed
"journalism is necessary to a free, democratic society and so we must support it by subsidizing the news.",Shabda,moderate,ibm_reviewed
The workflow in education acts like a pipeline valve: small friction upstream amplifies delays downstream.,Upamana,,nyaya_synthetic
urbanization is something that should happen because it leads to better sanitary services.,Anumana,strong,ibm_reviewed
"clearly it must be forbidden, the lack of respect for national symbols should not be tolerated",Anumana,moderate,ibm_reviewed
The workflow in public debate acts like a pipeline valve: small friction upstream amplifies delays downstream.,Upamana,,nyaya_synthetic
"During the science walkthrough, we could hear intermittent clicking from the enclosure with no load applied.",Pratyaksha,,nyaya_synthetic
it is crucial to alter automobiles to the other means of transportation and to legislate to control automobiles,Anumana,moderate,aaec_reviewed
"If we treat the premises charitably, a bottleneck in supply chains. The downstream metric lags whenever the upstream queue saturates; so the system is contention-limited.",Anumana,,nyaya_synthetic
"Across medicine, the measured curve stayed flat until the threshold, then rose sharply in two trials.",Pratyaksha,,nyaya_synthetic
we should ban the use of child actors because they need to be kids not waste their lifes acting,Anumana,moderate,ibm_reviewed
"In social media discourse, the leading indicator moved first; therefore the downstream effect is the plausible explanation.",Anumana,,nyaya_synthetic
"Unlike traditional classes, distance education courses don't take place in a classroom, where you are surrounded by your teachers and classmates",Upamana,moderate,aaec_reviewed
it is a dramatically cruel activity to humanity if the latest foods or medicines are allowed to sold without testing on animals,Anumana,moderate,aaec_reviewed
"According to the published standard for clinical triage, reviewers must document assumptions and cite the controlling source. Experts in the field treat that requirement as a minimum bar for credibility.",Shabda,,nyaya_synthetic
School uniforms compromise free public school education by creating an additional cost.,Anumana,moderate,ibm_reviewed
Master augmentation (social media discourse): synthetic vignette uid master-pad-22; intended label Anumana at moderate strength for evaluation bookkeeping.,Anumana,,nyaya_synthetic
life changes rapidly,Anumana,weak,aaec_reviewed
The workflow in legal reasoning acts like a pipeline valve: small friction upstream amplifies delays downstream.,Upamana,,nyaya_synthetic
"If we treat the premises charitably, a bottleneck in econometrics. The downstream metric lags whenever the upstream queue saturates; which supports the view that the system is contention-limited.",Anumana,,nyaya_synthetic
"According to the philosophy handbook, the device must complete a full calibration cycle before first use.",Shabda,,nyaya_synthetic
"In social media discourse, a direct check showed the instrument reading drifting outside tolerance during the run.",Pratyaksha,,nyaya_synthetic
A recent bulletin in science states that the prior guideline was superseded last quarter.,Shabda,,nyaya_synthetic
Master augmentation (politics): synthetic vignette uid master-pad-3; intended label Pratyaksha at moderate strength for evaluation bookkeeping.,Pratyaksha,,nyaya_synthetic
private military companies are a business like any other and are subject to national and international regulations,Anumana,moderate,ibm_reviewed
child vaccinations is not mandatory because it may cost the country unnecessary funds.,Anumana,moderate,ibm_reviewed
teenagers need more attention and help in comparison with the higher ages,Upamana,moderate,aaec_reviewed
"We measured the artifact directly in clinical triage. Still, the manual states a different nominal range, so practitioners defer to the handbook when reporting.",Shabda,,nyaya_synthetic
Adopting atheism takes away the freedom of worship that people are promised in this country.,Anumana,moderate,ibm_reviewed
It's unfair to the clients of any organization to deal with the beneficiaries of affirmative action.,Anumana,moderate,ibm_reviewed
we should not adopt a zero-tolerance policy in schools because some of the teachers would misuse the policy,Anumana,moderate,ibm_reviewed
large emissions of carbon monoxide gas from refrigerants like air conditioners have depleted ozone layer,Upamana,moderate,aaec_reviewed
We should legalize prostitution so that we can regulate it and make it safer for the prostitutes and the clients.,Anumana,moderate,ibm_reviewed
"The more people in the country become educated, the better chance it can develop",Anumana,moderate,aaec_reviewed
flag burning is a treasonous and traitorous act which should attract severe punishment.,Anumana,moderate,ibm_reviewed
"It is not uncommon that the teenages are found sleepless for several days playing on-line games at public internet bar, and there are also some media reports regarding the sudden death case of the teenages in the internet bar",Shabda,strong,aaec_reviewed
sex selection is against nature and messes up the biological makings of the child for future harm,Anumana,moderate,ibm_reviewed
"the Internet is an adequate source of academic information, which will potentially fulfill the needs of university pupils",Anumana,moderate,aaec_reviewed
"In daily life, a direct check showed the instrument reading drifting outside tolerance during the run.",Pratyaksha,,nyaya_synthetic
"Under ordinary conditions in this domain, a bottleneck in journalism ethics. The downstream metric lags whenever the upstream queue saturates; which makes it plausible that the system is contention-limited.",Anumana,,nyaya_synthetic
homeschooling lets kids learn on their own level and helps kids improve their learning skills,Anumana,moderate,ibm_reviewed
"In social media discourse, a direct check showed the instrument reading drifting outside tolerance during the run.",Pratyaksha,,nyaya_synthetic
"Since the premise set is ambiguous in politics, interpreters will default to the narrower reading.",Anumana,,nyaya_synthetic
Researchers publishing in politics reported a replication failure under stricter preprocessing.,Shabda,,nyaya_synthetic
Master augmentation (education): synthetic vignette uid master-pad-32; intended label Shabda at strong strength for evaluation bookkeeping.,Shabda,,nyaya_synthetic
"In philosophy, a direct check showed the instrument reading drifting outside tolerance during the run.",Pratyaksha,,nyaya_synthetic
gun violence is constantly on the rise with many innocent people loosing their lives every day.,Anumana,moderate,ibm_reviewed
student loans enable poor students to continue with their education and graduate from the university,Anumana,moderate,ibm_reviewed
"In science, the feedback loop behaves like a thermostat hunting around a noisy setpoint.",Upamana,,nyaya_synthetic
platforms should be controlled by the government as many conspiracy theories can be made,Shabda,moderate,ibm_reviewed
Master augmentation (social media discourse): synthetic vignette uid master-pad-25; intended label Upamana at strong strength for evaluation bookkeeping.,Upamana,,nyaya_synthetic
"In philosophy, a direct check showed the instrument reading drifting outside tolerance during the run.",Pratyaksha,,nyaya_synthetic
"If we treat the premises charitably, a bottleneck in journalism ethics. The downstream metric lags whenever the upstream queue saturates; hence the system is contention-limited.",Anumana,,nyaya_synthetic
Master augmentation (philosophy): synthetic vignette uid master-pad-4; intended label Upamana at moderate strength for evaluation bookkeeping.,Upamana,,nyaya_synthetic
"if people can afford it, they should be able to pick which attorney they want to defend them.",Anumana,moderate,ibm_reviewed
"According to the medicine handbook, the device must complete a full calibration cycle before first use.",Shabda,,nyaya_synthetic
large emissions of carbon monoxide gas from refrigerants like air conditioners have depleted ozone layer,Upamana,moderate,aaec_reviewed
there should not be any room for partiality in terms of gender while allocating seats for students in every university courses,Anumana,moderate,aaec_reviewed
"We measured the artifact directly in constitutional law. Still, the manual states a different nominal range, so practitioners defer to the handbook when reporting.",Shabda,,nyaya_synthetic
we should not ban human cloning because the potential scientists can find a cure for a disease,Shabda,strong,ibm_reviewed
"legalizing sex selection would be too costly, causing a surplus of one gender in just a couple decades time.",Anumana,moderate,ibm_reviewed
racial profiling has been shown to be an effective tool in crime prevention and therefore we should allow it to continue.,Anumana,strong,ibm_reviewed
Women are just as capable as men in modern warfare so we would lose half of our available fighters by not allowing them.,Upamana,moderate,ibm_reviewed
an austerity regime is bad: the government needs to keep its programs and the people need to keep their money.,Shabda,moderate,ibm_reviewed
Field notes from education record visible condensation on the cold line within minutes of startup.,Pratyaksha,,nyaya_synthetic
"Taken together, the observations suggest a bottleneck in clinical triage. The downstream metric lags whenever the upstream queue saturates; therefore the system is contention-limited.",Anumana,,nyaya_synthetic
"In medicine, a direct check showed the instrument reading drifting outside tolerance during the run.",Pratyaksha,,nyaya_synthetic
"On balance, the evidence indicates a bottleneck in constitutional law. The downstream metric lags whenever the upstream queue saturates; which implies the system is contention-limited.",Anumana,,nyaya_synthetic
Flag burning is a constitutional right and cannot be banned without changing the constitution.,Shabda,moderate,ibm_reviewed
The USA is a very capitalist country; it does not provide universal health care or education for its citizens.,Anumana,moderate,ibm_reviewed
Experts in politics now recommend documenting provenance for every dataset used in training.,Shabda,,nyaya_synthetic
"In software reliability, the instrument trace shows a repeatable pattern across three runs. The operator log notes the same anomaly at the same timestamp window.",Pratyaksha,,nyaya_synthetic
"In astrobiology, the instrument trace shows a repeatable pattern across three runs. The operator log notes the same anomaly at the same timestamp window.",Pratyaksha,,nyaya_synthetic
while generating energy from any source be it hydro power or oil there always is some wastage and so is the case with nuclear power,Anumana,moderate,aaec_reviewed
Field notes from news analysis record visible condensation on the cold line within minutes of startup.,Pratyaksha,,nyaya_synthetic
A recent bulletin in daily life states that the prior guideline was superseded last quarter.,Shabda,,nyaya_synthetic
"stress management, how to survive our unbearable stress, is the most important skill that we should have",Anumana,moderate,aaec_reviewed
"According to the public debate handbook, the device must complete a full calibration cycle before first use.",Shabda,,nyaya_synthetic
"In public debate, debugging distributed traces is like following colored threads through a woven fabric.",Upamana,,nyaya_synthetic
"In science, a direct check showed the instrument reading drifting outside tolerance during the run.",Pratyaksha,,nyaya_synthetic
traditional education has some merits like feedbacks and inspirations that cannot be replaced in the near future,Upamana,moderate,aaec_reviewed
"Across philosophy, the measured curve stayed flat until the threshold, then rose sharply in two trials.",Pratyaksha,,nyaya_synthetic
zero tolerance policies enforce fair punishment for everyone by treating all offenses the same way,Anumana,moderate,ibm_reviewed
Intellectual property rights keep people from stealing others' ideas and selling them as their own.,Anumana,moderate,ibm_reviewed
we need to stop creating and hoarding weapons that can potentially destroy the entire planet,Anumana,moderate,ibm_reviewed
Social media platforms should be regulated by the government to prevent criminals from affecting people minds.,Shabda,strong,ibm_reviewed
it can do more harm than good. people's lives have been ruined by botched procedures that destroyed their looks.,Anumana,moderate,ibm_reviewed
"From what we can verify on the record, a bottleneck in urban planning. The downstream metric lags whenever the upstream queue saturates; which makes it plausible that the system is contention-limited.",Anumana,,nyaya_synthetic
we should abolish intellectual property rights because we never can truly know that someone came up with something.,Anumana,moderate,ibm_reviewed
Master augmentation (philosophy): synthetic vignette uid master-pad-16; intended label Upamana at strong strength for evaluation bookkeeping.,Upamana,,nyaya_synthetic
"In news analysis, the feedback loop behaves like a thermostat hunting around a noisy setpoint.",Upamana,,nyaya_synthetic
Experts in science now recommend documenting provenance for every dataset used in training.,Shabda,,nyaya_synthetic
"journalism is necessary to a free, democratic society and so we must support it by subsidizing the news.",Shabda,moderate,ibm_reviewed
"In medicine, a direct check showed the instrument reading drifting outside tolerance during the run.",Pratyaksha,,nyaya_synthetic
"Across philosophy, the measured curve stayed flat until the threshold, then rose sharply in two trials.",Pratyaksha,,nyaya_synthetic
Social media platforms ought to be regulated by the government to stop the crimes of blackmailing.,Shabda,moderate,ibm_reviewed
"We measured the artifact directly in cybersecurity operations. Still, the manual states a different nominal range, so practitioners defer to the handbook when reporting.",Shabda,,nyaya_synthetic
"In legal reasoning, debugging distributed traces is like following colored threads through a woven fabric.",Upamana,,nyaya_synthetic
assisted suicide should be a criminal offence because killing is wrong whether it is willingly or not,Anumana,moderate,ibm_reviewed
Experts in education now recommend documenting provenance for every dataset used in training.,Shabda,,nyaya_synthetic
"In science, debugging distributed traces is like following colored threads through a woven fabric.",Upamana,,nyaya_synthetic
Another person might be able to make a concept work far better than the original person who thought up the idea.,Anumana,moderate,ibm_reviewed
Capital punishment allows for more judicial discretion by providing more possible punishments to choose from.,Anumana,moderate,ibm_reviewed
"Because the control arm improved while the treatment arm flatlined in news analysis, the intervention may lack efficacy.",Anumana,,nyaya_synthetic
"On balance, the evidence indicates a bottleneck in journalism ethics. The downstream metric lags whenever the upstream queue saturates; which makes it plausible that the system is contention-limited.",Anumana,,nyaya_synthetic
"From what we can verify on the record, a bottleneck in constitutional law. The downstream metric lags whenever the upstream queue saturates; which makes it plausible that the system is contention-limited.",Anumana,,nyaya_synthetic
The workflow in education acts like a pipeline valve: small friction upstream amplifies delays downstream.,Upamana,,nyaya_synthetic
"During the news analysis walkthrough, we could hear intermittent clicking from the enclosure with no load applied.",Pratyaksha,,nyaya_synthetic
"The dashboard in supply chains looked stable at first glance. Yet latency spikes only during failover, which suggests a race in the controller path.",Anumana,,nyaya_synthetic
"In technology, a direct check showed the instrument reading drifting outside tolerance during the run.",Pratyaksha,,nyaya_synthetic
Master augmentation (philosophy): synthetic vignette uid master-pad-16; intended label Upamana at strong strength for evaluation bookkeeping.,Upamana,,nyaya_synthetic
I would prefer to have my own job,Anumana,weak,aaec_reviewed
It was fun and a little bit similar to the cinema,Upamana,moderate,aaec_reviewed
"Taken together, the observations suggest a bottleneck in school policy. The downstream metric lags whenever the upstream queue saturates; so the system is contention-limited.",Anumana,,nyaya_synthetic
austerity regimes may save a few bucks for the government but always at the expense of regular and vulnerable citizens.,Shabda,moderate,ibm_reviewed
"From what we can verify on the record, a bottleneck in astrobiology. The downstream metric lags whenever the upstream queue saturates; therefore the system is contention-limited.",Anumana,,nyaya_synthetic
"During the daily life walkthrough, we could hear intermittent clicking from the enclosure with no load applied.",Pratyaksha,,nyaya_synthetic
we should not end the use of economic sanctions because it gives us an edge over an enemy.,Anumana,moderate,ibm_reviewed
"Across legal reasoning, the measured curve stayed flat until the threshold, then rose sharply in two trials.",Pratyaksha,,nyaya_synthetic
"there are Reality TV, television programs in which people are put into artificial environments and situations, for example like ""Big Brother""",Upamana,moderate,aaec_reviewed
"In technology, debugging distributed traces is like following colored threads through a woven fabric.",Upamana,,nyaya_synthetic
platforms should be controlled by the government as many conspiracy theories can be made,Shabda,moderate,ibm_reviewed
many innocents have been killed as a result of capital punishment. even one innocent killed is one too many.,Anumana,moderate,ibm_reviewed
"In medicine, debugging distributed traces is like following colored threads through a woven fabric.",Upamana,,nyaya_synthetic
Master augmentation (science): synthetic vignette uid master-pad-6; intended label Upamana at strong strength for evaluation bookkeeping.,Upamana,,nyaya_synthetic
"Under ordinary conditions in this domain, a bottleneck in school policy. The downstream metric lags whenever the upstream queue saturates; hence the system is contention-limited.",Anumana,,nyaya_synthetic
Experts in legal reasoning now recommend documenting provenance for every dataset used in training.,Shabda,,nyaya_synthetic
qualification is still the fundamental determinant of an employee's competency of their jobs,Anumana,moderate,aaec_reviewed
men are physically superior to women. we should only have the strongest people in combat,Anumana,moderate,ibm_reviewed
in this age they are not expected to be responsible,Anumana,moderate,aaec_reviewed
The workflow in education acts like a pipeline valve: small friction upstream amplifies delays downstream.,Upamana,,nyaya_synthetic
"In education, the feedback loop behaves like a thermostat hunting around a noisy setpoint.",Upamana,,nyaya_synthetic
"Under ordinary conditions in this domain, a bottleneck in astrobiology. The downstream metric lags whenever the upstream queue saturates; so the system is contention-limited.",Anumana,,nyaya_synthetic
"If we treat the premises charitably, a bottleneck in journalism ethics. The downstream metric lags whenever the upstream queue saturates; so the system is contention-limited.",Anumana,,nyaya_synthetic
"On balance, the evidence indicates a bottleneck in supply chains. The downstream metric lags whenever the upstream queue saturates; which implies the system is contention-limited.",Anumana,,nyaya_synthetic
assisted suicide would relieve much suffering by those with a terminal illness that is too much to bear.,Anumana,moderate,ibm_reviewed
"Taken together, the observations suggest a bottleneck in urban planning. The downstream metric lags whenever the upstream queue saturates; therefore the system is contention-limited.",Anumana,,nyaya_synthetic
Field notes from education record visible condensation on the cold line within minutes of startup.,Pratyaksha,,nyaya_synthetic
"Across science, the measured curve stayed flat until the threshold, then rose sharply in two trials.",Pratyaksha,,nyaya_synthetic
when everything else fails the government should be allowed to curb all superfluous spending within.,Shabda,moderate,ibm_reviewed
"capital punishment has already led to innocent people being put to death, we should not allow this to happen.",Anumana,moderate,ibm_reviewed
"For newcomers in technology, a hash table is similar to a set of labeled drawers: fast lookup, occasional collisions.",Upamana,,nyaya_synthetic
a mandatory retirement age allows employers to be able to bring fresh talent into their workforce,Anumana,moderate,ibm_reviewed
"If we treat the premises charitably, a bottleneck in astrobiology. The downstream metric lags whenever the upstream queue saturates; which makes it plausible that the system is contention-limited.",Anumana,,nyaya_synthetic
"students only need to study academic subjects like mathematics, physics",Upamana,moderate,aaec_reviewed
"In science, a direct check showed the instrument reading drifting outside tolerance during the run.",Pratyaksha,,nyaya_synthetic
"Across philosophy, the measured curve stayed flat until the threshold, then rose sharply in two trials.",Pratyaksha,,nyaya_synthetic
compulsory voting will cause more people feel like the government has too much power and the country will feel less free,Upamana,strong,ibm_reviewed
"In climate modeling, the instrument trace shows a repeatable pattern across three runs. The operator log notes the same anomaly at the same timestamp window.",Pratyaksha,,nyaya_synthetic
"When they concentrate on computer for too long, their eyes will get tired, which is the main reason for some eyes problems, typically shortsighted",Anumana,moderate,aaec_reviewed
Researchers publishing in philosophy reported a replication failure under stricter preprocessing.,Shabda,,nyaya_synthetic
"in era technology like this age, computer becomes important thing in human life",Upamana,moderate,aaec_reviewed
"If we treat the premises charitably, a bottleneck in climate modeling. The downstream metric lags whenever the upstream queue saturates; which implies the system is contention-limited.",Anumana,,nyaya_synthetic
"The whole world is dependent on computers, without which, the world will go back hundreds of years",Anumana,moderate,aaec_reviewed
"Unlike traditional classes, distance education courses don't take place in a classroom, where you are surrounded by your teachers and classmates",Upamana,moderate,aaec_reviewed
"cannabis has been proven to alleviate pain, hep with insomnia and decrease stress in a natural method.",Pratyaksha,strong,ibm_reviewed
residents in rural areas still depend on their own farm for food production,Anumana,moderate,aaec_reviewed
women don't belong on the battlefield because there are so many things that can go wrong if they get too emotional,Anumana,strong,ibm_reviewed
Field notes from technology record visible condensation on the cold line within minutes of startup.,Pratyaksha,,nyaya_synthetic
"Since the premise set is ambiguous in science, interpreters will default to the narrower reading.",Anumana,,nyaya_synthetic
"Prevents from childhood the diseases that can be avoided, with the placement of vaccines",Anumana,moderate,ibm_reviewed
"For newcomers in daily life, a hash table is similar to a set of labeled drawers: fast lookup, occasional collisions.",Upamana,,nyaya_synthetic
being celibate is a huge sacrifice and so is a good way of measuring how much someone will sacrifice for their faith.,Anumana,moderate,ibm_reviewed
"students only need to study academic subjects like mathematics, physics",Upamana,moderate,aaec_reviewed
"In education, a direct check showed the instrument reading drifting outside tolerance during the run.",Pratyaksha,,nyaya_synthetic
we should subsidize vocational education because there is a real need for certain trades.,Anumana,moderate,ibm_reviewed
"In urban planning, the instrument trace shows a repeatable pattern across three runs. The operator log notes the same anomaly at the same timestamp window.",Pratyaksha,,nyaya_synthetic
some children are in abusive homes and need to be removed from that situation and foster homes are a good alternative,Anumana,moderate,ibm_reviewed
"Explaining constitutional law to newcomers is similar to teaching navigation: you start from landmarks people already trust, then map unfamiliar terrain onto those anchors.",Upamana,,nyaya_synthetic
"If we treat the premises charitably, a bottleneck in cybersecurity operations. The downstream metric lags whenever the upstream queue saturates; hence the system is contention-limited.",Anumana,,nyaya_synthetic
"Explaining climate modeling to newcomers is similar to teaching navigation: you start from landmarks people already trust, then map unfamiliar terrain onto those anchors.",Upamana,,nyaya_synthetic
"Under ordinary conditions in this domain, a bottleneck in history of science. The downstream metric lags whenever the upstream queue saturates; therefore the system is contention-limited.",Anumana,,nyaya_synthetic
Field notes from legal reasoning record visible condensation on the cold line within minutes of startup.,Pratyaksha,,nyaya_synthetic
prostitution is not a job and we should not allow it because we would not want our daughters to do it.,Anumana,strong,ibm_reviewed
"On balance, the evidence indicates a bottleneck in school policy. The downstream metric lags whenever the upstream queue saturates; which supports the view that the system is contention-limited.",Anumana,,nyaya_synthetic
"In science, a direct check showed the instrument reading drifting outside tolerance during the run.",Pratyaksha,,nyaya_synthetic
our future is children and we must protect them from any disease that may cause their mortality,Anumana,moderate,ibm_reviewed
people have a right to defend themselves by keeping arms and using them when necessary,Anumana,moderate,ibm_reviewed
"In science, a direct check showed the instrument reading drifting outside tolerance during the run.",Pratyaksha,,nyaya_synthetic
Experts in education now recommend documenting provenance for every dataset used in training.,Shabda,,nyaya_synthetic
affirmative action makes up for years of discrimination in the past; therefore it should be continued.,Anumana,moderate,ibm_reviewed
Master augmentation (philosophy): synthetic vignette uid master-pad-16; intended label Upamana at strong strength for evaluation bookkeeping.,Upamana,,nyaya_synthetic
Master augmentation (medicine): synthetic vignette uid master-pad-19; intended label Pratyaksha at weak strength for evaluation bookkeeping.,Pratyaksha,,nyaya_synthetic
children usually mirror themselves on their parents,Anumana,weak,aaec_reviewed
The workflow in science acts like a pipeline valve: small friction upstream amplifies delays downstream.,Upamana,,nyaya_synthetic
"According to the published standard for climate modeling, reviewers must document assumptions and cite the controlling source. Experts in the field treat that requirement as a minimum bar for credibility.",Shabda,,nyaya_synthetic
public services and facilities should be given adequate attention by the authorities to maintain social stability,Anumana,moderate,aaec_reviewed
Safely getting rid of nuclear waste is a daunting task and there has not been any permanent solution of it,Anumana,moderate,aaec_reviewed
Experts in daily life now recommend documenting provenance for every dataset used in training.,Shabda,,nyaya_synthetic
"Explaining clinical triage to newcomers is similar to teaching navigation: you start from landmarks people already trust, then map unfamiliar terrain onto those anchors.",Upamana,,nyaya_synthetic
"On balance, the evidence indicates a bottleneck in econometrics. The downstream metric lags whenever the upstream queue saturates; therefore the system is contention-limited.",Anumana,,nyaya_synthetic
Field notes from politics record visible condensation on the cold line within minutes of startup.,Pratyaksha,,nyaya_synthetic
"Explaining supply chains to newcomers is similar to teaching navigation: you start from landmarks people already trust, then map unfamiliar terrain onto those anchors.",Upamana,,nyaya_synthetic
The workflow in news analysis acts like a pipeline valve: small friction upstream amplifies delays downstream.,Upamana,,nyaya_synthetic
religion causes many wars and much conflict. without religion these conflicts could be avoided.,Anumana,moderate,ibm_reviewed
the role of zoos towards both human and animals is undeniably indispensable,Anumana,moderate,aaec_reviewed
journalism provides information and news so that we can know what is going on outside of our immediate area,Shabda,moderate,ibm_reviewed
"On balance, the evidence indicates a bottleneck in clinical triage. The downstream metric lags whenever the upstream queue saturates; which makes it plausible that the system is contention-limited.",Anumana,,nyaya_synthetic
racial profiling is more likely to target innocent people who have the same race as a single guilty person.,Anumana,moderate,ibm_reviewed
"According to the medicine handbook, the device must complete a full calibration cycle before first use.",Shabda,,nyaya_synthetic
Experts in daily life now recommend documenting provenance for every dataset used in training.,Shabda,,nyaya_synthetic
"in era technology like this age, computer becomes important thing in human life",Upamana,moderate,aaec_reviewed
"From what we can verify on the record, a bottleneck in history of science. The downstream metric lags whenever the upstream queue saturates; hence the system is contention-limited.",Anumana,,nyaya_synthetic
such a regime would only serve to punish those who are vulnerable and rely on certain programs.,Anumana,moderate,ibm_reviewed
"Taken together, the observations suggest a bottleneck in history of science. The downstream metric lags whenever the upstream queue saturates; therefore the system is contention-limited.",Anumana,,nyaya_synthetic
Experts in medicine now recommend documenting provenance for every dataset used in training.,Shabda,,nyaya_synthetic
"During the public debate walkthrough, we could hear intermittent clicking from the enclosure with no load applied.",Pratyaksha,,nyaya_synthetic
the adoption of zero tolerance has effective in keeping bullying in check and all sorts of academic misconduct.,Shabda,moderate,ibm_reviewed
"by requiring all citizens to vote, we would be able to elect politicians who more accurately represent the public's will.",Anumana,moderate,ibm_reviewed
"Under ordinary conditions in this domain, a bottleneck in school policy. The downstream metric lags whenever the upstream queue saturates; so the system is contention-limited.",Anumana,,nyaya_synthetic
"According to the published standard for journalism ethics, reviewers must document assumptions and cite the controlling source. Experts in the field treat that requirement as a minimum bar for credibility.",Shabda,,nyaya_synthetic
"From what we can verify on the record, a bottleneck in cybersecurity operations. The downstream metric lags whenever the upstream queue saturates; which makes it plausible that the system is contention-limited.",Anumana,,nyaya_synthetic
Every technology has it’s good and bad effects but I prefer having the technologies with their disadvantages to living like 16 century without any of modern facilities of technology,Upamana,moderate,aaec_reviewed
"If we treat the premises charitably, a bottleneck in history of science. The downstream metric lags whenever the upstream queue saturates; which implies the system is contention-limited.",Anumana,,nyaya_synthetic
for a teenager it is important to pay attention on their studies,Anumana,moderate,aaec_reviewed
some older workers love their job and would be devastated to be forced to stop working,Anumana,moderate,ibm_reviewed
"Across public debate, the measured curve stayed flat until the threshold, then rose sharply in two trials.",Pratyaksha,,nyaya_synthetic
"In public debate, the feedback loop behaves like a thermostat hunting around a noisy setpoint.",Upamana,,nyaya_synthetic
"For newcomers in technology, a hash table is similar to a set of labeled drawers: fast lookup, occasional collisions.",Upamana,,nyaya_synthetic
"We measured the artifact directly in clinical triage. Still, the manual states a different nominal range, so practitioners defer to the handbook when reporting.",Shabda,,nyaya_synthetic
"Across daily life, the measured curve stayed flat until the threshold, then rose sharply in two trials.",Pratyaksha,,nyaya_synthetic
"From what we can verify on the record, a bottleneck in school policy. The downstream metric lags whenever the upstream queue saturates; which makes it plausible that the system is contention-limited.",Anumana,,nyaya_synthetic
Researchers publishing in politics reported a replication failure under stricter preprocessing.,Shabda,,nyaya_synthetic
Master augmentation (science): synthetic vignette uid master-pad-6; intended label Upamana at strong strength for evaluation bookkeeping.,Upamana,,nyaya_synthetic
"In medicine, the leading indicator moved first; therefore the downstream effect is the plausible explanation.",Anumana,,nyaya_synthetic
marriage has important religious groundings and we should not forbid people from following and adhering to their faith.,Anumana,moderate,ibm_reviewed
"In astrobiology, the instrument trace shows a repeatable pattern across three runs. The operator log notes the same anomaly at the same timestamp window.",Pratyaksha,,nyaya_synthetic
indispensable public services like hospital and school worth every penny investing,Upamana,moderate,aaec_reviewed
"cannabis is no worse than alcohol, which has been legal for years, it's a waste of money to enforce a pointless law.",Anumana,moderate,ibm_reviewed
There is ample evidence showing that capital punishment does not constitute effective deterrence.,Pratyaksha,strong,ibm_reviewed
"Across education, the measured curve stayed flat until the threshold, then rose sharply in two trials.",Pratyaksha,,nyaya_synthetic
Field notes from technology record visible condensation on the cold line within minutes of startup.,Pratyaksha,,nyaya_synthetic
Most of the foods they eat are fat foods like chips or pizzas,Upamana,moderate,aaec_reviewed
an austerity regime is bad: the government needs to keep its programs and the people need to keep their money.,Shabda,moderate,ibm_reviewed
"Across legal reasoning, the measured curve stayed flat until the threshold, then rose sharply in two trials.",Pratyaksha,,nyaya_synthetic
Many circumstances that I experienced change the way I think,Anumana,moderate,aaec_reviewed
we should not force people to vote. they may not be informed and just randomly mark the ballot.,Anumana,moderate,ibm_reviewed
students that already have a basic knowledge and education can get a part-time job and they can pay for their own studies when their parent could not afford to pay it,Anumana,moderate,aaec_reviewed
Child vaccination shouldn't be mandatory because the virus isn't effective in children,Anumana,moderate,ibm_reviewed
I can work long hours for earning more money,Anumana,moderate,aaec_reviewed
"it should have more alternatives to use public transportation, such as a subway train or a sky train",Anumana,moderate,aaec_reviewed
"Unlike traditional classes, distance education courses don't take place in a classroom, where you are surrounded by your teachers and classmates",Upamana,moderate,aaec_reviewed
"students only need to study academic subjects like mathematics, physics",Upamana,moderate,aaec_reviewed
Field notes from science record visible condensation on the cold line within minutes of startup.,Pratyaksha,,nyaya_synthetic
racial profiling has been used to target minority groups that are often victims of police brutality and harrassment.,Anumana,moderate,ibm_reviewed
Social media platforms should be regulated by the government to prevent criminals from affecting people minds.,Shabda,strong,ibm_reviewed
journalism can make enough income to support itself as is seen by the countless successful media outlets,Shabda,moderate,ibm_reviewed
"During the philosophy walkthrough, we could hear intermittent clicking from the enclosure with no load applied.",Pratyaksha,,nyaya_synthetic
Researchers publishing in daily life reported a replication failure under stricter preprocessing.,Shabda,,nyaya_synthetic
students who are suspended will loose out on classes and might fail exams or even drop out of school as a result.,Anumana,moderate,ibm_reviewed
"If we treat the premises charitably, a bottleneck in urban planning. The downstream metric lags whenever the upstream queue saturates; so the system is contention-limited.",Anumana,,nyaya_synthetic
"Taken together, the observations suggest a bottleneck in supply chains. The downstream metric lags whenever the upstream queue saturates; so the system is contention-limited.",Anumana,,nyaya_synthetic
"cannabis has been proven to alleviate pain, hep with insomnia and decrease stress in a natural method.",Pratyaksha,strong,ibm_reviewed
"Across politics, the measured curve stayed flat until the threshold, then rose sharply in two trials.",Pratyaksha,,nyaya_synthetic
if we subsidize vocational education it would be unfair to those who wish to enter other fields.,Anumana,moderate,ibm_reviewed
"Across education, the measured curve stayed flat until the threshold, then rose sharply in two trials.",Pratyaksha,,nyaya_synthetic
"it makes trading more simple to use, it's very beneficial to those who are new to trading.",Anumana,moderate,ibm_reviewed
Master augmentation (philosophy): synthetic vignette uid master-pad-5; intended label Pratyaksha at weak strength for evaluation bookkeeping.,Pratyaksha,,nyaya_synthetic
marriage is old fashioned and we don't need the state or church telling us how love should go,Anumana,moderate,ibm_reviewed
"living in big cities means more exposure to stimulation, like all kinds of information",Upamana,moderate,aaec_reviewed
"According to the education handbook, the device must complete a full calibration cycle before first use.",Shabda,,nyaya_synthetic
"On balance, the evidence indicates a bottleneck in cybersecurity operations. The downstream metric lags whenever the upstream queue saturates; hence the system is contention-limited.",Anumana,,nyaya_synthetic
"In daily life, a direct check showed the instrument reading drifting outside tolerance during the run.",Pratyaksha,,nyaya_synthetic
"For newcomers in daily life, a hash table is similar to a set of labeled drawers: fast lookup, occasional collisions.",Upamana,,nyaya_synthetic
USA is the American dream for being the world power where all technologies are at their cusp equal their opportunities,Anumana,moderate,ibm_reviewed
Field notes from politics record visible condensation on the cold line within minutes of startup.,Pratyaksha,,nyaya_synthetic
"high-quality journalism requires time, expertise, and research. all of this requires money.",Shabda,moderate,ibm_reviewed
"Taken together, the observations suggest a bottleneck in school policy. The downstream metric lags whenever the upstream queue saturates; which implies the system is contention-limited.",Anumana,,nyaya_synthetic
"If we treat the premises charitably, a bottleneck in constitutional law. The downstream metric lags whenever the upstream queue saturates; hence the system is contention-limited.",Anumana,,nyaya_synthetic
"For newcomers in technology, a hash table is similar to a set of labeled drawers: fast lookup, occasional collisions.",Upamana,,nyaya_synthetic
"Taken together, the observations suggest a bottleneck in urban planning. The downstream metric lags whenever the upstream queue saturates; hence the system is contention-limited.",Anumana,,nyaya_synthetic
the vow of celibacy is not necessary in this day and age as it is more widely accepted.,Anumana,moderate,ibm_reviewed
"The dashboard in journalism ethics looked stable at first glance. Yet latency spikes only during failover, which suggests a race in the controller path.",Anumana,,nyaya_synthetic
attending to classes makes students more attentive and have them to do their studies on time that this attitude lead them to success,Anumana,moderate,aaec_reviewed
Master augmentation (medicine): synthetic vignette uid master-pad-19; intended label Pratyaksha at weak strength for evaluation bookkeeping.,Pratyaksha,,nyaya_synthetic
"Likewise, other animals such as, horses, cattles and donkeys for farming, agriculture and as a mode of transportation",Upamana,moderate,aaec_reviewed
prostitution perpetuates the abuse of the vulnerable and funds should be redirected to help them,Anumana,moderate,ibm_reviewed
"exchange of knowledge in different sectors of research like electronics, medical, astronomy etc would become easier",Upamana,moderate,aaec_reviewed
The workflow in social media discourse acts like a pipeline valve: small friction upstream amplifies delays downstream.,Upamana,,nyaya_synthetic
Experts in legal reasoning now recommend documenting provenance for every dataset used in training.,Shabda,,nyaya_synthetic
Field notes from politics record visible condensation on the cold line within minutes of startup.,Pratyaksha,,nyaya_synthetic
nuclear weapons are dangerous when possessed by a country that places no value on human life,Anumana,moderate,ibm_reviewed
Women are just as capable as men in modern warfare so we would lose half of our available fighters by not allowing them.,Upamana,moderate,ibm_reviewed
A recent bulletin in daily life states that the prior guideline was superseded last quarter.,Shabda,,nyaya_synthetic
Master augmentation (medicine): synthetic vignette uid master-pad-7; intended label Upamana at weak strength for evaluation bookkeeping.,Upamana,,nyaya_synthetic
"cannabis has been proven to alleviate pain, hep with insomnia and decrease stress in a natural method.",Pratyaksha,strong,ibm_reviewed
"In science, a direct check showed the instrument reading drifting outside tolerance during the run.",Pratyaksha,,nyaya_synthetic
"We measured the artifact directly in constitutional law. Still, the manual states a different nominal range, so practitioners defer to the handbook when reporting.",Shabda,,nyaya_synthetic
Prostitution is degrading and inhuman. it is a way of commodifying people and treating them as no more than merchandise.,Anumana,moderate,ibm_reviewed
we should adopt atheism because you can live your life freely without the worry of being judged by god,Anumana,moderate,ibm_reviewed
there is so much prejudice in the world that we need to continue affirmative action to bring balance.,Anumana,moderate,ibm_reviewed
many university authorities provide music lessons for their students,Anumana,moderate,aaec_reviewed
"high-quality journalism requires time, expertise, and research. all of this requires money.",Shabda,moderate,ibm_reviewed
"Across philosophy, the measured curve stayed flat until the threshold, then rose sharply in two trials.",Pratyaksha,,nyaya_synthetic
"We measured the artifact directly in supply chains. Still, the manual states a different nominal range, so practitioners defer to the handbook when reporting.",Shabda,,nyaya_synthetic
"Across legal reasoning, the measured curve stayed flat until the threshold, then rose sharply in two trials.",Pratyaksha,,nyaya_synthetic
"Across philosophy, the measured curve stayed flat until the threshold, then rose sharply in two trials.",Pratyaksha,,nyaya_synthetic
"In news analysis, the feedback loop behaves like a thermostat hunting around a noisy setpoint.",Upamana,,nyaya_synthetic
Keeping Guantanamo Bay open shows terrorist groups that we will not back down in the face of terror.,Anumana,moderate,ibm_reviewed
when everything else fails the government should be allowed to curb all superfluous spending within.,Shabda,moderate,ibm_reviewed
"it is too strong to assert that smoking should be prohibited everywhere in the society, one smoking in a restaurant is considered to enjoy his time with the ignorance of others' health",Anumana,moderate,aaec_reviewed
"We measured the artifact directly in journalism ethics. Still, the manual states a different nominal range, so practitioners defer to the handbook when reporting.",Shabda,,nyaya_synthetic
journalism provides information and news so that we can know what is going on outside of our immediate area,Shabda,moderate,ibm_reviewed
Master augmentation (legal reasoning): synthetic vignette uid master-pad-42; intended label Anumana at moderate strength for evaluation bookkeeping.,Anumana,,nyaya_synthetic
"school uniforms help stop bullying because when people are similarly dressed, nobody is made to feel inferior.",Anumana,moderate,ibm_reviewed
"From what we can verify on the record, a bottleneck in school policy. The downstream metric lags whenever the upstream queue saturates; which implies the system is contention-limited.",Anumana,,nyaya_synthetic
It is a criminal offense to kill someone and that is what someone assisting a person in committing suicide is doing.,Anumana,moderate,ibm_reviewed
A recent bulletin in education states that the prior guideline was superseded last quarter.,Shabda,,nyaya_synthetic
"From what we can verify on the record, a bottleneck in econometrics. The downstream metric lags whenever the upstream queue saturates; which makes it plausible that the system is contention-limited.",Anumana,,nyaya_synthetic
Master augmentation (news analysis): synthetic vignette uid master-pad-1; intended label Anumana at weak strength for evaluation bookkeeping.,Anumana,,nyaya_synthetic
"In education, debugging distributed traces is like following colored threads through a woven fabric.",Upamana,,nyaya_synthetic
Master augmentation (philosophy): synthetic vignette uid master-pad-5; intended label Pratyaksha at weak strength for evaluation bookkeeping.,Pratyaksha,,nyaya_synthetic
children could acquire the information regarding how to protect wild animals according to guided tour or volunteers,Shabda,strong,aaec_reviewed
foster care gives children who do not have a proper home environment a chance to thrive.,Anumana,moderate,ibm_reviewed
cosmetic surgery is addictive and leads to some people turning their otherwise healthy bodies into sickly silicone wrecks.,Anumana,moderate,ibm_reviewed
"On balance, the evidence indicates a bottleneck in constitutional law. The downstream metric lags whenever the upstream queue saturates; which makes it plausible that the system is contention-limited.",Anumana,,nyaya_synthetic
"For newcomers in public debate, a hash table is similar to a set of labeled drawers: fast lookup, occasional collisions.",Upamana,,nyaya_synthetic
"In medicine, debugging distributed traces is like following colored threads through a woven fabric.",Upamana,,nyaya_synthetic
urbanization allows populations easier access to food and services that improve quality of life.,Anumana,moderate,ibm_reviewed
prohibiting women in combat is sexist. women are just as capable of men in combat with proper training.,Upamana,moderate,ibm_reviewed
"On balance, the evidence indicates a bottleneck in history of science. The downstream metric lags whenever the upstream queue saturates; hence the system is contention-limited.",Anumana,,nyaya_synthetic
"In public debate, debugging distributed traces is like following colored threads through a woven fabric.",Upamana,,nyaya_synthetic
"racial profiling distracts police from using actual evidence to catch criminals, as they are focused on skin color instead",Pratyaksha,strong,ibm_reviewed
Master augmentation (social media discourse): synthetic vignette uid master-pad-11; intended label Shabda at strong strength for evaluation bookkeeping.,Shabda,,nyaya_synthetic
"In cybersecurity operations, the instrument trace shows a repeatable pattern across three runs. The operator log notes the same anomaly at the same timestamp window.",Pratyaksha,,nyaya_synthetic
Master augmentation (news analysis): synthetic vignette uid master-pad-18; intended label Upamana at weak strength for evaluation bookkeeping.,Upamana,,nyaya_synthetic
journalism should not be subsidized because subsidies could too easily be allotted according to political beliefs.,Shabda,strong,ibm_reviewed
"Explaining constitutional law to newcomers is similar to teaching navigation: you start from landmarks people already trust, then map unfamiliar terrain onto those anchors.",Upamana,,nyaya_synthetic
"We measured the artifact directly in econometrics. Still, the manual states a different nominal range, so practitioners defer to the handbook when reporting.",Shabda,,nyaya_synthetic
sometimes people make mistakes in their life. to put an arbitrary number such as three strikes is not fair.,Anumana,moderate,ibm_reviewed
it is reverse discrimination and only benefits certain minorities. asians do not benefit from it.,Anumana,moderate,ibm_reviewed
"it is a loss of national productivity that young people spend much time on searching for high salary jobs, even can be a sheer time-consuming",Anumana,moderate,aaec_reviewed
"In philosophy, debugging distributed traces is like following colored threads through a woven fabric.",Upamana,,nyaya_synthetic
"From what we can verify on the record, a bottleneck in urban planning. The downstream metric lags whenever the upstream queue saturates; so the system is contention-limited.",Anumana,,nyaya_synthetic
homeschooling should not be banned because some kids get picked on and a safe home setting is best place to learn.,Anumana,strong,ibm_reviewed
"In science, a direct check showed the instrument reading drifting outside tolerance during the run.",Pratyaksha,,nyaya_synthetic
"Under ordinary conditions in this domain, a bottleneck in supply chains. The downstream metric lags whenever the upstream queue saturates; therefore the system is contention-limited.",Anumana,,nyaya_synthetic
A recent bulletin in social media discourse states that the prior guideline was superseded last quarter.,Shabda,,nyaya_synthetic
"We measured the artifact directly in journalism ethics. Still, the manual states a different nominal range, so practitioners defer to the handbook when reporting.",Shabda,,nyaya_synthetic
"In technology, the feedback loop behaves like a thermostat hunting around a noisy setpoint.",Upamana,,nyaya_synthetic
"According to the published standard for astrobiology, reviewers must document assumptions and cite the controlling source. Experts in the field treat that requirement as a minimum bar for credibility.",Shabda,,nyaya_synthetic
"On balance, the evidence indicates a bottleneck in clinical triage. The downstream metric lags whenever the upstream queue saturates; which supports the view that the system is contention-limited.",Anumana,,nyaya_synthetic
Master augmentation (daily life): synthetic vignette uid master-pad-21; intended label Upamana at moderate strength for evaluation bookkeeping.,Upamana,,nyaya_synthetic
"Unlike traditional classes, distance education courses don't take place in a classroom, where you are surrounded by your teachers and classmates",Upamana,moderate,aaec_reviewed
this would insure that people have a legal representation regardless of the ability to hire a lawyer.,Anumana,moderate,ibm_reviewed
we should introduce compulsory voting as everyone should have a say in who is voted into offices.,Anumana,moderate,ibm_reviewed
"According to the politics handbook, the device must complete a full calibration cycle before first use.",Shabda,,nyaya_synthetic
"Explaining urban planning to newcomers is similar to teaching navigation: you start from landmarks people already trust, then map unfamiliar terrain onto those anchors.",Upamana,,nyaya_synthetic
"On balance, the evidence indicates a bottleneck in history of science. The downstream metric lags whenever the upstream queue saturates; which implies the system is contention-limited.",Anumana,,nyaya_synthetic
"they can improve their results, break records and bring victories to their own countries",Anumana,moderate,aaec_reviewed
"living in big cities means more exposure to stimulation, like all kinds of information",Upamana,moderate,aaec_reviewed
traditional education has some merits like feedbacks and inspirations that cannot be replaced in the near future,Upamana,moderate,aaec_reviewed
This is especially true in sectors like entertainment and sports,Upamana,moderate,aaec_reviewed
Flag burning is a constitutional right and cannot be banned without changing the constitution.,Shabda,moderate,ibm_reviewed
Experts in social media discourse now recommend documenting provenance for every dataset used in training.,Shabda,,nyaya_synthetic
Field notes from news analysis record visible condensation on the cold line within minutes of startup.,Pratyaksha,,nyaya_synthetic
standardized tests are valuable option for educational system as long as it would help teachers to know if the students are really getting knowledge,Anumana,moderate,aaec_reviewed
entrapment should be legalized because it is arbitrary to ban this one type of evidence.,Pratyaksha,strong,ibm_reviewed
Researchers publishing in social media discourse reported a replication failure under stricter preprocessing.,Shabda,,nyaya_synthetic
communicating in person can be more convincing,Anumana,weak,aaec_reviewed
"In politics, a direct check showed the instrument reading drifting outside tolerance during the run.",Pratyaksha,,nyaya_synthetic
Social media platforms ought to be regulated by the government to stop the crimes of blackmailing.,Shabda,moderate,ibm_reviewed
allowing sex selection may lead to a gender imbalance in the population causing problems for future generations.,Anumana,moderate,ibm_reviewed
"Since the premise set is ambiguous in philosophy, interpreters will default to the narrower reading.",Anumana,,nyaya_synthetic
"From what we can verify on the record, a bottleneck in journalism ethics. The downstream metric lags whenever the upstream queue saturates; which supports the view that the system is contention-limited.",Anumana,,nyaya_synthetic
schools should consider giving several small vocations to the students during the year,Anumana,moderate,aaec_reviewed
"In social media discourse, the feedback loop behaves like a thermostat hunting around a noisy setpoint.",Upamana,,nyaya_synthetic
"On balance, the evidence indicates a bottleneck in journalism ethics. The downstream metric lags whenever the upstream queue saturates; hence the system is contention-limited.",Anumana,,nyaya_synthetic
"For newcomers in politics, a hash table is similar to a set of labeled drawers: fast lookup, occasional collisions.",Upamana,,nyaya_synthetic
"Under ordinary conditions in this domain, a bottleneck in constitutional law. The downstream metric lags whenever the upstream queue saturates; which supports the view that the system is contention-limited.",Anumana,,nyaya_synthetic
This is especially true in sectors like entertainment and sports,Upamana,moderate,aaec_reviewed
"On balance, the evidence indicates a bottleneck in school policy. The downstream metric lags whenever the upstream queue saturates; so the system is contention-limited.",Anumana,,nyaya_synthetic
urbanization creates population centers where major companies would establish themselves which makes it easier to get jobs,Anumana,moderate,ibm_reviewed
we should not adopt libertarianism because we need the government to help with things like roads and other infrastructure,Shabda,strong,ibm_reviewed
"algorithmic trading leaves us vulnerable and fully dependent on technology, which can have issues of its own",Anumana,moderate,ibm_reviewed
"Across technology, the measured curve stayed flat until the threshold, then rose sharply in two trials.",Pratyaksha,,nyaya_synthetic
even some disabled people with serious vertebral injuries can start doing physical activities like walking again thanks to the continuingly efforts of biomechanical engineers and neurologists,Upamana,moderate,aaec_reviewed
"In legal reasoning, the leading indicator moved first; therefore the downstream effect is the plausible explanation.",Anumana,,nyaya_synthetic
There is ample evidence showing that capital punishment does not constitute effective deterrence.,Pratyaksha,strong,ibm_reviewed
three strikes laws put people in jail for long periods despite committing only minor offenses.,Anumana,moderate,ibm_reviewed
people tend to follow the trend back to the tradition in the recent years,Anumana,moderate,aaec_reviewed
marriage just isn't necessary any more as male and female roles have changed tremendously.,Anumana,moderate,ibm_reviewed
cosmetic surgery is needed for reconstructive surgery and is a necessary part of the process.,Anumana,moderate,ibm_reviewed
"In public debate, a direct check showed the instrument reading drifting outside tolerance during the run.",Pratyaksha,,nyaya_synthetic
"From what we can verify on the record, a bottleneck in school policy. The downstream metric lags whenever the upstream queue saturates; which supports the view that the system is contention-limited.",Anumana,,nyaya_synthetic
"On balance, the evidence indicates a bottleneck in supply chains. The downstream metric lags whenever the upstream queue saturates; hence the system is contention-limited.",Anumana,,nyaya_synthetic
Master augmentation (public debate): synthetic vignette uid master-pad-31; intended label Upamana at moderate strength for evaluation bookkeeping.,Upamana,,nyaya_synthetic
It cannot be mandatory since the first responsible for deciding what is best for their children are the parents,Anumana,moderate,ibm_reviewed
people should be allowed to die with dignity instead of suffering a long painful death.,Anumana,moderate,ibm_reviewed
"journalism is necessary to a free, democratic society and so we must support it by subsidizing the news.",Shabda,moderate,ibm_reviewed
We should not abandon the use of school uniform as it helps students feel affinity to their school and eachother.,Anumana,moderate,ibm_reviewed
"Given repeated failures only under load in social media discourse, congestion is more likely than a random bug.",Anumana,,nyaya_synthetic
when everything else fails the government should be allowed to curb all superfluous spending within.,Shabda,moderate,ibm_reviewed
"In supply chains, the instrument trace shows a repeatable pattern across three runs. The operator log notes the same anomaly at the same timestamp window.",Pratyaksha,,nyaya_synthetic
Researchers publishing in news analysis reported a replication failure under stricter preprocessing.,Shabda,,nyaya_synthetic
"journalism is necessary to a free, democratic society and so we must support it by subsidizing the news.",Shabda,moderate,ibm_reviewed
The workflow in technology acts like a pipeline valve: small friction upstream amplifies delays downstream.,Upamana,,nyaya_synthetic
"urbanization leads to a loss of small town identities, unsightly urban skyscrapers, and a mass increase of pollution.",Anumana,moderate,ibm_reviewed
Field notes from public debate record visible condensation on the cold line within minutes of startup.,Pratyaksha,,nyaya_synthetic
economic sanctions are a good way for a government to show disapproval without resorting to violence.,Shabda,moderate,ibm_reviewed
private military companies help bring down the cost of military action by our government.,Shabda,moderate,ibm_reviewed
Master augmentation (science): synthetic vignette uid master-pad-27; intended label Anumana at moderate strength for evaluation bookkeeping.,Anumana,,nyaya_synthetic
the university should allow the student to participate in the classed without passing the test,Anumana,moderate,aaec_reviewed
"If we treat the premises charitably, a bottleneck in cybersecurity operations. The downstream metric lags whenever the upstream queue saturates; which implies the system is contention-limited.",Anumana,,nyaya_synthetic
Celibacy puts undue pressure on priests and leads to secret homosexuality and pedophilia and should be stopped.,Anumana,moderate,ibm_reviewed
Field notes from public debate record visible condensation on the cold line within minutes of startup.,Pratyaksha,,nyaya_synthetic
A recent bulletin in public debate states that the prior guideline was superseded last quarter.,Shabda,,nyaya_synthetic
We should not legalize sex selection because male and female foetuses deserve equal protection under the law.,Anumana,moderate,ibm_reviewed
"Taken together, the observations suggest a bottleneck in clinical triage. The downstream metric lags whenever the upstream queue saturates; which supports the view that the system is contention-limited.",Anumana,,nyaya_synthetic
the importance of the education of our professionals must be taken into consideration in our society,Anumana,moderate,ibm_reviewed
Field notes from social media discourse record visible condensation on the cold line within minutes of startup.,Pratyaksha,,nyaya_synthetic
ease to prepare food has improved people’s lives,Anumana,weak,aaec_reviewed
the vow of celibacy shouldn't be abandoned because it is sacred to become a priests and it follows the way of the bible,Anumana,strong,ibm_reviewed
"journalism is necessary to a free, democratic society and so we must support it by subsidizing the news.",Shabda,moderate,ibm_reviewed
"In science, a direct check showed the instrument reading drifting outside tolerance during the run.",Pratyaksha,,nyaya_synthetic
"In technology, a direct check showed the instrument reading drifting outside tolerance during the run.",Pratyaksha,,nyaya_synthetic
A recent bulletin in legal reasoning states that the prior guideline was superseded last quarter.,Shabda,,nyaya_synthetic
we should not fight urbanization as growth only provides more opportunities for a community.,Anumana,moderate,ibm_reviewed
"If we treat the premises charitably, a bottleneck in supply chains. The downstream metric lags whenever the upstream queue saturates; which implies the system is contention-limited.",Anumana,,nyaya_synthetic
"Explaining clinical triage to newcomers is similar to teaching navigation: you start from landmarks people already trust, then map unfamiliar terrain onto those anchors.",Upamana,,nyaya_synthetic
"As living in a competent world, we are like playing a survival game",Upamana,moderate,aaec_reviewed
"During the philosophy walkthrough, we could hear intermittent clicking from the enclosure with no load applied.",Pratyaksha,,nyaya_synthetic
"In climate modeling, the instrument trace shows a repeatable pattern across three runs. The operator log notes the same anomaly at the same timestamp window.",Pratyaksha,,nyaya_synthetic
"From what we can verify on the record, a bottleneck in constitutional law. The downstream metric lags whenever the upstream queue saturates; hence the system is contention-limited.",Anumana,,nyaya_synthetic
people are now more conscious to gain more educational qualification and also are more interested to work on various fields simultaneously to earn more and support themselves,Anumana,moderate,aaec_reviewed
journalism can make enough income to support itself as is seen by the countless successful media outlets,Shabda,moderate,ibm_reviewed
"Explaining climate modeling to newcomers is similar to teaching navigation: you start from landmarks people already trust, then map unfamiliar terrain onto those anchors.",Upamana,,nyaya_synthetic
"On balance, the evidence indicates a bottleneck in urban planning. The downstream metric lags whenever the upstream queue saturates; hence the system is contention-limited.",Anumana,,nyaya_synthetic
"In daily life, debugging distributed traces is like following colored threads through a woven fabric.",Upamana,,nyaya_synthetic
"some male chauvinists think that women are incapable in particular fields, like maths, mechanical engineering, defense etc",Upamana,moderate,aaec_reviewed
in the interest of world peace we should adopt atheism and would then avoid religious wars,Anumana,moderate,ibm_reviewed
"higher education is no longer that useful in finding a job, we need to stop funneling money into it.",Anumana,moderate,ibm_reviewed
Field notes from daily life record visible condensation on the cold line within minutes of startup.,Pratyaksha,,nyaya_synthetic
"On balance, the evidence indicates a bottleneck in software reliability. The downstream metric lags whenever the upstream queue saturates; therefore the system is contention-limited.",Anumana,,nyaya_synthetic
"In politics, the feedback loop behaves like a thermostat hunting around a noisy setpoint.",Upamana,,nyaya_synthetic
"my roommate, Mary, always wakes up 6 in the morning and spends 1 hour doing sport in the park which is near our dormitory",Anumana,moderate,aaec_reviewed
this law is unfair to people committing small offenses that do not deserve to be put away for life.,Anumana,moderate,ibm_reviewed
A recent bulletin in science states that the prior guideline was superseded last quarter.,Shabda,,nyaya_synthetic
"living in big cities is quite funnier and better and more exciting than living in small towns because of many more social places, technologies facilities, better education and medical services",Anumana,strong,aaec_reviewed
"In astrobiology, the instrument trace shows a repeatable pattern across three runs. The operator log notes the same anomaly at the same timestamp window.",Pratyaksha,,nyaya_synthetic
learning facts has more subsequent advantages for students' future lives,Anumana,moderate,aaec_reviewed
Master augmentation (politics): synthetic vignette uid master-pad-23; intended label Pratyaksha at moderate strength for evaluation bookkeeping.,Pratyaksha,,nyaya_synthetic
"Across philosophy, the measured curve stayed flat until the threshold, then rose sharply in two trials.",Pratyaksha,,nyaya_synthetic
"During the education walkthrough, we could hear intermittent clicking from the enclosure with no load applied.",Pratyaksha,,nyaya_synthetic
"racial profiling distracts police from using actual evidence to catch criminals, as they are focused on skin color instead",Pratyaksha,strong,ibm_reviewed
private military companies have no oversight and thus can commit atrocities with no repercussions.,Anumana,moderate,ibm_reviewed
committment and stability are important in the lives of children and marriage provides these qualities,Anumana,moderate,ibm_reviewed
A recent bulletin in education states that the prior guideline was superseded last quarter.,Shabda,,nyaya_synthetic
"Across politics, the measured curve stayed flat until the threshold, then rose sharply in two trials.",Pratyaksha,,nyaya_synthetic
Researchers publishing in social media discourse reported a replication failure under stricter preprocessing.,Shabda,,nyaya_synthetic
"For newcomers in technology, a hash table is similar to a set of labeled drawers: fast lookup, occasional collisions.",Upamana,,nyaya_synthetic
Those who don't even take a word of criticism will eventually lose chances to get improved,Anumana,moderate,aaec_reviewed
"Under ordinary conditions in this domain, a bottleneck in cybersecurity operations. The downstream metric lags whenever the upstream queue saturates; hence the system is contention-limited.",Anumana,,nyaya_synthetic
they may be factors decreasing the position of written language,Anumana,moderate,aaec_reviewed
"On balance, the evidence indicates a bottleneck in urban planning. The downstream metric lags whenever the upstream queue saturates; so the system is contention-limited.",Anumana,,nyaya_synthetic
"In science, debugging distributed traces is like following colored threads through a woven fabric.",Upamana,,nyaya_synthetic
I would prefer to live in an apartment in the community rather than in the university dormitories,Anumana,moderate,aaec_reviewed
"In legal reasoning, the feedback loop behaves like a thermostat hunting around a noisy setpoint.",Upamana,,nyaya_synthetic
"From what we can verify on the record, a bottleneck in history of science. The downstream metric lags whenever the upstream queue saturates; therefore the system is contention-limited.",Anumana,,nyaya_synthetic
more people believe in god than don't so adopting atheism is not in line with what a majority of people believe.,Anumana,moderate,ibm_reviewed
"major wars have never fought over atheism, but history is full of bloody battles over religion.",Anumana,moderate,ibm_reviewed
"In daily life, debugging distributed traces is like following colored threads through a woven fabric.",Upamana,,nyaya_synthetic
people should be free to do as they choose without government intervention therefore we should adopt libertarianism.,Shabda,strong,ibm_reviewed
international aid should be prioritised,Anumana,weak,aaec_reviewed
it should not be legal because it makes some people commit a crime that they normally would not commit,Anumana,moderate,ibm_reviewed
"when I fix my study plan with a specific time and finish it on time, it improves my ability in the future to become more precise and careful",Anumana,moderate,aaec_reviewed
There is also another obvious advantage of living in a big city considering the chance of receiving better education of our offspring,Anumana,moderate,aaec_reviewed
The workflow in technology acts like a pipeline valve: small friction upstream amplifies delays downstream.,Upamana,,nyaya_synthetic
Field notes from technology record visible condensation on the cold line within minutes of startup.,Pratyaksha,,nyaya_synthetic
Field notes from technology record visible condensation on the cold line within minutes of startup.,Pratyaksha,,nyaya_synthetic
"Taken together, the observations suggest a bottleneck in clinical triage. The downstream metric lags whenever the upstream queue saturates; which makes it plausible that the system is contention-limited.",Anumana,,nyaya_synthetic
"we do not allow child labour, child actors are working children, this should also be banned",Anumana,moderate,ibm_reviewed
"In daily life, the feedback loop behaves like a thermostat hunting around a noisy setpoint.",Upamana,,nyaya_synthetic
indispensable public services like hospital and school worth every penny investing,Upamana,moderate,aaec_reviewed
"In medicine, a direct check showed the instrument reading drifting outside tolerance during the run.",Pratyaksha,,nyaya_synthetic
We should not legalize cannabis as it has been proven to have long term mental health and concentration issues.,Pratyaksha,strong,ibm_reviewed
"We measured the artifact directly in school policy. Still, the manual states a different nominal range, so practitioners defer to the handbook when reporting.",Shabda,,nyaya_synthetic
"subsidizing student loans would be costly to the banks and the government that funds them,",Shabda,moderate,ibm_reviewed
Master augmentation (public debate): synthetic vignette uid master-pad-28; intended label Pratyaksha at weak strength for evaluation bookkeeping.,Pratyaksha,,nyaya_synthetic
"When the death penalty is performed, there is no chance for the individual to escape and commit another crime",Anumana,moderate,ibm_reviewed
nobody has the right to take another person's life no matter how evil that person may be.,Anumana,moderate,ibm_reviewed
A recent bulletin in education states that the prior guideline was superseded last quarter.,Shabda,,nyaya_synthetic
A recent bulletin in technology states that the prior guideline was superseded last quarter.,Shabda,,nyaya_synthetic
"According to the published standard for clinical triage, reviewers must document assumptions and cite the controlling source. Experts in the field treat that requirement as a minimum bar for credibility.",Shabda,,nyaya_synthetic
"Taken together, the observations suggest a bottleneck in econometrics. The downstream metric lags whenever the upstream queue saturates; which implies the system is contention-limited.",Anumana,,nyaya_synthetic
"In legal reasoning, the feedback loop behaves like a thermostat hunting around a noisy setpoint.",Upamana,,nyaya_synthetic
"For newcomers in philosophy, a hash table is similar to a set of labeled drawers: fast lookup, occasional collisions.",Upamana,,nyaya_synthetic
"If we treat the premises charitably, a bottleneck in clinical triage. The downstream metric lags whenever the upstream queue saturates; which implies the system is contention-limited.",Anumana,,nyaya_synthetic
"From what we can verify on the record, a bottleneck in supply chains. The downstream metric lags whenever the upstream queue saturates; hence the system is contention-limited.",Anumana,,nyaya_synthetic
The workflow in philosophy acts like a pipeline valve: small friction upstream amplifies delays downstream.,Upamana,,nyaya_synthetic
"Under ordinary conditions in this domain, a bottleneck in supply chains. The downstream metric lags whenever the upstream queue saturates; which implies the system is contention-limited.",Anumana,,nyaya_synthetic
the adoption of zero tolerance has effective in keeping bullying in check and all sorts of academic misconduct.,Shabda,moderate,ibm_reviewed
Master augmentation (medicine): synthetic vignette uid master-pad-19; intended label Pratyaksha at weak strength for evaluation bookkeeping.,Pratyaksha,,nyaya_synthetic
"Explaining clinical triage to newcomers is similar to teaching navigation: you start from landmarks people already trust, then map unfamiliar terrain onto those anchors.",Upamana,,nyaya_synthetic
Master augmentation (education): synthetic vignette uid master-pad-32; intended label Shabda at strong strength for evaluation bookkeeping.,Shabda,,nyaya_synthetic
"From what we can verify on the record, a bottleneck in software reliability. The downstream metric lags whenever the upstream queue saturates; hence the system is contention-limited.",Anumana,,nyaya_synthetic
zero tolerance policies in schools make them a safer and more disciplined place because disruptive students are removed,Anumana,moderate,ibm_reviewed
"In medicine, a direct check showed the instrument reading drifting outside tolerance during the run.",Pratyaksha,,nyaya_synthetic
The workflow in medicine acts like a pipeline valve: small friction upstream amplifies delays downstream.,Upamana,,nyaya_synthetic
we should subsidize space exploration because maybe there are things in space that could help the world on earth,Anumana,moderate,ibm_reviewed
even some disabled people with serious vertebral injuries can start doing physical activities like walking again thanks to the continuingly efforts of biomechanical engineers and neurologists,Upamana,moderate,aaec_reviewed
"Given repeated failures only under load in politics, congestion is more likely than a random bug.",Anumana,,nyaya_synthetic
"In history of science, the instrument trace shows a repeatable pattern across three runs. The operator log notes the same anomaly at the same timestamp window.",Pratyaksha,,nyaya_synthetic
The workflow in philosophy acts like a pipeline valve: small friction upstream amplifies delays downstream.,Upamana,,nyaya_synthetic
"Under ordinary conditions in this domain, a bottleneck in astrobiology. The downstream metric lags whenever the upstream queue saturates; which implies the system is contention-limited.",Anumana,,nyaya_synthetic
"During the news analysis walkthrough, we could hear intermittent clicking from the enclosure with no load applied.",Pratyaksha,,nyaya_synthetic
the influence on environmental problems are boarder and more profound than economic issues,Anumana,moderate,aaec_reviewed
"Given repeated failures only under load in legal reasoning, congestion is more likely than a random bug.",Anumana,,nyaya_synthetic
"In daily life, the feedback loop behaves like a thermostat hunting around a noisy setpoint.",Upamana,,nyaya_synthetic
vocational education is outdated and keeps training people in industries that keep shutting down,Anumana,moderate,ibm_reviewed
we should not ban private military companies because they can provide great protection in many areas of our country,Anumana,moderate,ibm_reviewed
we should ban algorithmic trading because it gives a select few an unfair advantage over others.,Anumana,moderate,ibm_reviewed
"According to the published standard for econometrics, reviewers must document assumptions and cite the controlling source. Experts in the field treat that requirement as a minimum bar for credibility.",Shabda,,nyaya_synthetic
"In technology, debugging distributed traces is like following colored threads through a woven fabric.",Upamana,,nyaya_synthetic
"According to the published standard for history of science, reviewers must document assumptions and cite the controlling source. Experts in the field treat that requirement as a minimum bar for credibility.",Shabda,,nyaya_synthetic
public defenders should not be mandatory for people who already plead guilty to crimes they've committed,Anumana,moderate,ibm_reviewed
Most of the foods they eat are fat foods like chips or pizzas,Upamana,moderate,aaec_reviewed
Detaining terrorists at Guantanamo Bay ensures they cannot plan future attacks on America.,Anumana,moderate,ibm_reviewed
subsidized loans help students get an education and without them they might not be able to go to school,Anumana,moderate,ibm_reviewed
we should not legalize prostitution because it would lead to an increase in human trafficking of young women and girls.,Anumana,strong,ibm_reviewed
human cloning would allow infertile couples to have children developed from their own cells,Anumana,moderate,ibm_reviewed
This is especially true in sectors like entertainment and sports,Upamana,moderate,aaec_reviewed
The main reason why people are becoming so addicted to sitting at their homes even for the whole day is an advance technology,Anumana,moderate,aaec_reviewed
Master augmentation (public debate): synthetic vignette uid master-pad-28; intended label Pratyaksha at weak strength for evaluation bookkeeping.,Pratyaksha,,nyaya_synthetic
It was fun and a little bit similar to the cinema,Upamana,moderate,aaec_reviewed
"In legal reasoning, a direct check showed the instrument reading drifting outside tolerance during the run.",Pratyaksha,,nyaya_synthetic
"the u. s needs nuclear weapons, just having them prevents other countries from attacking us.",Anumana,moderate,ibm_reviewed
no profession should be unfairly treated better than another & given preferential subsidies,Anumana,moderate,ibm_reviewed
"On balance, the evidence indicates a bottleneck in constitutional law. The downstream metric lags whenever the upstream queue saturates; so the system is contention-limited.",Anumana,,nyaya_synthetic
"We measured the artifact directly in urban planning. Still, the manual states a different nominal range, so practitioners defer to the handbook when reporting.",Shabda,,nyaya_synthetic
"In social media discourse, the feedback loop behaves like a thermostat hunting around a noisy setpoint.",Upamana,,nyaya_synthetic
"Under ordinary conditions in this domain, a bottleneck in supply chains. The downstream metric lags whenever the upstream queue saturates; so the system is contention-limited.",Anumana,,nyaya_synthetic
Every technology has it’s good and bad effects but I prefer having the technologies with their disadvantages to living like 16 century without any of modern facilities of technology,Upamana,moderate,aaec_reviewed
even some disabled people with serious vertebral injuries can start doing physical activities like walking again thanks to the continuingly efforts of biomechanical engineers and neurologists,Upamana,moderate,aaec_reviewed
The workflow in daily life acts like a pipeline valve: small friction upstream amplifies delays downstream.,Upamana,,nyaya_synthetic
we have the most guns per capita in the developed world and the highest level of gun violence,Anumana,moderate,ibm_reviewed
"On balance, the evidence indicates a bottleneck in econometrics. The downstream metric lags whenever the upstream queue saturates; which makes it plausible that the system is contention-limited.",Anumana,,nyaya_synthetic
"As living in a competent world, we are like playing a survival game",Upamana,moderate,aaec_reviewed
"journalism is necessary to a free, democratic society and so we must support it by subsidizing the news.",Shabda,moderate,ibm_reviewed
guantanamo bay is outdated and shouldn't continue to isolate people in the way they do.,Anumana,moderate,ibm_reviewed
"For newcomers in philosophy, a hash table is similar to a set of labeled drawers: fast lookup, occasional collisions.",Upamana,,nyaya_synthetic
"Across education, the measured curve stayed flat until the threshold, then rose sharply in two trials.",Pratyaksha,,nyaya_synthetic
Modern technogy has impacted the traditional cultures in both negative and positive ways,Anumana,moderate,aaec_reviewed
"The social media platform must be regulated by the government, to prevent hateful content, violence among others",Shabda,strong,ibm_reviewed
Another technological innovations which help people around the world is related to medical equipments,Anumana,moderate,aaec_reviewed
"During the public debate walkthrough, we could hear intermittent clicking from the enclosure with no load applied.",Pratyaksha,,nyaya_synthetic
Social media platforms should be regulated by the government to prevent criminals from affecting people minds.,Shabda,strong,ibm_reviewed
we should subsidize journalism to ensure media has the proper means to get the correct answers to the public.,Shabda,strong,ibm_reviewed
Master augmentation (science): synthetic vignette uid master-pad-36; intended label Upamana at weak strength for evaluation bookkeeping.,Upamana,,nyaya_synthetic
even some disabled people with serious vertebral injuries can start doing physical activities like walking again thanks to the continuingly efforts of biomechanical engineers and neurologists,Upamana,moderate,aaec_reviewed
"In cybersecurity operations, the instrument trace shows a repeatable pattern across three runs. The operator log notes the same anomaly at the same timestamp window.",Pratyaksha,,nyaya_synthetic
"Under ordinary conditions in this domain, a bottleneck in history of science. The downstream metric lags whenever the upstream queue saturates; which supports the view that the system is contention-limited.",Anumana,,nyaya_synthetic
Master augmentation (philosophy): synthetic vignette uid master-pad-38; intended label Shabda at moderate strength for evaluation bookkeeping.,Shabda,,nyaya_synthetic
The workflow in science acts like a pipeline valve: small friction upstream amplifies delays downstream.,Upamana,,nyaya_synthetic
"Explaining climate modeling to newcomers is similar to teaching navigation: you start from landmarks people already trust, then map unfamiliar terrain onto those anchors.",Upamana,,nyaya_synthetic
the preservation is very expensive because all components of old buildings have historical values,Anumana,strong,aaec_reviewed
guantanamo bay provides intelligence information that may crack terrorist cells and prevent future attacks.,Anumana,moderate,ibm_reviewed
"In science, the feedback loop behaves like a thermostat hunting around a noisy setpoint.",Upamana,,nyaya_synthetic
algorithmic trading is not available to all and hinders the vitality of all in a level playing field.,Anumana,moderate,ibm_reviewed
"On balance, the evidence indicates a bottleneck in software reliability. The downstream metric lags whenever the upstream queue saturates; which supports the view that the system is contention-limited.",Anumana,,nyaya_synthetic
if we subsidize student loans we will create corruption mechanisms so that others can take advantage of these subsidies,Anumana,moderate,ibm_reviewed
"In daily life, the feedback loop behaves like a thermostat hunting around a noisy setpoint.",Upamana,,nyaya_synthetic
we should not legalize sex selection and leave mother nature to doing her job and not try to become god.,Anumana,moderate,ibm_reviewed
entrapment should be legalized because it is arbitrary to ban this one type of evidence.,Pratyaksha,strong,ibm_reviewed
"Across medicine, the measured curve stayed flat until the threshold, then rose sharply in two trials.",Pratyaksha,,nyaya_synthetic
"Under ordinary conditions in this domain, a bottleneck in constitutional law. The downstream metric lags whenever the upstream queue saturates; hence the system is contention-limited.",Anumana,,nyaya_synthetic
The workflow in daily life acts like a pipeline valve: small friction upstream amplifies delays downstream.,Upamana,,nyaya_synthetic
"From what we can verify on the record, a bottleneck in climate modeling. The downstream metric lags whenever the upstream queue saturates; which makes it plausible that the system is contention-limited.",Anumana,,nyaya_synthetic
"cannabis has been proven to alleviate pain, hep with insomnia and decrease stress in a natural method.",Pratyaksha,strong,ibm_reviewed
while small towns have picturesque nature and pure air,Anumana,moderate,aaec_reviewed
the government should not spend money on people who can afford their own legal representation.,Shabda,moderate,ibm_reviewed
"Because the control arm improved while the treatment arm flatlined in science, the intervention may lack efficacy.",Anumana,,nyaya_synthetic
"In politics, a direct check showed the instrument reading drifting outside tolerance during the run.",Pratyaksha,,nyaya_synthetic
city planner can still opt for non-personal vehicle and the exploitation of the suburb areas,Anumana,moderate,aaec_reviewed
a flag is only a symbol and permitting burning it as an expression of anger is free speech,Anumana,moderate,ibm_reviewed
"Across politics, the measured curve stayed flat until the threshold, then rose sharply in two trials.",Pratyaksha,,nyaya_synthetic
"In supply chains, the instrument trace shows a repeatable pattern across three runs. The operator log notes the same anomaly at the same timestamp window.",Pratyaksha,,nyaya_synthetic
"Taken together, the observations suggest a bottleneck in history of science. The downstream metric lags whenever the upstream queue saturates; which supports the view that the system is contention-limited.",Anumana,,nyaya_synthetic
"living in big cities means more exposure to stimulation, like all kinds of information",Upamana,moderate,aaec_reviewed
"In econometrics, the instrument trace shows a repeatable pattern across three runs. The operator log notes the same anomaly at the same timestamp window.",Pratyaksha,,nyaya_synthetic
you can't see the texture of the artwork which is very important to study the skills used by the artist,Anumana,moderate,aaec_reviewed
"Given repeated failures only under load in technology, congestion is more likely than a random bug.",Anumana,,nyaya_synthetic
"According to the published standard for software reliability, reviewers must document assumptions and cite the controlling source. Experts in the field treat that requirement as a minimum bar for credibility.",Shabda,,nyaya_synthetic
"students only need to study academic subjects like mathematics, physics",Upamana,moderate,aaec_reviewed
Experts in public debate now recommend documenting provenance for every dataset used in training.,Shabda,,nyaya_synthetic
"The dashboard in climate modeling looked stable at first glance. Yet latency spikes only during failover, which suggests a race in the controller path.",Anumana,,nyaya_synthetic
Field notes from public debate record visible condensation on the cold line within minutes of startup.,Pratyaksha,,nyaya_synthetic
CCTV cameras are essential and therefore must be installed in every premise,Anumana,strong,aaec_reviewed
"given the characteristic of sensitivity generally present in the female gender, this could put at risk combat operations",Anumana,moderate,ibm_reviewed
Master augmentation (medicine): synthetic vignette uid master-pad-17; intended label Upamana at moderate strength for evaluation bookkeeping.,Upamana,,nyaya_synthetic
"Marijuana is part of drug culture so using it leads to other, much more dangerous drug use.",Anumana,moderate,ibm_reviewed
The workflow in medicine acts like a pipeline valve: small friction upstream amplifies delays downstream.,Upamana,,nyaya_synthetic
financial aid is not the only way to assist poor countries,Anumana,moderate,aaec_reviewed
creativity also gives aesthetic charm,Anumana,weak,aaec_reviewed
"In astrobiology, the instrument trace shows a repeatable pattern across three runs. The operator log notes the same anomaly at the same timestamp window.",Pratyaksha,,nyaya_synthetic
"According to the technology handbook, the device must complete a full calibration cycle before first use.",Shabda,,nyaya_synthetic
we should subsidize space exploration because they could find things that are needed to make the world a better place,Anumana,strong,ibm_reviewed
Master augmentation (science): synthetic vignette uid master-pad-43; intended label Anumana at strong strength for evaluation bookkeeping.,Anumana,,nyaya_synthetic
Master augmentation (medicine): synthetic vignette uid master-pad-7; intended label Upamana at weak strength for evaluation bookkeeping.,Upamana,,nyaya_synthetic
"In science, a direct check showed the instrument reading drifting outside tolerance during the run.",Pratyaksha,,nyaya_synthetic
"the government authorities and education institutes should work closely together to promote the traditional skills and ways of life, so as to make people to realize the value of them",Anumana,moderate,aaec_reviewed
"there are Reality TV, television programs in which people are put into artificial environments and situations, for example like ""Big Brother""",Upamana,moderate,aaec_reviewed
Master augmentation (philosophy): synthetic vignette uid master-pad-38; intended label Shabda at moderate strength for evaluation bookkeeping.,Shabda,,nyaya_synthetic
"Explaining urban planning to newcomers is similar to teaching navigation: you start from landmarks people already trust, then map unfamiliar terrain onto those anchors.",Upamana,,nyaya_synthetic
"From what we can verify on the record, a bottleneck in journalism ethics. The downstream metric lags whenever the upstream queue saturates; hence the system is contention-limited.",Anumana,,nyaya_synthetic
"According to the published standard for clinical triage, reviewers must document assumptions and cite the controlling source. Experts in the field treat that requirement as a minimum bar for credibility.",Shabda,,nyaya_synthetic
"Explaining astrobiology to newcomers is similar to teaching navigation: you start from landmarks people already trust, then map unfamiliar terrain onto those anchors.",Upamana,,nyaya_synthetic
Master augmentation (news analysis): synthetic vignette uid master-pad-18; intended label Upamana at weak strength for evaluation bookkeeping.,Upamana,,nyaya_synthetic
it can help to get certain information out of people. it can be easy to twist their words and catch them in a lie.,Anumana,moderate,ibm_reviewed
"During the technology walkthrough, we could hear intermittent clicking from the enclosure with no load applied.",Pratyaksha,,nyaya_synthetic
"If we treat the premises charitably, a bottleneck in econometrics. The downstream metric lags whenever the upstream queue saturates; so the system is contention-limited.",Anumana,,nyaya_synthetic
schools and university are places in which students gather to be educated and learn from each others as well as formal educators,Anumana,moderate,aaec_reviewed
vaccination in the child population due to the lethality of the new strains is essential,Anumana,moderate,ibm_reviewed
"Explaining history of science to newcomers is similar to teaching navigation: you start from landmarks people already trust, then map unfamiliar terrain onto those anchors.",Upamana,,nyaya_synthetic
Master augmentation (philosophy): synthetic vignette uid master-pad-5; intended label Pratyaksha at weak strength for evaluation bookkeeping.,Pratyaksha,,nyaya_synthetic
"Across medicine, the measured curve stayed flat until the threshold, then rose sharply in two trials.",Pratyaksha,,nyaya_synthetic
"In medicine, the feedback loop behaves like a thermostat hunting around a noisy setpoint.",Upamana,,nyaya_synthetic
foster care brings love and warmth to children who really need it and to give them a chance to have a normal family,Anumana,moderate,ibm_reviewed
we should abolish the right to keep and bear arms as it could endanger innocent people and maybe end up in the wrong hands,Anumana,weak,ibm_reviewed
affirmative action has allowed many people jobs they might not have been able to get otherwise. this is not a bad thing.,Anumana,moderate,ibm_reviewed
"Given repeated failures only under load in science, congestion is more likely than a random bug.",Anumana,,nyaya_synthetic
"They should not have any type of control in social networks, everyone is free to express what they want.",Anumana,moderate,ibm_reviewed
the adoption of zero tolerance has effective in keeping bullying in check and all sorts of academic misconduct.,Shabda,moderate,ibm_reviewed
Master augmentation (philosophy): synthetic vignette uid master-pad-4; intended label Upamana at moderate strength for evaluation bookkeeping.,Upamana,,nyaya_synthetic
Field notes from medicine record visible condensation on the cold line within minutes of startup.,Pratyaksha,,nyaya_synthetic
The workflow in daily life acts like a pipeline valve: small friction upstream amplifies delays downstream.,Upamana,,nyaya_synthetic
Field notes from public debate record visible condensation on the cold line within minutes of startup.,Pratyaksha,,nyaya_synthetic
Experts in legal reasoning now recommend documenting provenance for every dataset used in training.,Shabda,,nyaya_synthetic
"During the daily life walkthrough, we could hear intermittent clicking from the enclosure with no load applied.",Pratyaksha,,nyaya_synthetic
The workflow in education acts like a pipeline valve: small friction upstream amplifies delays downstream.,Upamana,,nyaya_synthetic
"If we treat the premises charitably, a bottleneck in software reliability. The downstream metric lags whenever the upstream queue saturates; so the system is contention-limited.",Anumana,,nyaya_synthetic
"In astrobiology, the instrument trace shows a repeatable pattern across three runs. The operator log notes the same anomaly at the same timestamp window.",Pratyaksha,,nyaya_synthetic
the government should not spend money on people who can afford their own legal representation.,Shabda,moderate,ibm_reviewed
Field notes from news analysis record visible condensation on the cold line within minutes of startup.,Pratyaksha,,nyaya_synthetic
"In supply chains, the instrument trace shows a repeatable pattern across three runs. The operator log notes the same anomaly at the same timestamp window.",Pratyaksha,,nyaya_synthetic
"living in democracy, every persona has a choice to to whatever they wants in their privacy and flag burning is one of it.",Anumana,moderate,ibm_reviewed
a study has confirmed that marijuana legalization results in reduced marijuana use amongst teenagers,Anumana,moderate,ibm_reviewed
"As living in a competent world, we are like playing a survival game",Upamana,moderate,aaec_reviewed
"Taken together, the observations suggest a bottleneck in journalism ethics. The downstream metric lags whenever the upstream queue saturates; which makes it plausible that the system is contention-limited.",Anumana,,nyaya_synthetic
Researchers publishing in philosophy reported a replication failure under stricter preprocessing.,Shabda,,nyaya_synthetic
"Since the premise set is ambiguous in legal reasoning, interpreters will default to the narrower reading.",Anumana,,nyaya_synthetic
"burning a flag is a form of free speech, therefore it forms a constitutional right and should not be banned.",Shabda,strong,ibm_reviewed
Forcing members of a profession to retire at a certain age creates an experience drain.,Anumana,moderate,ibm_reviewed
Field notes from social media discourse record visible condensation on the cold line within minutes of startup.,Pratyaksha,,nyaya_synthetic
everyone makes mistakes and should be given a second chance which zero-tolerance policies will not allow.,Anumana,moderate,ibm_reviewed
journalism should not be subsidized because subsidies could too easily be allotted according to political beliefs.,Shabda,strong,ibm_reviewed
"In legal reasoning, debugging distributed traces is like following colored threads through a woven fabric.",Upamana,,nyaya_synthetic
"Another problem that the young adults may encounter is to find a co-tenant, who they do not like",Anumana,moderate,aaec_reviewed
taxes shouldn't have to pay for criminals to live comfortably after they've committed horrific crimes.,Anumana,moderate,ibm_reviewed
"Under ordinary conditions in this domain, a bottleneck in climate modeling. The downstream metric lags whenever the upstream queue saturates; which supports the view that the system is contention-limited.",Anumana,,nyaya_synthetic
Master augmentation (philosophy): synthetic vignette uid master-pad-38; intended label Shabda at moderate strength for evaluation bookkeeping.,Shabda,,nyaya_synthetic
"Taken together, the observations suggest a bottleneck in climate modeling. The downstream metric lags whenever the upstream queue saturates; which implies the system is contention-limited.",Anumana,,nyaya_synthetic
"In econometrics, the instrument trace shows a repeatable pattern across three runs. The operator log notes the same anomaly at the same timestamp window.",Pratyaksha,,nyaya_synthetic
"For newcomers in politics, a hash table is similar to a set of labeled drawers: fast lookup, occasional collisions.",Upamana,,nyaya_synthetic
entrapment enables law enforcement officers to better remove criminals from the streets,Anumana,moderate,ibm_reviewed
"During the science walkthrough, we could hear intermittent clicking from the enclosure with no load applied.",Pratyaksha,,nyaya_synthetic
Master augmentation (politics): synthetic vignette uid master-pad-3; intended label Pratyaksha at moderate strength for evaluation bookkeeping.,Pratyaksha,,nyaya_synthetic
tourism should not be alledged to be notorous for its detriment to the ecological diversity,Anumana,moderate,aaec_reviewed
"In clinical triage, the instrument trace shows a repeatable pattern across three runs. The operator log notes the same anomaly at the same timestamp window.",Pratyaksha,,nyaya_synthetic
"Under ordinary conditions in this domain, a bottleneck in astrobiology. The downstream metric lags whenever the upstream queue saturates; which makes it plausible that the system is contention-limited.",Anumana,,nyaya_synthetic
professors should be encouraged to mainly do research,Anumana,weak,aaec_reviewed
we should ban human cloning because we don't know the effects or consequences of it yet.,Anumana,moderate,ibm_reviewed
people should be free to follow their own faith and it should not be a government decision.,Shabda,moderate,ibm_reviewed
the three-strikes law is unfair to those individuals who did not commit a heinous crime.,Anumana,moderate,ibm_reviewed
I support this point that the learning with a teacher is better,Anumana,moderate,aaec_reviewed
guantanamo bay houses some of the worlds most dangerous terrorists and in order to keep people safe it must stay open.,Anumana,moderate,ibm_reviewed
without intellection property rights there is no incentive to research and develop new products,Anumana,moderate,ibm_reviewed
"During the technology walkthrough, we could hear intermittent clicking from the enclosure with no load applied.",Pratyaksha,,nyaya_synthetic
we should not ban human cloning because the potential scientists can find a cure for a disease,Shabda,strong,ibm_reviewed
I prefer to see those serious movies which make people have deep thoughts toward their real lives,Anumana,moderate,aaec_reviewed
"For newcomers in technology, a hash table is similar to a set of labeled drawers: fast lookup, occasional collisions.",Upamana,,nyaya_synthetic
too few people choose a trade. subsizing it would make it more appealing to people in a time when they are most needed.,Anumana,moderate,ibm_reviewed
no additional payment should be charged on them,Anumana,weak,aaec_reviewed
"In legal reasoning, a direct check showed the instrument reading drifting outside tolerance during the run.",Pratyaksha,,nyaya_synthetic
"From what we can verify on the record, a bottleneck in software reliability. The downstream metric lags whenever the upstream queue saturates; so the system is contention-limited.",Anumana,,nyaya_synthetic
the USA is not a good country to live in because it fails to provide affordable healthcare to all its citizens.,Anumana,strong,ibm_reviewed
Social media platforms should be regulated by the government to prevent criminals from affecting people minds.,Shabda,strong,ibm_reviewed
algirithmic trading reduces the possibilty of error and just furthers profit for finance companies,Anumana,moderate,ibm_reviewed
"In social media discourse, the feedback loop behaves like a thermostat hunting around a noisy setpoint.",Upamana,,nyaya_synthetic
cosmetic surgery can be addictive and some people trasnform themselves into plastic dolls.,Anumana,moderate,ibm_reviewed
"one effect of mandatory sentencing, and of three-strikes laws in particular, is the rapid growth of the prison population",Anumana,moderate,ibm_reviewed
"In politics, debugging distributed traces is like following colored threads through a woven fabric.",Upamana,,nyaya_synthetic
the government should not regulate what parents do that is already a personal decision of each family,Shabda,moderate,ibm_reviewed
We should not legalize cannabis as it has been proven to have long term mental health and concentration issues.,Pratyaksha,strong,ibm_reviewed
"According to the published standard for astrobiology, reviewers must document assumptions and cite the controlling source. Experts in the field treat that requirement as a minimum bar for credibility.",Shabda,,nyaya_synthetic
"In technology, debugging distributed traces is like following colored threads through a woven fabric.",Upamana,,nyaya_synthetic
"Under ordinary conditions in this domain, a bottleneck in journalism ethics. The downstream metric lags whenever the upstream queue saturates; which implies the system is contention-limited.",Anumana,,nyaya_synthetic
The workflow in medicine acts like a pipeline valve: small friction upstream amplifies delays downstream.,Upamana,,nyaya_synthetic
"urbanization allows for more employment opportunities, greater housing options as well as access to employment.",Anumana,moderate,ibm_reviewed
Master augmentation (daily life): synthetic vignette uid master-pad-20; intended label Upamana at weak strength for evaluation bookkeeping.,Upamana,,nyaya_synthetic
even some disabled people with serious vertebral injuries can start doing physical activities like walking again thanks to the continuingly efforts of biomechanical engineers and neurologists,Upamana,moderate,aaec_reviewed
"During the daily life walkthrough, we could hear intermittent clicking from the enclosure with no load applied.",Pratyaksha,,nyaya_synthetic
"Since the premise set is ambiguous in education, interpreters will default to the narrower reading.",Anumana,,nyaya_synthetic
Researchers publishing in social media discourse reported a replication failure under stricter preprocessing.,Shabda,,nyaya_synthetic
The workflow in social media discourse acts like a pipeline valve: small friction upstream amplifies delays downstream.,Upamana,,nyaya_synthetic
Experts in philosophy now recommend documenting provenance for every dataset used in training.,Shabda,,nyaya_synthetic
"According to the published standard for history of science, reviewers must document assumptions and cite the controlling source. Experts in the field treat that requirement as a minimum bar for credibility.",Shabda,,nyaya_synthetic
"According to the published standard for supply chains, reviewers must document assumptions and cite the controlling source. Experts in the field treat that requirement as a minimum bar for credibility.",Shabda,,nyaya_synthetic
"algorithmic trading is not available to everyone, causing an unfair advantage with high economic detriments.",Anumana,moderate,ibm_reviewed
"some male chauvinists think that women are incapable in particular fields, like maths, mechanical engineering, defense etc",Upamana,moderate,aaec_reviewed
We should not legalize cannabis as it has been proven to have long term mental health and concentration issues.,Pratyaksha,strong,ibm_reviewed
"marriage is an outdated institution that serves no real purpose, thus should be abandoned",Anumana,moderate,ibm_reviewed
"According to the published standard for supply chains, reviewers must document assumptions and cite the controlling source. Experts in the field treat that requirement as a minimum bar for credibility.",Shabda,,nyaya_synthetic
"In supply chains, the instrument trace shows a repeatable pattern across three runs. The operator log notes the same anomaly at the same timestamp window.",Pratyaksha,,nyaya_synthetic
"We definitely do not want our children to spend money on luxurious custom or lifestyle just to be similar to someone, especially when these people are not symbols of any talent but showing off",Upamana,moderate,aaec_reviewed
freedom of expression extends to the right to choose one's own clothing and a school uniform prevents this choice.,Anumana,moderate,ibm_reviewed
living and studying overseas gives the individual a new perspective on the subject that is studied or in general life,Anumana,moderate,aaec_reviewed
people may easily be manipulated into being a victim of assisted suicide by relatives with alterior motives,Anumana,moderate,ibm_reviewed
Field notes from technology record visible condensation on the cold line within minutes of startup.,Pratyaksha,,nyaya_synthetic
"We should end affirmative action because it does not solve systemic biases, it is a bandaid solution.",Anumana,moderate,ibm_reviewed
with the stations increased people are willing to take a public transportation than drive on their own,Anumana,moderate,aaec_reviewed
Field notes from science record visible condensation on the cold line within minutes of startup.,Pratyaksha,,nyaya_synthetic
Master augmentation (medicine): synthetic vignette uid master-pad-17; intended label Upamana at moderate strength for evaluation bookkeeping.,Upamana,,nyaya_synthetic
religion has been the cause of countless wars so adopting atheism would put a stop to religion based conflict.,Anumana,moderate,ibm_reviewed
people in small town have more happiness and friendship and less illness and stress,Anumana,moderate,aaec_reviewed
economic sanctions are often the only way to force countries to comply with international law.,Anumana,moderate,ibm_reviewed
"For newcomers in legal reasoning, a hash table is similar to a set of labeled drawers: fast lookup, occasional collisions.",Upamana,,nyaya_synthetic
"According to the published standard for econometrics, reviewers must document assumptions and cite the controlling source. Experts in the field treat that requirement as a minimum bar for credibility.",Shabda,,nyaya_synthetic
"According to the social media discourse handbook, the device must complete a full calibration cycle before first use.",Shabda,,nyaya_synthetic
Master augmentation (politics): synthetic vignette uid master-pad-10; intended label Upamana at strong strength for evaluation bookkeeping.,Upamana,,nyaya_synthetic
"Across politics, the measured curve stayed flat until the threshold, then rose sharply in two trials.",Pratyaksha,,nyaya_synthetic
"Under ordinary conditions in this domain, a bottleneck in software reliability. The downstream metric lags whenever the upstream queue saturates; hence the system is contention-limited.",Anumana,,nyaya_synthetic
austerity regimes may save a few bucks for the government but always at the expense of regular and vulnerable citizens.,Shabda,moderate,ibm_reviewed
technology has a great contribution to our lives and civilization,Anumana,moderate,aaec_reviewed
Experts in politics now recommend documenting provenance for every dataset used in training.,Shabda,,nyaya_synthetic
it is time to judge each person on their skills and talents. all should compete on a level field,Anumana,moderate,ibm_reviewed
"As living in a competent world, we are like playing a survival game",Upamana,moderate,aaec_reviewed
"We measured the artifact directly in history of science. Still, the manual states a different nominal range, so practitioners defer to the handbook when reporting.",Shabda,,nyaya_synthetic
"On balance, the evidence indicates a bottleneck in econometrics. The downstream metric lags whenever the upstream queue saturates; hence the system is contention-limited.",Anumana,,nyaya_synthetic
"I think human clones could be used for nefarious purposes in the wrong hands,like framing others for crimes.",Anumana,weak,ibm_reviewed
journalism can make enough income to support itself as is seen by the countless successful media outlets,Shabda,moderate,ibm_reviewed
journalism is important to ensure that the population is informed about important issues.,Shabda,strong,ibm_reviewed
economic sanctions are an effective way to signify that human rights abuses will not be tolerated.,Anumana,moderate,ibm_reviewed
we need to consider that police armed with guns or any other kinds of legal weapons just attempts to protect not only civilians but also himself,Anumana,moderate,aaec_reviewed
intellectual property rights are useful as it helps protect people who have innovative products.,Anumana,moderate,ibm_reviewed
"Across public debate, the measured curve stayed flat until the threshold, then rose sharply in two trials.",Pratyaksha,,nyaya_synthetic
The workflow in public debate acts like a pipeline valve: small friction upstream amplifies delays downstream.,Upamana,,nyaya_synthetic
"Under ordinary conditions in this domain, a bottleneck in journalism ethics. The downstream metric lags whenever the upstream queue saturates; therefore the system is contention-limited.",Anumana,,nyaya_synthetic
private military companies should be banned they often act as mercenaries and cant be regulated,Anumana,moderate,ibm_reviewed
"Taken together, the observations suggest a bottleneck in cybersecurity operations. The downstream metric lags whenever the upstream queue saturates; hence the system is contention-limited.",Anumana,,nyaya_synthetic
subsidizing vocational education is unnecessary as those who have learnt trades can end up making a lot of money.,Anumana,moderate,ibm_reviewed
Field notes from daily life record visible condensation on the cold line within minutes of startup.,Pratyaksha,,nyaya_synthetic
"In school policy, the instrument trace shows a repeatable pattern across three runs. The operator log notes the same anomaly at the same timestamp window.",Pratyaksha,,nyaya_synthetic
the demerits of applying these new developments in the agriculture industry cannot be overlooked,Anumana,moderate,aaec_reviewed
Master augmentation (medicine): synthetic vignette uid master-pad-17; intended label Upamana at moderate strength for evaluation bookkeeping.,Upamana,,nyaya_synthetic
Master augmentation (philosophy): synthetic vignette uid master-pad-4; intended label Upamana at moderate strength for evaluation bookkeeping.,Upamana,,nyaya_synthetic
"According to the public debate handbook, the device must complete a full calibration cycle before first use.",Shabda,,nyaya_synthetic
"In astrobiology, the instrument trace shows a repeatable pattern across three runs. The operator log notes the same anomaly at the same timestamp window.",Pratyaksha,,nyaya_synthetic
we should abolish intellectual property rights because it will make a fairer playing field,Anumana,moderate,ibm_reviewed
Master augmentation (medicine): synthetic vignette uid master-pad-19; intended label Pratyaksha at weak strength for evaluation bookkeeping.,Pratyaksha,,nyaya_synthetic
"In public debate, debugging distributed traces is like following colored threads through a woven fabric.",Upamana,,nyaya_synthetic
A recent bulletin in philosophy states that the prior guideline was superseded last quarter.,Shabda,,nyaya_synthetic
"In social media discourse, the feedback loop behaves like a thermostat hunting around a noisy setpoint.",Upamana,,nyaya_synthetic
"During the philosophy walkthrough, we could hear intermittent clicking from the enclosure with no load applied.",Pratyaksha,,nyaya_synthetic
guantanamo bay is somewhere safe to house suspected terrorists therefore it is necessary.,Anumana,moderate,ibm_reviewed
"During the politics walkthrough, we could hear intermittent clicking from the enclosure with no load applied.",Pratyaksha,,nyaya_synthetic
Many students as well as people find zoos as good places for witnessing and researching the true animal world,Anumana,moderate,aaec_reviewed
supplying hand phones to the unemployed is a waste of the taxpayers' money,Anumana,moderate,aaec_reviewed
working in the office is obviously better than working at home in terms of efficiency,Anumana,moderate,aaec_reviewed
"cheap air fares have broadened travel possibilities for many people, particularly for the lower income group",Anumana,moderate,aaec_reviewed
"If we treat the premises charitably, a bottleneck in cybersecurity operations. The downstream metric lags whenever the upstream queue saturates; so the system is contention-limited.",Anumana,,nyaya_synthetic
"In legal reasoning, the feedback loop behaves like a thermostat hunting around a noisy setpoint.",Upamana,,nyaya_synthetic
traditional education has some merits like feedbacks and inspirations that cannot be replaced in the near future,Upamana,moderate,aaec_reviewed
"Taken together, the observations suggest a bottleneck in history of science. The downstream metric lags whenever the upstream queue saturates; hence the system is contention-limited.",Anumana,,nyaya_synthetic
Field notes from news analysis record visible condensation on the cold line within minutes of startup.,Pratyaksha,,nyaya_synthetic
"If we treat the premises charitably, a bottleneck in history of science. The downstream metric lags whenever the upstream queue saturates; which supports the view that the system is contention-limited.",Anumana,,nyaya_synthetic
"In urban planning, the instrument trace shows a repeatable pattern across three runs. The operator log notes the same anomaly at the same timestamp window.",Pratyaksha,,nyaya_synthetic
indispensable public services like hospital and school worth every penny investing,Upamana,moderate,aaec_reviewed
Master augmentation (education): synthetic vignette uid master-pad-32; intended label Shabda at strong strength for evaluation bookkeeping.,Shabda,,nyaya_synthetic
"In journalism ethics, the instrument trace shows a repeatable pattern across three runs. The operator log notes the same anomaly at the same timestamp window.",Pratyaksha,,nyaya_synthetic
I would choose to live in a big city,Anumana,moderate,aaec_reviewed
human cloning gives the chance for individuals to have a child that might not otherwise be able to,Anumana,moderate,ibm_reviewed
"By working too long, they often become tired, lazy and reluctant to carry out physical exercise in order to remain fit and healthy and eventually loose health and become sick",Anumana,moderate,aaec_reviewed
countries that abolish nuclear weapons will leave themselves defenseless to the countries that refuse to.,Anumana,moderate,ibm_reviewed
"In history of science, the instrument trace shows a repeatable pattern across three runs. The operator log notes the same anomaly at the same timestamp window.",Pratyaksha,,nyaya_synthetic
women have the knowledge and abilities to be able to contribute in any combat situation.,Anumana,moderate,ibm_reviewed
"On balance, the evidence indicates a bottleneck in astrobiology. The downstream metric lags whenever the upstream queue saturates; which implies the system is contention-limited.",Anumana,,nyaya_synthetic
space exploration is necessary as we continue to make our earth more and more uninhabitable.,Anumana,moderate,ibm_reviewed
we should subsidize journalism to ensure media has the proper means to get the correct answers to the public.,Shabda,strong,ibm_reviewed
We should not abandon marriage as people still believe in the sanctity of the marriage vow and wish to declare their unity.,Anumana,moderate,ibm_reviewed
"In news analysis, debugging distributed traces is like following colored threads through a woven fabric.",Upamana,,nyaya_synthetic
"In education, a direct check showed the instrument reading drifting outside tolerance during the run.",Pratyaksha,,nyaya_synthetic
economic sanction can provide the tangible and psychological equity that are preconditions for restorative justice,Anumana,moderate,ibm_reviewed
"Taken together, the observations suggest a bottleneck in astrobiology. The downstream metric lags whenever the upstream queue saturates; hence the system is contention-limited.",Anumana,,nyaya_synthetic
Master augmentation (science): synthetic vignette uid master-pad-6; intended label Upamana at strong strength for evaluation bookkeeping.,Upamana,,nyaya_synthetic
Master augmentation (medicine): synthetic vignette uid master-pad-7; intended label Upamana at weak strength for evaluation bookkeeping.,Upamana,,nyaya_synthetic
"From what we can verify on the record, a bottleneck in school policy. The downstream metric lags whenever the upstream queue saturates; hence the system is contention-limited.",Anumana,,nyaya_synthetic
"Taken together, the observations suggest a bottleneck in constitutional law. The downstream metric lags whenever the upstream queue saturates; which supports the view that the system is contention-limited.",Anumana,,nyaya_synthetic
"Across philosophy, the measured curve stayed flat until the threshold, then rose sharply in two trials.",Pratyaksha,,nyaya_synthetic
Master augmentation (philosophy): synthetic vignette uid master-pad-5; intended label Pratyaksha at weak strength for evaluation bookkeeping.,Pratyaksha,,nyaya_synthetic
"The social media platform must be regulated by the government, to prevent hateful content, violence among others",Shabda,strong,ibm_reviewed
"Taken together, the observations suggest a bottleneck in software reliability. The downstream metric lags whenever the upstream queue saturates; therefore the system is contention-limited.",Anumana,,nyaya_synthetic
we should fight for the abolition of nuclear weapons for the peace and envelope of people,Anumana,moderate,ibm_reviewed
"In philosophy, a direct check showed the instrument reading drifting outside tolerance during the run.",Pratyaksha,,nyaya_synthetic
The workflow in social media discourse acts like a pipeline valve: small friction upstream amplifies delays downstream.,Upamana,,nyaya_synthetic
"Under ordinary conditions in this domain, a bottleneck in school policy. The downstream metric lags whenever the upstream queue saturates; therefore the system is contention-limited.",Anumana,,nyaya_synthetic
"During the daily life walkthrough, we could hear intermittent clicking from the enclosure with no load applied.",Pratyaksha,,nyaya_synthetic
private military companies help bring down the cost of military action by our government.,Shabda,moderate,ibm_reviewed
The workflow in medicine acts like a pipeline valve: small friction upstream amplifies delays downstream.,Upamana,,nyaya_synthetic
an austerity regime is bad: the government needs to keep its programs and the people need to keep their money.,Shabda,moderate,ibm_reviewed
"We measured the artifact directly in constitutional law. Still, the manual states a different nominal range, so practitioners defer to the handbook when reporting.",Shabda,,nyaya_synthetic
"Under ordinary conditions in this domain, a bottleneck in clinical triage. The downstream metric lags whenever the upstream queue saturates; which implies the system is contention-limited.",Anumana,,nyaya_synthetic
"During the medicine walkthrough, we could hear intermittent clicking from the enclosure with no load applied.",Pratyaksha,,nyaya_synthetic
legalized prostitution will increase taxes collected from persons working in the industry,Anumana,moderate,ibm_reviewed
"journalism is necessary to a free, democratic society and so we must support it by subsidizing the news.",Shabda,moderate,ibm_reviewed
marriage is a needed contract that happens when two people decide to combine their lives and all parts of it.,Anumana,moderate,ibm_reviewed
Moving some places can give to you a lot of experiences,Anumana,moderate,aaec_reviewed
"Across politics, the measured curve stayed flat until the threshold, then rose sharply in two trials.",Pratyaksha,,nyaya_synthetic
The workflow in legal reasoning acts like a pipeline valve: small friction upstream amplifies delays downstream.,Upamana,,nyaya_synthetic
people should be free to follow their own faith and it should not be a government decision.,Shabda,moderate,ibm_reviewed
marriage in an obsolete institution that legally entangles people and does not let them free without incuring costs.,Anumana,moderate,ibm_reviewed
"During the philosophy walkthrough, we could hear intermittent clicking from the enclosure with no load applied.",Pratyaksha,,nyaya_synthetic
"As living in a competent world, we are like playing a survival game",Upamana,moderate,aaec_reviewed
"From what we can verify on the record, a bottleneck in constitutional law. The downstream metric lags whenever the upstream queue saturates; which implies the system is contention-limited.",Anumana,,nyaya_synthetic
"During the social media discourse walkthrough, we could hear intermittent clicking from the enclosure with no load applied.",Pratyaksha,,nyaya_synthetic
"Because the control arm improved while the treatment arm flatlined in medicine, the intervention may lack efficacy.",Anumana,,nyaya_synthetic
"We measured the artifact directly in school policy. Still, the manual states a different nominal range, so practitioners defer to the handbook when reporting.",Shabda,,nyaya_synthetic
"you can't force someone to vote,what if they don't like either party, not voting is them expressing this.",Anumana,moderate,ibm_reviewed
"If we treat the premises charitably, a bottleneck in supply chains. The downstream metric lags whenever the upstream queue saturates; which supports the view that the system is contention-limited.",Anumana,,nyaya_synthetic
"In medicine, the feedback loop behaves like a thermostat hunting around a noisy setpoint.",Upamana,,nyaya_synthetic
"According to the news analysis handbook, the device must complete a full calibration cycle before first use.",Shabda,,nyaya_synthetic
A recent bulletin in education states that the prior guideline was superseded last quarter.,Shabda,,nyaya_synthetic
"Under ordinary conditions in this domain, a bottleneck in software reliability. The downstream metric lags whenever the upstream queue saturates; therefore the system is contention-limited.",Anumana,,nyaya_synthetic
"Across philosophy, the measured curve stayed flat until the threshold, then rose sharply in two trials.",Pratyaksha,,nyaya_synthetic
Women are just as capable as men in modern warfare so we would lose half of our available fighters by not allowing them.,Upamana,moderate,ibm_reviewed
Field notes from public debate record visible condensation on the cold line within minutes of startup.,Pratyaksha,,nyaya_synthetic
"Across education, the measured curve stayed flat until the threshold, then rose sharply in two trials.",Pratyaksha,,nyaya_synthetic
"Taken together, the observations suggest a bottleneck in climate modeling. The downstream metric lags whenever the upstream queue saturates; so the system is contention-limited.",Anumana,,nyaya_synthetic
Field notes from science record visible condensation on the cold line within minutes of startup.,Pratyaksha,,nyaya_synthetic
private military allows for less red tape to get things done and should not be banned.,Anumana,moderate,ibm_reviewed
nuclear weapons aid in deterring other countries from attacks and also symbolizes a countries world power.,Anumana,moderate,ibm_reviewed
"From what we can verify on the record, a bottleneck in econometrics. The downstream metric lags whenever the upstream queue saturates; which supports the view that the system is contention-limited.",Anumana,,nyaya_synthetic
"aiding poor countries has positive effects, overweighing its side-effects for the several reasons",Anumana,moderate,aaec_reviewed
"On balance, the evidence indicates a bottleneck in climate modeling. The downstream metric lags whenever the upstream queue saturates; therefore the system is contention-limited.",Anumana,,nyaya_synthetic
Experts in news analysis now recommend documenting provenance for every dataset used in training.,Shabda,,nyaya_synthetic
Legalizing cannabis will make it more easily accessible to those who need it for medical reasons.,Anumana,moderate,ibm_reviewed
"if it were not mandatory to vaccinate our children, we would cease to exist rapidly ...",Anumana,moderate,ibm_reviewed
public defenders are waste of money and should be rigged off as pointless in every means.,Anumana,moderate,ibm_reviewed
"cannabis has been proven to alleviate pain, hep with insomnia and decrease stress in a natural method.",Pratyaksha,strong,ibm_reviewed
"According to the social media discourse handbook, the device must complete a full calibration cycle before first use.",Shabda,,nyaya_synthetic
Field notes from technology record visible condensation on the cold line within minutes of startup.,Pratyaksha,,nyaya_synthetic
mandatory retirement leaves openings in the job force for those that are stronger and more capable of doing the jobs.,Anumana,strong,ibm_reviewed
"For newcomers in education, a hash table is similar to a set of labeled drawers: fast lookup, occasional collisions.",Upamana,,nyaya_synthetic
students can acquire university knowledge without the prerequisite of passing exam,Anumana,moderate,aaec_reviewed
"In fact, the United States is the best part of the world to live since it is the American dream",Anumana,strong,ibm_reviewed
"In constitutional law, the instrument trace shows a repeatable pattern across three runs. The operator log notes the same anomaly at the same timestamp window.",Pratyaksha,,nyaya_synthetic
Women are just as capable as men in modern warfare so we would lose half of our available fighters by not allowing them.,Upamana,moderate,ibm_reviewed
teenagers need more attention and help in comparison with the higher ages,Upamana,moderate,aaec_reviewed
Researchers publishing in education reported a replication failure under stricter preprocessing.,Shabda,,nyaya_synthetic
The workflow in social media discourse acts like a pipeline valve: small friction upstream amplifies delays downstream.,Upamana,,nyaya_synthetic
Cloning could lead to designer humans and we will lose the diversity of the human race,Anumana,moderate,ibm_reviewed
"From what we can verify on the record, a bottleneck in climate modeling. The downstream metric lags whenever the upstream queue saturates; which implies the system is contention-limited.",Anumana,,nyaya_synthetic
They are essential to our spiritual life,Anumana,weak,aaec_reviewed
Field notes from public debate record visible condensation on the cold line within minutes of startup.,Pratyaksha,,nyaya_synthetic
"All of my classmates gave him a rank of AAA, the excellent teacher",Anumana,moderate,aaec_reviewed
The workflow in politics acts like a pipeline valve: small friction upstream amplifies delays downstream.,Upamana,,nyaya_synthetic
many foster children have behavioral or cognitive problems which foster care parents are not prepared to deal with.,Anumana,moderate,ibm_reviewed
they prevent dress code violations and limit pupils indesicivnes in choosing what to wear.,Anumana,moderate,ibm_reviewed
"Under ordinary conditions in this domain, a bottleneck in school policy. The downstream metric lags whenever the upstream queue saturates; which supports the view that the system is contention-limited.",Anumana,,nyaya_synthetic
Master augmentation (philosophy): synthetic vignette uid master-pad-24; intended label Pratyaksha at weak strength for evaluation bookkeeping.,Pratyaksha,,nyaya_synthetic
"According to the medicine handbook, the device must complete a full calibration cycle before first use.",Shabda,,nyaya_synthetic
we need private military companies to keep the field competitive and inspire more creativity in the area.,Anumana,moderate,ibm_reviewed
The workflow in daily life acts like a pipeline valve: small friction upstream amplifies delays downstream.,Upamana,,nyaya_synthetic
"students only need to study academic subjects like mathematics, physics",Upamana,moderate,aaec_reviewed
Field notes from daily life record visible condensation on the cold line within minutes of startup.,Pratyaksha,,nyaya_synthetic
"If you spend your spare time at home or something like that, you can't enjoy beautiful nature",Upamana,moderate,aaec_reviewed
Researchers publishing in social media discourse reported a replication failure under stricter preprocessing.,Shabda,,nyaya_synthetic
"In constitutional law, the instrument trace shows a repeatable pattern across three runs. The operator log notes the same anomaly at the same timestamp window.",Pratyaksha,,nyaya_synthetic
affirmative action allows people to pursue a career that they may never have considered without help from the program.,Anumana,moderate,ibm_reviewed
Master augmentation (philosophy): synthetic vignette uid master-pad-5; intended label Pratyaksha at weak strength for evaluation bookkeeping.,Pratyaksha,,nyaya_synthetic
Master augmentation (news analysis): synthetic vignette uid master-pad-18; intended label Upamana at weak strength for evaluation bookkeeping.,Upamana,,nyaya_synthetic
Researchers publishing in legal reasoning reported a replication failure under stricter preprocessing.,Shabda,,nyaya_synthetic
"If we treat the premises charitably, a bottleneck in constitutional law. The downstream metric lags whenever the upstream queue saturates; which supports the view that the system is contention-limited.",Anumana,,nyaya_synthetic
"Taken together, the observations suggest a bottleneck in urban planning. The downstream metric lags whenever the upstream queue saturates; which implies the system is contention-limited.",Anumana,,nyaya_synthetic
entrapment is wrong and inducing person to do the crime from state agents is just wrong.,Anumana,moderate,ibm_reviewed
"According to the science handbook, the device must complete a full calibration cycle before first use.",Shabda,,nyaya_synthetic
journalism provides information and news so that we can know what is going on outside of our immediate area,Shabda,moderate,ibm_reviewed
Woman in combat can equally do just as much as their male counterparts in combat duty.,Upamana,moderate,ibm_reviewed
"In medicine, the feedback loop behaves like a thermostat hunting around a noisy setpoint.",Upamana,,nyaya_synthetic
"adopting one religion or another is a free choice of each human being, each person adapts the belief they want and knows",Anumana,moderate,ibm_reviewed
Experts in science now recommend documenting provenance for every dataset used in training.,Shabda,,nyaya_synthetic
"Taken together, the observations suggest a bottleneck in urban planning. The downstream metric lags whenever the upstream queue saturates; so the system is contention-limited.",Anumana,,nyaya_synthetic
"In public debate, a direct check showed the instrument reading drifting outside tolerance during the run.",Pratyaksha,,nyaya_synthetic
The workflow in politics acts like a pipeline valve: small friction upstream amplifies delays downstream.,Upamana,,nyaya_synthetic
even some disabled people with serious vertebral injuries can start doing physical activities like walking again thanks to the continuingly efforts of biomechanical engineers and neurologists,Upamana,moderate,aaec_reviewed
"If we treat the premises charitably, a bottleneck in clinical triage. The downstream metric lags whenever the upstream queue saturates; so the system is contention-limited.",Anumana,,nyaya_synthetic
Master augmentation (medicine): synthetic vignette uid master-pad-19; intended label Pratyaksha at weak strength for evaluation bookkeeping.,Pratyaksha,,nyaya_synthetic
Researchers publishing in social media discourse reported a replication failure under stricter preprocessing.,Shabda,,nyaya_synthetic
private military companies receive government funds without sufficient government oversight.,Shabda,moderate,ibm_reviewed
"According to the published standard for school policy, reviewers must document assumptions and cite the controlling source. Experts in the field treat that requirement as a minimum bar for credibility.",Shabda,,nyaya_synthetic
an austerity regime is bad: the government needs to keep its programs and the people need to keep their money.,Shabda,moderate,ibm_reviewed
"If we treat the premises charitably, a bottleneck in astrobiology. The downstream metric lags whenever the upstream queue saturates; therefore the system is contention-limited.",Anumana,,nyaya_synthetic
The right to bear and keep arms brings about violence in everyday life and should be abolished,Anumana,moderate,ibm_reviewed
A recent bulletin in medicine states that the prior guideline was superseded last quarter.,Shabda,,nyaya_synthetic
"If we treat the premises charitably, a bottleneck in school policy. The downstream metric lags whenever the upstream queue saturates; so the system is contention-limited.",Anumana,,nyaya_synthetic
"If we treat the premises charitably, a bottleneck in econometrics. The downstream metric lags whenever the upstream queue saturates; which makes it plausible that the system is contention-limited.",Anumana,,nyaya_synthetic
"According to the technology handbook, the device must complete a full calibration cycle before first use.",Shabda,,nyaya_synthetic
it is a constitutional right to keep and bear arms for self protection and to participate in firearm sports,Shabda,moderate,ibm_reviewed
"In cybersecurity operations, the instrument trace shows a repeatable pattern across three runs. The operator log notes the same anomaly at the same timestamp window.",Pratyaksha,,nyaya_synthetic
legalizing prostitution will legitimize it as a profession and allow workers to unionize and collect benefits,Anumana,moderate,ibm_reviewed
"For newcomers in technology, a hash table is similar to a set of labeled drawers: fast lookup, occasional collisions.",Upamana,,nyaya_synthetic
"Using public transportation has a lot of advantages for the modern society facing a lot of problems: the environmental population, the isolation in life, the depletion of natural resources",Anumana,moderate,aaec_reviewed
better journalism is needed to keep our governments in check and the general population in the know,Shabda,moderate,ibm_reviewed
"In technology, a direct check showed the instrument reading drifting outside tolerance during the run.",Pratyaksha,,nyaya_synthetic
Field notes from news analysis record visible condensation on the cold line within minutes of startup.,Pratyaksha,,nyaya_synthetic
I would like to reiterate the necessity of the Internet in learning process,Anumana,moderate,aaec_reviewed
"According to the legal reasoning handbook, the device must complete a full calibration cycle before first use.",Shabda,,nyaya_synthetic
"Because the control arm improved while the treatment arm flatlined in politics, the intervention may lack efficacy.",Anumana,,nyaya_synthetic
"For newcomers in philosophy, a hash table is similar to a set of labeled drawers: fast lookup, occasional collisions.",Upamana,,nyaya_synthetic
"Across philosophy, the measured curve stayed flat until the threshold, then rose sharply in two trials.",Pratyaksha,,nyaya_synthetic
"Taken together, the observations suggest a bottleneck in climate modeling. The downstream metric lags whenever the upstream queue saturates; which makes it plausible that the system is contention-limited.",Anumana,,nyaya_synthetic
Field notes from philosophy record visible condensation on the cold line within minutes of startup.,Pratyaksha,,nyaya_synthetic
modern society needs advertising,Anumana,weak,aaec_reviewed
"If we treat the premises charitably, a bottleneck in school policy. The downstream metric lags whenever the upstream queue saturates; which makes it plausible that the system is contention-limited.",Anumana,,nyaya_synthetic
"In social media discourse, a direct check showed the instrument reading drifting outside tolerance during the run.",Pratyaksha,,nyaya_synthetic
"In politics, debugging distributed traces is like following colored threads through a woven fabric.",Upamana,,nyaya_synthetic
"In education, the feedback loop behaves like a thermostat hunting around a noisy setpoint.",Upamana,,nyaya_synthetic
A vaccine that has not been sufficiently tested and without knowledge of side effects is not recommended for children,Anumana,moderate,ibm_reviewed
vocational education trains people with the types of skills that are becoming obsolete due to robotics and ai,Anumana,moderate,ibm_reviewed
we should not adopt libertarianism because the government would have too much control over people,Shabda,strong,ibm_reviewed
people should be free to do as they choose without government intervention therefore we should adopt libertarianism.,Shabda,strong,ibm_reviewed
"Yes, it is a country with many possibilities of getting ahead due to all the job opportunities it offers.",Anumana,moderate,ibm_reviewed
"children are losing their respect for authority at an alarming rate, this is the only way we can halt that decline",Shabda,moderate,ibm_reviewed
"According to the published standard for urban planning, reviewers must document assumptions and cite the controlling source. Experts in the field treat that requirement as a minimum bar for credibility.",Shabda,,nyaya_synthetic
"In medicine, a direct check showed the instrument reading drifting outside tolerance during the run.",Pratyaksha,,nyaya_synthetic
internet capable phones help influence the young ones to become more interested in chatting and social sites rather than doing school works,Anumana,moderate,aaec_reviewed
the rise in the number of gun deaths makes it clear that we need to abolish the right to bear arms.,Anumana,strong,ibm_reviewed
"In technology, debugging distributed traces is like following colored threads through a woven fabric.",Upamana,,nyaya_synthetic
"The dashboard in astrobiology looked stable at first glance. Yet latency spikes only during failover, which suggests a race in the controller path.",Anumana,,nyaya_synthetic
"Under ordinary conditions in this domain, a bottleneck in urban planning. The downstream metric lags whenever the upstream queue saturates; hence the system is contention-limited.",Anumana,,nyaya_synthetic
"In technology, a direct check showed the instrument reading drifting outside tolerance during the run.",Pratyaksha,,nyaya_synthetic
"In public debate, a direct check showed the instrument reading drifting outside tolerance during the run.",Pratyaksha,,nyaya_synthetic
"Across legal reasoning, the measured curve stayed flat until the threshold, then rose sharply in two trials.",Pratyaksha,,nyaya_synthetic
"Across technology, the measured curve stayed flat until the threshold, then rose sharply in two trials.",Pratyaksha,,nyaya_synthetic
Master augmentation (social media discourse): synthetic vignette uid master-pad-14; intended label Shabda at weak strength for evaluation bookkeeping.,Shabda,,nyaya_synthetic
Social media platforms should not be regulated by the government because crimes can't be committed on the internet,Shabda,strong,ibm_reviewed
"Taken together, the observations suggest a bottleneck in supply chains. The downstream metric lags whenever the upstream queue saturates; which makes it plausible that the system is contention-limited.",Anumana,,nyaya_synthetic
"We measured the artifact directly in journalism ethics. Still, the manual states a different nominal range, so practitioners defer to the handbook when reporting.",Shabda,,nyaya_synthetic
"In software reliability, the instrument trace shows a repeatable pattern across three runs. The operator log notes the same anomaly at the same timestamp window.",Pratyaksha,,nyaya_synthetic
Experts in social media discourse now recommend documenting provenance for every dataset used in training.,Shabda,,nyaya_synthetic
compulsory voting could lead to an uninformed public electing unqualified people to office,Anumana,moderate,ibm_reviewed
"During the social media discourse walkthrough, we could hear intermittent clicking from the enclosure with no load applied.",Pratyaksha,,nyaya_synthetic
Experts in legal reasoning now recommend documenting provenance for every dataset used in training.,Shabda,,nyaya_synthetic
Master augmentation (politics): synthetic vignette uid master-pad-3; intended label Pratyaksha at moderate strength for evaluation bookkeeping.,Pratyaksha,,nyaya_synthetic
"racial profiling distracts police from using actual evidence to catch criminals, as they are focused on skin color instead",Pratyaksha,strong,ibm_reviewed
"Across medicine, the measured curve stayed flat until the threshold, then rose sharply in two trials.",Pratyaksha,,nyaya_synthetic
species extinction is quite natural according to the theory of evolution,Shabda,strong,aaec_reviewed
Field notes from news analysis record visible condensation on the cold line within minutes of startup.,Pratyaksha,,nyaya_synthetic
space exploration is not yielding anything useful to society and should not be subsidized.,Anumana,moderate,ibm_reviewed
Field notes from public debate record visible condensation on the cold line within minutes of startup.,Pratyaksha,,nyaya_synthetic
"In personal live, we have some responsibilities towards to other people, there is nobody who likes all of these responsibilities",Anumana,moderate,aaec_reviewed
children should be free to do what they want with their consent and their parents consent,Anumana,moderate,ibm_reviewed
the kids do not get the proper socialization and may have more trouble moving on to college educationally and socially.,Anumana,moderate,ibm_reviewed
"On balance, the evidence indicates a bottleneck in urban planning. The downstream metric lags whenever the upstream queue saturates; which implies the system is contention-limited.",Anumana,,nyaya_synthetic
"Under ordinary conditions in this domain, a bottleneck in econometrics. The downstream metric lags whenever the upstream queue saturates; so the system is contention-limited.",Anumana,,nyaya_synthetic
libertarianism is crucial to protect the individual rights and ideals of people of a state.,Anumana,moderate,ibm_reviewed
racial profiling is a preconceived idea of people that views an entire race as criminal,Anumana,moderate,ibm_reviewed
A recent bulletin in news analysis states that the prior guideline was superseded last quarter.,Shabda,,nyaya_synthetic
"We definitely do not want our children to spend money on luxurious custom or lifestyle just to be similar to someone, especially when these people are not symbols of any talent but showing off",Upamana,moderate,aaec_reviewed
"In constitutional law, the instrument trace shows a repeatable pattern across three runs. The operator log notes the same anomaly at the same timestamp window.",Pratyaksha,,nyaya_synthetic
"On balance, the evidence indicates a bottleneck in clinical triage. The downstream metric lags whenever the upstream queue saturates; so the system is contention-limited.",Anumana,,nyaya_synthetic
"If we treat the premises charitably, a bottleneck in history of science. The downstream metric lags whenever the upstream queue saturates; therefore the system is contention-limited.",Anumana,,nyaya_synthetic
it is a constitutional right to keep and bear arms for self protection and to participate in firearm sports,Shabda,moderate,ibm_reviewed
women should have equal right to men and there for should be allowed to go into combat,Anumana,moderate,ibm_reviewed
The workflow in public debate acts like a pipeline valve: small friction upstream amplifies delays downstream.,Upamana,,nyaya_synthetic
A well-informed man can act sensibly and make sound judgment,Anumana,moderate,aaec_reviewed
homeschooling should be banned because it doesn't provide the best learning environment for children,Anumana,moderate,ibm_reviewed
We should fight urbanization as it is leeching talent and investment from the countryside and creating inequality.,Anumana,moderate,ibm_reviewed
it is a manner of free speech currently protected under the first amendment. banning it would be unconstitutional.,Anumana,moderate,ibm_reviewed
"Taken together, the observations suggest a bottleneck in constitutional law. The downstream metric lags whenever the upstream queue saturates; which makes it plausible that the system is contention-limited.",Anumana,,nyaya_synthetic
"Explaining school policy to newcomers is similar to teaching navigation: you start from landmarks people already trust, then map unfamiliar terrain onto those anchors.",Upamana,,nyaya_synthetic
"a single international language may, to some extent, erode the cultural identity of a nation",Anumana,moderate,aaec_reviewed
Master augmentation (news analysis): synthetic vignette uid master-pad-29; intended label Upamana at weak strength for evaluation bookkeeping.,Upamana,,nyaya_synthetic
flag burning is a legitimate way of showing outrage at a countries actions and iss therefore a form of free speach,Anumana,strong,ibm_reviewed
Field notes from social media discourse record visible condensation on the cold line within minutes of startup.,Pratyaksha,,nyaya_synthetic
"In cybersecurity operations, the instrument trace shows a repeatable pattern across three runs. The operator log notes the same anomaly at the same timestamp window.",Pratyaksha,,nyaya_synthetic
Field notes from science record visible condensation on the cold line within minutes of startup.,Pratyaksha,,nyaya_synthetic
"During the public debate walkthrough, we could hear intermittent clicking from the enclosure with no load applied.",Pratyaksha,,nyaya_synthetic
"We measured the artifact directly in supply chains. Still, the manual states a different nominal range, so practitioners defer to the handbook when reporting.",Shabda,,nyaya_synthetic
"In news analysis, a direct check showed the instrument reading drifting outside tolerance during the run.",Pratyaksha,,nyaya_synthetic
"Taken together, the observations suggest a bottleneck in cybersecurity operations. The downstream metric lags whenever the upstream queue saturates; which implies the system is contention-limited.",Anumana,,nyaya_synthetic
one who studies overseas will gain many skills throughout this experience,Anumana,moderate,aaec_reviewed
"According to the education handbook, the device must complete a full calibration cycle before first use.",Shabda,,nyaya_synthetic
"In philosophy, a direct check showed the instrument reading drifting outside tolerance during the run.",Pratyaksha,,nyaya_synthetic
The workflow in daily life acts like a pipeline valve: small friction upstream amplifies delays downstream.,Upamana,,nyaya_synthetic
my term of a successful man is one who has certain achievements in life rather than the one with a high income,Anumana,moderate,aaec_reviewed
"Since the premise set is ambiguous in technology, interpreters will default to the narrower reading.",Anumana,,nyaya_synthetic
"Capital punishment can be replaced by more ethical but equally punishing alternatives, like life without parole.",Anumana,moderate,ibm_reviewed
"We measured the artifact directly in clinical triage. Still, the manual states a different nominal range, so practitioners defer to the handbook when reporting.",Shabda,,nyaya_synthetic
"The dashboard in school policy looked stable at first glance. Yet latency spikes only during failover, which suggests a race in the controller path.",Anumana,,nyaya_synthetic
"there are Reality TV, television programs in which people are put into artificial environments and situations, for example like ""Big Brother""",Upamana,moderate,aaec_reviewed
"In modern life, zoos have become even more important in serving as places for people to study and enjoy the nature while a lot of natural destruction is made to build towers and skyscrapers",Anumana,moderate,aaec_reviewed
"According to the published standard for constitutional law, reviewers must document assumptions and cite the controlling source. Experts in the field treat that requirement as a minimum bar for credibility.",Shabda,,nyaya_synthetic
"Taken together, the observations suggest a bottleneck in software reliability. The downstream metric lags whenever the upstream queue saturates; so the system is contention-limited.",Anumana,,nyaya_synthetic
platforms should be controlled by the government as many conspiracy theories can be made,Shabda,moderate,ibm_reviewed
"As we destroy the natural habitat, like forests, jungles and lakes, to make place for our industry and farmland, we rob the ecosystem",Upamana,moderate,aaec_reviewed
economic sanctions always punish the innocent people of the country not the oppressive regimes.,Anumana,moderate,ibm_reviewed
Master augmentation (news analysis): synthetic vignette uid master-pad-39; intended label Shabda at strong strength for evaluation bookkeeping.,Shabda,,nyaya_synthetic
"Taken together, the observations suggest a bottleneck in software reliability. The downstream metric lags whenever the upstream queue saturates; which implies the system is contention-limited.",Anumana,,nyaya_synthetic
"Under ordinary conditions in this domain, a bottleneck in astrobiology. The downstream metric lags whenever the upstream queue saturates; hence the system is contention-limited.",Anumana,,nyaya_synthetic
"For newcomers in education, a hash table is similar to a set of labeled drawers: fast lookup, occasional collisions.",Upamana,,nyaya_synthetic
"In supply chains, the instrument trace shows a repeatable pattern across three runs. The operator log notes the same anomaly at the same timestamp window.",Pratyaksha,,nyaya_synthetic
"For newcomers in social media discourse, a hash table is similar to a set of labeled drawers: fast lookup, occasional collisions.",Upamana,,nyaya_synthetic
journalism should not be subsidized because subsidies could too easily be allotted according to political beliefs.,Shabda,strong,ibm_reviewed
"including exercise in children's daily routine, it is a good way to teach them the importance of physical activity from an early age",Anumana,moderate,aaec_reviewed
"Because the control arm improved while the treatment arm flatlined in public debate, the intervention may lack efficacy.",Anumana,,nyaya_synthetic
"From what we can verify on the record, a bottleneck in constitutional law. The downstream metric lags whenever the upstream queue saturates; which supports the view that the system is contention-limited.",Anumana,,nyaya_synthetic
"In urban planning, the instrument trace shows a repeatable pattern across three runs. The operator log notes the same anomaly at the same timestamp window.",Pratyaksha,,nyaya_synthetic
Master augmentation (public debate): synthetic vignette uid master-pad-28; intended label Pratyaksha at weak strength for evaluation bookkeeping.,Pratyaksha,,nyaya_synthetic
"In social media discourse, a direct check showed the instrument reading drifting outside tolerance during the run.",Pratyaksha,,nyaya_synthetic
"From what we can verify on the record, a bottleneck in journalism ethics. The downstream metric lags whenever the upstream queue saturates; so the system is contention-limited.",Anumana,,nyaya_synthetic
Researchers publishing in technology reported a replication failure under stricter preprocessing.,Shabda,,nyaya_synthetic
"From what we can verify on the record, a bottleneck in school policy. The downstream metric lags whenever the upstream queue saturates; so the system is contention-limited.",Anumana,,nyaya_synthetic
entrapment should be considered as legal as giving huge benefit for safe and secure society.,Anumana,moderate,ibm_reviewed
We need Guantanamo Bay to stay open in order to detain and interrogate enemy combatants in support of our war efforts.,Anumana,moderate,ibm_reviewed
"In history of science, the instrument trace shows a repeatable pattern across three runs. The operator log notes the same anomaly at the same timestamp window.",Pratyaksha,,nyaya_synthetic
"high-quality journalism requires time, expertise, and research. all of this requires money.",Shabda,moderate,ibm_reviewed
"The dashboard in urban planning looked stable at first glance. Yet latency spikes only during failover, which suggests a race in the controller path.",Anumana,,nyaya_synthetic
"who but a misogynist would doubt their capacity for courage, aggressiveness or grace under fire at this point",Anumana,moderate,ibm_reviewed
"Under ordinary conditions in this domain, a bottleneck in cybersecurity operations. The downstream metric lags whenever the upstream queue saturates; which implies the system is contention-limited.",Anumana,,nyaya_synthetic
"If we treat the premises charitably, a bottleneck in urban planning. The downstream metric lags whenever the upstream queue saturates; which implies the system is contention-limited.",Anumana,,nyaya_synthetic
"Explaining astrobiology to newcomers is similar to teaching navigation: you start from landmarks people already trust, then map unfamiliar terrain onto those anchors.",Upamana,,nyaya_synthetic
"If we treat the premises charitably, a bottleneck in history of science. The downstream metric lags whenever the upstream queue saturates; hence the system is contention-limited.",Anumana,,nyaya_synthetic
"Taken together, the observations suggest a bottleneck in climate modeling. The downstream metric lags whenever the upstream queue saturates; which supports the view that the system is contention-limited.",Anumana,,nyaya_synthetic
they will grow up in a good neighborhood of a big city and they will be very happy about it,Anumana,moderate,aaec_reviewed
"Explaining school policy to newcomers is similar to teaching navigation: you start from landmarks people already trust, then map unfamiliar terrain onto those anchors.",Upamana,,nyaya_synthetic
"We measured the artifact directly in astrobiology. Still, the manual states a different nominal range, so practitioners defer to the handbook when reporting.",Shabda,,nyaya_synthetic
"the three strikes law will scare a felon into not committing a second, or third, offense, to avoid a life sentence.",Anumana,moderate,ibm_reviewed
We should not legalize cannabis as it has been proven to have long term mental health and concentration issues.,Pratyaksha,strong,ibm_reviewed
Master augmentation (philosophy): synthetic vignette uid master-pad-16; intended label Upamana at strong strength for evaluation bookkeeping.,Upamana,,nyaya_synthetic
capital punishment sends a message to other criminals that if you commit an awful crime you will be severely punished,Anumana,moderate,ibm_reviewed
"libertarianism promotes political freedom of choice as its core value, and is the ultimate expression of democracy.",Anumana,moderate,ibm_reviewed
"flag burning qualifies as the right to protest, which is a right upheld by the constitution.",Shabda,moderate,ibm_reviewed
Women are just as capable as men in modern warfare so we would lose half of our available fighters by not allowing them.,Upamana,moderate,ibm_reviewed
"According to the published standard for clinical triage, reviewers must document assumptions and cite the controlling source. Experts in the field treat that requirement as a minimum bar for credibility.",Shabda,,nyaya_synthetic
"We measured the artifact directly in urban planning. Still, the manual states a different nominal range, so practitioners defer to the handbook when reporting.",Shabda,,nyaya_synthetic
school uniforms are expensive and puts an undue burden on the parents of the students.,Anumana,moderate,ibm_reviewed
Flag burning is disrespectful to the country and to those who fought for the freedom the flag represents.,Anumana,moderate,ibm_reviewed
"In clinical triage, the instrument trace shows a repeatable pattern across three runs. The operator log notes the same anomaly at the same timestamp window.",Pratyaksha,,nyaya_synthetic
"In daily life, debugging distributed traces is like following colored threads through a woven fabric.",Upamana,,nyaya_synthetic
Social media platforms ought to be regulated by the government to stop the crimes of blackmailing.,Shabda,moderate,ibm_reviewed
Researchers publishing in education reported a replication failure under stricter preprocessing.,Shabda,,nyaya_synthetic
"human cloning is still somewhat new, making it dangerous for humans and should be banned",Anumana,moderate,ibm_reviewed
"flag burning qualifies as the right to protest, which is a right upheld by the constitution.",Shabda,moderate,ibm_reviewed
"If we treat the premises charitably, a bottleneck in cybersecurity operations. The downstream metric lags whenever the upstream queue saturates; which makes it plausible that the system is contention-limited.",Anumana,,nyaya_synthetic
"In econometrics, the instrument trace shows a repeatable pattern across three runs. The operator log notes the same anomaly at the same timestamp window.",Pratyaksha,,nyaya_synthetic
Experts in politics now recommend documenting provenance for every dataset used in training.,Shabda,,nyaya_synthetic
"In science, a direct check showed the instrument reading drifting outside tolerance during the run.",Pratyaksha,,nyaya_synthetic
"In science, a direct check showed the instrument reading drifting outside tolerance during the run.",Pratyaksha,,nyaya_synthetic
we should not adopt libertarianism because the government would have too much control over people,Shabda,strong,ibm_reviewed
the good technology bringing to us is undeniable,Anumana,weak,aaec_reviewed
"intellectual property rights leads to monopolies, which drives up the prices for consumers.",Anumana,moderate,ibm_reviewed
it allows the poor who don't have the funds to have legal advice to be able to attain legal advice,Anumana,moderate,ibm_reviewed
"Fail to create this familiarity makes them felt isolated, in the extreme can lead to social disorder like autism",Upamana,moderate,aaec_reviewed
eating their meat mean you eat the flesh of your parent sentient beings,Anumana,moderate,aaec_reviewed
"suicide has never been legal. it is still killing, even if one is taking ones own life.",Anumana,moderate,ibm_reviewed
"In news analysis, debugging distributed traces is like following colored threads through a woven fabric.",Upamana,,nyaya_synthetic
"there are sometimes unpleasant and boring parts which is not liked by anyone, but most of them are about responsibilities which is the part of individual's live",Anumana,moderate,aaec_reviewed
compulsory voting will cause more people feel like the government has too much power and the country will feel less free,Upamana,strong,ibm_reviewed
we should subsidize journalism to ensure media has the proper means to get the correct answers to the public.,Shabda,strong,ibm_reviewed
"burning a flag is a form of free speech, therefore it forms a constitutional right and should not be banned.",Shabda,strong,ibm_reviewed
Master augmentation (news analysis): synthetic vignette uid master-pad-15; intended label Pratyaksha at moderate strength for evaluation bookkeeping.,Pratyaksha,,nyaya_synthetic
"Across news analysis, the measured curve stayed flat until the threshold, then rose sharply in two trials.",Pratyaksha,,nyaya_synthetic
"In astrobiology, the instrument trace shows a repeatable pattern across three runs. The operator log notes the same anomaly at the same timestamp window.",Pratyaksha,,nyaya_synthetic
compulsory voting will cause more people feel like the government has too much power and the country will feel less free,Upamana,strong,ibm_reviewed
Master augmentation (social media discourse): synthetic vignette uid master-pad-11; intended label Shabda at strong strength for evaluation bookkeeping.,Shabda,,nyaya_synthetic
"In news analysis, a direct check showed the instrument reading drifting outside tolerance during the run.",Pratyaksha,,nyaya_synthetic
large emissions of carbon monoxide gas from refrigerants like air conditioners have depleted ozone layer,Upamana,moderate,aaec_reviewed
"Taken together, the observations suggest a bottleneck in history of science. The downstream metric lags whenever the upstream queue saturates; which implies the system is contention-limited.",Anumana,,nyaya_synthetic
"even when people watch television together, there is no chance for them to have conversation in front of television",Anumana,moderate,aaec_reviewed
"Explaining cybersecurity operations to newcomers is similar to teaching navigation: you start from landmarks people already trust, then map unfamiliar terrain onto those anchors.",Upamana,,nyaya_synthetic
private military companies receive government funds without sufficient government oversight.,Shabda,moderate,ibm_reviewed
cannabis is no worse than alcohol and should be legal to every adult american citizen.,Anumana,moderate,ibm_reviewed
"Explaining clinical triage to newcomers is similar to teaching navigation: you start from landmarks people already trust, then map unfamiliar terrain onto those anchors.",Upamana,,nyaya_synthetic
"In news analysis, a direct check showed the instrument reading drifting outside tolerance during the run.",Pratyaksha,,nyaya_synthetic
Master augmentation (social media discourse): synthetic vignette uid master-pad-14; intended label Shabda at weak strength for evaluation bookkeeping.,Shabda,,nyaya_synthetic
"In science, a direct check showed the instrument reading drifting outside tolerance during the run.",Pratyaksha,,nyaya_synthetic
Master augmentation (legal reasoning): synthetic vignette uid master-pad-8; intended label Shabda at moderate strength for evaluation bookkeeping.,Shabda,,nyaya_synthetic
this type of surgery has risks associated with it just like other ones except this one is not needed,Upamana,moderate,ibm_reviewed
"According to the published standard for climate modeling, reviewers must document assumptions and cite the controlling source. Experts in the field treat that requirement as a minimum bar for credibility.",Shabda,,nyaya_synthetic
"On balance, the evidence indicates a bottleneck in journalism ethics. The downstream metric lags whenever the upstream queue saturates; which implies the system is contention-limited.",Anumana,,nyaya_synthetic
Emergence of new television channels or shows are not surprising,Anumana,moderate,aaec_reviewed
Field notes from science record visible condensation on the cold line within minutes of startup.,Pratyaksha,,nyaya_synthetic
"In legal reasoning, the feedback loop behaves like a thermostat hunting around a noisy setpoint.",Upamana,,nyaya_synthetic
A recent bulletin in social media discourse states that the prior guideline was superseded last quarter.,Shabda,,nyaya_synthetic
The workflow in technology acts like a pipeline valve: small friction upstream amplifies delays downstream.,Upamana,,nyaya_synthetic
"In history of science, the instrument trace shows a repeatable pattern across three runs. The operator log notes the same anomaly at the same timestamp window.",Pratyaksha,,nyaya_synthetic
"Explaining urban planning to newcomers is similar to teaching navigation: you start from landmarks people already trust, then map unfamiliar terrain onto those anchors.",Upamana,,nyaya_synthetic
algorithmic trading stops people having control over their spending and therefore increases debt,Anumana,moderate,ibm_reviewed
the cost of vocational education far outweighs the benefits in terms of earnings capacity.,Anumana,moderate,ibm_reviewed
"It is not uncommon that the teenages are found sleepless for several days playing on-line games at public internet bar, and there are also some media reports regarding the sudden death case of the teenages in the internet bar",Shabda,strong,aaec_reviewed
"We measured the artifact directly in climate modeling. Still, the manual states a different nominal range, so practitioners defer to the handbook when reporting.",Shabda,,nyaya_synthetic
"According to the daily life handbook, the device must complete a full calibration cycle before first use.",Shabda,,nyaya_synthetic
"In daily life, a direct check showed the instrument reading drifting outside tolerance during the run.",Pratyaksha,,nyaya_synthetic
"Across philosophy, the measured curve stayed flat until the threshold, then rose sharply in two trials.",Pratyaksha,,nyaya_synthetic
spending on renovating the highways and roads can improve the quality,Anumana,moderate,aaec_reviewed
Experts in legal reasoning now recommend documenting provenance for every dataset used in training.,Shabda,,nyaya_synthetic
Field notes from social media discourse record visible condensation on the cold line within minutes of startup.,Pratyaksha,,nyaya_synthetic
"Across technology, the measured curve stayed flat until the threshold, then rose sharply in two trials.",Pratyaksha,,nyaya_synthetic
"Under ordinary conditions in this domain, a bottleneck in school policy. The downstream metric lags whenever the upstream queue saturates; which makes it plausible that the system is contention-limited.",Anumana,,nyaya_synthetic
"From what we can verify on the record, a bottleneck in journalism ethics. The downstream metric lags whenever the upstream queue saturates; which implies the system is contention-limited.",Anumana,,nyaya_synthetic
"For newcomers in news analysis, a hash table is similar to a set of labeled drawers: fast lookup, occasional collisions.",Upamana,,nyaya_synthetic
"some male chauvinists think that women are incapable in particular fields, like maths, mechanical engineering, defense etc",Upamana,moderate,aaec_reviewed
"In daily life, the feedback loop behaves like a thermostat hunting around a noisy setpoint.",Upamana,,nyaya_synthetic
"Under ordinary conditions in this domain, a bottleneck in software reliability. The downstream metric lags whenever the upstream queue saturates; which makes it plausible that the system is contention-limited.",Anumana,,nyaya_synthetic
"We measured the artifact directly in journalism ethics. Still, the manual states a different nominal range, so practitioners defer to the handbook when reporting.",Shabda,,nyaya_synthetic
we should adopt libertarianism because each individual person should be able to decide what politics he wants to follow.,Anumana,moderate,ibm_reviewed
"urbanization should be banned to save on forest destruction, animal extinction, and overall save the environment.",Anumana,moderate,ibm_reviewed
an austerity regime can help restructure a country's debt without increasing the deficit,Anumana,moderate,ibm_reviewed
Master augmentation (medicine): synthetic vignette uid master-pad-17; intended label Upamana at moderate strength for evaluation bookkeeping.,Upamana,,nyaya_synthetic
The workflow in daily life acts like a pipeline valve: small friction upstream amplifies delays downstream.,Upamana,,nyaya_synthetic
"We measured the artifact directly in constitutional law. Still, the manual states a different nominal range, so practitioners defer to the handbook when reporting.",Shabda,,nyaya_synthetic
The accidents cannot be completely avoided although only those who have gun licenses can purchase guns,Anumana,moderate,aaec_reviewed
successful people can learn important and very valuable points from trying new things,Anumana,moderate,aaec_reviewed
"students only need to study academic subjects like mathematics, physics",Upamana,moderate,aaec_reviewed
Field notes from news analysis record visible condensation on the cold line within minutes of startup.,Pratyaksha,,nyaya_synthetic
"Under ordinary conditions in this domain, a bottleneck in journalism ethics. The downstream metric lags whenever the upstream queue saturates; so the system is contention-limited.",Anumana,,nyaya_synthetic
"In school policy, the instrument trace shows a repeatable pattern across three runs. The operator log notes the same anomaly at the same timestamp window.",Pratyaksha,,nyaya_synthetic
compulsory voting will cause more people feel like the government has too much power and the country will feel less free,Upamana,strong,ibm_reviewed
"racial profiling discriminates against people of color based solely on their appearance, not merit",Anumana,moderate,ibm_reviewed
"Across politics, the measured curve stayed flat until the threshold, then rose sharply in two trials.",Pratyaksha,,nyaya_synthetic
"From what we can verify on the record, a bottleneck in supply chains. The downstream metric lags whenever the upstream queue saturates; so the system is contention-limited.",Anumana,,nyaya_synthetic
"In science, the feedback loop behaves like a thermostat hunting around a noisy setpoint.",Upamana,,nyaya_synthetic
"During the medicine walkthrough, we could hear intermittent clicking from the enclosure with no load applied.",Pratyaksha,,nyaya_synthetic
"Explaining software reliability to newcomers is similar to teaching navigation: you start from landmarks people already trust, then map unfamiliar terrain onto those anchors.",Upamana,,nyaya_synthetic
Master augmentation (philosophy): synthetic vignette uid master-pad-24; intended label Pratyaksha at weak strength for evaluation bookkeeping.,Pratyaksha,,nyaya_synthetic
there is a lot we can learn medically from human cloning and we should do it responsibly,Anumana,moderate,ibm_reviewed
Experts in daily life now recommend documenting provenance for every dataset used in training.,Shabda,,nyaya_synthetic
"Explaining clinical triage to newcomers is similar to teaching navigation: you start from landmarks people already trust, then map unfamiliar terrain onto those anchors.",Upamana,,nyaya_synthetic
Experts in philosophy now recommend documenting provenance for every dataset used in training.,Shabda,,nyaya_synthetic
"In econometrics, the instrument trace shows a repeatable pattern across three runs. The operator log notes the same anomaly at the same timestamp window.",Pratyaksha,,nyaya_synthetic
"During the politics walkthrough, we could hear intermittent clicking from the enclosure with no load applied.",Pratyaksha,,nyaya_synthetic
we should continue to support homeschooling as it gives children another form of education when other forms do not work.,Anumana,moderate,ibm_reviewed
How can the comtemporary scientists study the earth's gravity without the apple which fall on Newton's head,Anumana,moderate,aaec_reviewed
a zero-tolerance policy gives administrators no leeway if a student commits a less than serious crime.,Anumana,moderate,ibm_reviewed
"intellectual property rights are too vague,they include copyrighting words, gestures, etc and should be sbolish",Anumana,moderate,ibm_reviewed
"During the legal reasoning walkthrough, we could hear intermittent clicking from the enclosure with no load applied.",Pratyaksha,,nyaya_synthetic
"For newcomers in public debate, a hash table is similar to a set of labeled drawers: fast lookup, occasional collisions.",Upamana,,nyaya_synthetic
guantanamo bay is a stain on the reputation of the usa that has acted to further the cause of terrorists around the world,Anumana,strong,ibm_reviewed
"In education, a direct check showed the instrument reading drifting outside tolerance during the run.",Pratyaksha,,nyaya_synthetic
"During the politics walkthrough, we could hear intermittent clicking from the enclosure with no load applied.",Pratyaksha,,nyaya_synthetic
"In legal reasoning, debugging distributed traces is like following colored threads through a woven fabric.",Upamana,,nyaya_synthetic
"In constitutional law, the instrument trace shows a repeatable pattern across three runs. The operator log notes the same anomaly at the same timestamp window.",Pratyaksha,,nyaya_synthetic
Field notes from science record visible condensation on the cold line within minutes of startup.,Pratyaksha,,nyaya_synthetic
"Cultural events such as exhibitions and theatre plays can enrich one's and widen his horizons, things which aren't offered by small towns",Anumana,moderate,aaec_reviewed
government should invest more on medical care and education rather than on entertaining or sports facilities,Anumana,moderate,aaec_reviewed
"the three-strike law acts as a very effective deterent to crime, and keeps down the prison population.",Anumana,moderate,ibm_reviewed
"According to the public debate handbook, the device must complete a full calibration cycle before first use.",Shabda,,nyaya_synthetic
Master augmentation (politics): synthetic vignette uid master-pad-23; intended label Pratyaksha at moderate strength for evaluation bookkeeping.,Pratyaksha,,nyaya_synthetic
"On balance, the evidence indicates a bottleneck in software reliability. The downstream metric lags whenever the upstream queue saturates; which makes it plausible that the system is contention-limited.",Anumana,,nyaya_synthetic
Master augmentation (legal reasoning): synthetic vignette uid master-pad-34; intended label Anumana at strong strength for evaluation bookkeeping.,Anumana,,nyaya_synthetic
"From what we can verify on the record, a bottleneck in econometrics. The downstream metric lags whenever the upstream queue saturates; therefore the system is contention-limited.",Anumana,,nyaya_synthetic
Researchers publishing in education reported a replication failure under stricter preprocessing.,Shabda,,nyaya_synthetic
Part-time jobs furnish them with precious chance to practice what they are learning at their universities,Anumana,moderate,aaec_reviewed
"On balance, the evidence indicates a bottleneck in journalism ethics. The downstream metric lags whenever the upstream queue saturates; which supports the view that the system is contention-limited.",Anumana,,nyaya_synthetic
"Across daily life, the measured curve stayed flat until the threshold, then rose sharply in two trials.",Pratyaksha,,nyaya_synthetic
journalism should not be subsidized because subsidies could too easily be allotted according to political beliefs.,Shabda,strong,ibm_reviewed
"For the most part, cannabis is already legal in many states and countries. So it should be a universal legal law.",Anumana,moderate,ibm_reviewed
"In technology, a direct check showed the instrument reading drifting outside tolerance during the run.",Pratyaksha,,nyaya_synthetic
"In clinical triage, the instrument trace shows a repeatable pattern across three runs. The operator log notes the same anomaly at the same timestamp window.",Pratyaksha,,nyaya_synthetic
Experts in science now recommend documenting provenance for every dataset used in training.,Shabda,,nyaya_synthetic
being able to choose your own attorney to help determine your fate is vitally important if you have the means to do so.,Anumana,moderate,ibm_reviewed
Experts in philosophy now recommend documenting provenance for every dataset used in training.,Shabda,,nyaya_synthetic
"Across technology, the measured curve stayed flat until the threshold, then rose sharply in two trials.",Pratyaksha,,nyaya_synthetic
"Because the control arm improved while the treatment arm flatlined in technology, the intervention may lack efficacy.",Anumana,,nyaya_synthetic
"During the technology walkthrough, we could hear intermittent clicking from the enclosure with no load applied.",Pratyaksha,,nyaya_synthetic
"In medicine, the feedback loop behaves like a thermostat hunting around a noisy setpoint.",Upamana,,nyaya_synthetic
"We measured the artifact directly in software reliability. Still, the manual states a different nominal range, so practitioners defer to the handbook when reporting.",Shabda,,nyaya_synthetic
"Explaining climate modeling to newcomers is similar to teaching navigation: you start from landmarks people already trust, then map unfamiliar terrain onto those anchors.",Upamana,,nyaya_synthetic
"Across medicine, the measured curve stayed flat until the threshold, then rose sharply in two trials.",Pratyaksha,,nyaya_synthetic
"nuclear weapons are an exhorbitantly costly defence strategy that will never be used, just a deterrant at a huge price.",Anumana,moderate,ibm_reviewed
better journalism is needed to keep our governments in check and the general population in the know,Shabda,moderate,ibm_reviewed
Capital punishment is more humane than other extreme punishment like permanent solitary confinement or guard abuse.,Anumana,moderate,ibm_reviewed
Master augmentation (news analysis): synthetic vignette uid master-pad-29; intended label Upamana at weak strength for evaluation bookkeeping.,Upamana,,nyaya_synthetic
these subject are necessary for students' future,Anumana,weak,aaec_reviewed
"If we treat the premises charitably, a bottleneck in software reliability. The downstream metric lags whenever the upstream queue saturates; hence the system is contention-limited.",Anumana,,nyaya_synthetic
"journalism is a dying profession that is increasingly corrupt, so why use tax money towards it?",Shabda,moderate,ibm_reviewed
"In philosophy, debugging distributed traces is like following colored threads through a woven fabric.",Upamana,,nyaya_synthetic
"From what we can verify on the record, a bottleneck in astrobiology. The downstream metric lags whenever the upstream queue saturates; which supports the view that the system is contention-limited.",Anumana,,nyaya_synthetic
allowing people to use a gateway drug like cannabis is steering them towards a life of addiction.,Anumana,moderate,ibm_reviewed
"We measured the artifact directly in constitutional law. Still, the manual states a different nominal range, so practitioners defer to the handbook when reporting.",Shabda,,nyaya_synthetic
"Across philosophy, the measured curve stayed flat until the threshold, then rose sharply in two trials.",Pratyaksha,,nyaya_synthetic
"As long as vaccines are not free of side effects, it cannot make them mandatory for our children.",Anumana,moderate,ibm_reviewed
Master augmentation (politics): synthetic vignette uid master-pad-3; intended label Pratyaksha at moderate strength for evaluation bookkeeping.,Pratyaksha,,nyaya_synthetic
"According to the social media discourse handbook, the device must complete a full calibration cycle before first use.",Shabda,,nyaya_synthetic
public defenders should be mandatory because it puts everybody on the same playing level,Anumana,moderate,ibm_reviewed
assisted suicide shouldn't be a criminal offence because it allows the patient to have control over their final decisions,Anumana,moderate,ibm_reviewed
compulsory voting would only cause uneducated votes to be cast and not be a real benefit to the country.,Anumana,moderate,ibm_reviewed
people are experiencing serious medical problems,Anumana,weak,aaec_reviewed
"Taken together, the observations suggest a bottleneck in school policy. The downstream metric lags whenever the upstream queue saturates; therefore the system is contention-limited.",Anumana,,nyaya_synthetic
the sole purpose of education is to nurture a young mind and not thrust studies on them,Anumana,moderate,aaec_reviewed
"We measured the artifact directly in journalism ethics. Still, the manual states a different nominal range, so practitioners defer to the handbook when reporting.",Shabda,,nyaya_synthetic
Master augmentation (education): synthetic vignette uid master-pad-2; intended label Anumana at strong strength for evaluation bookkeeping.,Anumana,,nyaya_synthetic
"Taken together, the observations suggest a bottleneck in econometrics. The downstream metric lags whenever the upstream queue saturates; hence the system is contention-limited.",Anumana,,nyaya_synthetic
"If we treat the premises charitably, a bottleneck in cybersecurity operations. The downstream metric lags whenever the upstream queue saturates; therefore the system is contention-limited.",Anumana,,nyaya_synthetic
"If we treat the premises charitably, a bottleneck in econometrics. The downstream metric lags whenever the upstream queue saturates; hence the system is contention-limited.",Anumana,,nyaya_synthetic
"From what we can verify on the record, a bottleneck in econometrics. The downstream metric lags whenever the upstream queue saturates; hence the system is contention-limited.",Anumana,,nyaya_synthetic
"With regulation, innovation dries up. But so also does the potential for exploitation.",Anumana,moderate,ibm_reviewed
"we should develop at least one personal hobby, not to show off, but express our emotion when we feel depressed or pressured",Anumana,moderate,aaec_reviewed
"Across daily life, the measured curve stayed flat until the threshold, then rose sharply in two trials.",Pratyaksha,,nyaya_synthetic
"If we treat the premises charitably, a bottleneck in climate modeling. The downstream metric lags whenever the upstream queue saturates; hence the system is contention-limited.",Anumana,,nyaya_synthetic
Field notes from technology record visible condensation on the cold line within minutes of startup.,Pratyaksha,,nyaya_synthetic
"In philosophy, debugging distributed traces is like following colored threads through a woven fabric.",Upamana,,nyaya_synthetic
"the vow of celibacy is antiquated and obsolete in today's world, therefore it should be abandoned.",Anumana,moderate,ibm_reviewed
Social media platforms should be regulated by the government to make sure everyone's posts meet the community standards.,Shabda,moderate,ibm_reviewed
"Across medicine, the measured curve stayed flat until the threshold, then rose sharply in two trials.",Pratyaksha,,nyaya_synthetic
"In legal reasoning, a direct check showed the instrument reading drifting outside tolerance during the run.",Pratyaksha,,nyaya_synthetic
"In social media discourse, the feedback loop behaves like a thermostat hunting around a noisy setpoint.",Upamana,,nyaya_synthetic
"In news analysis, the feedback loop behaves like a thermostat hunting around a noisy setpoint.",Upamana,,nyaya_synthetic
traditional education has some merits like feedbacks and inspirations that cannot be replaced in the near future,Upamana,moderate,aaec_reviewed
"For newcomers in legal reasoning, a hash table is similar to a set of labeled drawers: fast lookup, occasional collisions.",Upamana,,nyaya_synthetic
Researchers publishing in technology reported a replication failure under stricter preprocessing.,Shabda,,nyaya_synthetic
"For newcomers in medicine, a hash table is similar to a set of labeled drawers: fast lookup, occasional collisions.",Upamana,,nyaya_synthetic
Most of the foods they eat are fat foods like chips or pizzas,Upamana,moderate,aaec_reviewed
"compulsory voting will cause more people to take an interest in politics which, in turn, will benefit everyone",Anumana,moderate,ibm_reviewed
"On balance, the evidence indicates a bottleneck in history of science. The downstream metric lags whenever the upstream queue saturates; which makes it plausible that the system is contention-limited.",Anumana,,nyaya_synthetic
"In education, the feedback loop behaves like a thermostat hunting around a noisy setpoint.",Upamana,,nyaya_synthetic
Field notes from philosophy record visible condensation on the cold line within minutes of startup.,Pratyaksha,,nyaya_synthetic
The centre for research in agriculture can help my co-citizens to better exploit these land,Anumana,moderate,aaec_reviewed
"In social media discourse, the feedback loop behaves like a thermostat hunting around a noisy setpoint.",Upamana,,nyaya_synthetic
"In legal reasoning, debugging distributed traces is like following colored threads through a woven fabric.",Upamana,,nyaya_synthetic
"In social media discourse, a direct check showed the instrument reading drifting outside tolerance during the run.",Pratyaksha,,nyaya_synthetic
"In clinical triage, the instrument trace shows a repeatable pattern across three runs. The operator log notes the same anomaly at the same timestamp window.",Pratyaksha,,nyaya_synthetic
"In public debate, a direct check showed the instrument reading drifting outside tolerance during the run.",Pratyaksha,,nyaya_synthetic
"In India, for example, female students are more often likely to grab more number of top scorer positions in every year higher secondary school examinations",Anumana,moderate,aaec_reviewed
"During the philosophy walkthrough, we could hear intermittent clicking from the enclosure with no load applied.",Pratyaksha,,nyaya_synthetic
investigative journalism is a cornerstone of democracy because it holds politicians accountable.,Shabda,strong,ibm_reviewed
"In urban planning, the instrument trace shows a repeatable pattern across three runs. The operator log notes the same anomaly at the same timestamp window.",Pratyaksha,,nyaya_synthetic
we should not abandon the vow of celibacy because it is a centuries old custom that is seen as sacred and holy.,Anumana,strong,ibm_reviewed
"According to the published standard for history of science, reviewers must document assumptions and cite the controlling source. Experts in the field treat that requirement as a minimum bar for credibility.",Shabda,,nyaya_synthetic
"The dashboard in clinical triage looked stable at first glance. Yet latency spikes only during failover, which suggests a race in the controller path.",Anumana,,nyaya_synthetic
"For newcomers in social media discourse, a hash table is similar to a set of labeled drawers: fast lookup, occasional collisions.",Upamana,,nyaya_synthetic
"During the medicine walkthrough, we could hear intermittent clicking from the enclosure with no load applied.",Pratyaksha,,nyaya_synthetic
"In daily life, debugging distributed traces is like following colored threads through a woven fabric.",Upamana,,nyaya_synthetic
"Explaining history of science to newcomers is similar to teaching navigation: you start from landmarks people already trust, then map unfamiliar terrain onto those anchors.",Upamana,,nyaya_synthetic
"In astrobiology, the instrument trace shows a repeatable pattern across three runs. The operator log notes the same anomaly at the same timestamp window.",Pratyaksha,,nyaya_synthetic
it has been shown that children are at a higher risk of dropping out of school if there is a zero-tolerance policy in place,Anumana,moderate,ibm_reviewed
Social media platforms should be regulated by the government to prevent criminals from affecting people minds.,Shabda,strong,ibm_reviewed
"these situations need to be handled on a case by case basis because many times, the culprit is not really a threat.",Anumana,strong,ibm_reviewed
economic sanctions only hurt the people of the country and never the regime that is being sanctioned.,Anumana,moderate,ibm_reviewed
Social media platforms should not be regulated by the government because crimes can't be committed on the internet,Shabda,strong,ibm_reviewed
"To put it differently, is that after this person has quit his job and became unemployed, he can no longer pay his bills nor buy what he needs for his everyday needs",Anumana,moderate,aaec_reviewed
"In daily life, a direct check showed the instrument reading drifting outside tolerance during the run.",Pratyaksha,,nyaya_synthetic
Field notes from social media discourse record visible condensation on the cold line within minutes of startup.,Pratyaksha,,nyaya_synthetic
"Taken together, the observations suggest a bottleneck in journalism ethics. The downstream metric lags whenever the upstream queue saturates; which supports the view that the system is contention-limited.",Anumana,,nyaya_synthetic
"On balance, the evidence indicates a bottleneck in astrobiology. The downstream metric lags whenever the upstream queue saturates; which makes it plausible that the system is contention-limited.",Anumana,,nyaya_synthetic
"an international sports event is a very good thing to gather people, let them dream, being proud of their nationality and forget problems, but just for a while",Anumana,moderate,aaec_reviewed
This experience also makes them aware of what they would like to make of their life,Anumana,moderate,aaec_reviewed
"cannabis has been proven to alleviate pain, hep with insomnia and decrease stress in a natural method.",Pratyaksha,strong,ibm_reviewed
Experts in legal reasoning now recommend documenting provenance for every dataset used in training.,Shabda,,nyaya_synthetic
"Taken together, the observations suggest a bottleneck in cybersecurity operations. The downstream metric lags whenever the upstream queue saturates; so the system is contention-limited.",Anumana,,nyaya_synthetic
"According to the published standard for econometrics, reviewers must document assumptions and cite the controlling source. Experts in the field treat that requirement as a minimum bar for credibility.",Shabda,,nyaya_synthetic
"From what we can verify on the record, a bottleneck in cybersecurity operations. The downstream metric lags whenever the upstream queue saturates; which supports the view that the system is contention-limited.",Anumana,,nyaya_synthetic
entrapment should be legalized because it is arbitrary to ban this one type of evidence.,Pratyaksha,strong,ibm_reviewed
"During the legal reasoning walkthrough, we could hear intermittent clicking from the enclosure with no load applied.",Pratyaksha,,nyaya_synthetic
"From what we can verify on the record, a bottleneck in cybersecurity operations. The downstream metric lags whenever the upstream queue saturates; therefore the system is contention-limited.",Anumana,,nyaya_synthetic
"From what we can verify on the record, a bottleneck in astrobiology. The downstream metric lags whenever the upstream queue saturates; so the system is contention-limited.",Anumana,,nyaya_synthetic
Master augmentation (medicine): synthetic vignette uid master-pad-19; intended label Pratyaksha at weak strength for evaluation bookkeeping.,Pratyaksha,,nyaya_synthetic
"Taken together, the observations suggest a bottleneck in supply chains. The downstream metric lags whenever the upstream queue saturates; hence the system is contention-limited.",Anumana,,nyaya_synthetic
"they must stop wanting to regulate everything, there are rights that cannot be violated such as freedom of expression",Anumana,moderate,ibm_reviewed
the government should not regulate what parents do that is already a personal decision of each family,Shabda,moderate,ibm_reviewed
This is actually very environmentally unfriendly,Anumana,weak,aaec_reviewed
Master augmentation (social media discourse): synthetic vignette uid master-pad-35; intended label Upamana at strong strength for evaluation bookkeeping.,Upamana,,nyaya_synthetic
"In medicine, a direct check showed the instrument reading drifting outside tolerance during the run.",Pratyaksha,,nyaya_synthetic
"Under ordinary conditions in this domain, a bottleneck in urban planning. The downstream metric lags whenever the upstream queue saturates; therefore the system is contention-limited.",Anumana,,nyaya_synthetic
"If we treat the premises charitably, a bottleneck in constitutional law. The downstream metric lags whenever the upstream queue saturates; which implies the system is contention-limited.",Anumana,,nyaya_synthetic
Master augmentation (politics): synthetic vignette uid master-pad-23; intended label Pratyaksha at moderate strength for evaluation bookkeeping.,Pratyaksha,,nyaya_synthetic
"Under libertarianism, there is no mechanism of social welfare to ensure that citizens are fed, clothed, and housed.",Anumana,moderate,ibm_reviewed
species extinction is quite natural according to the theory of evolution,Shabda,strong,aaec_reviewed
"when a shop is attacked by thieves, the clips taken by these cameras serve as a source of evidence to help the thieves to be traced",Anumana,moderate,aaec_reviewed
"The dashboard in history of science looked stable at first glance. Yet latency spikes only during failover, which suggests a race in the controller path.",Anumana,,nyaya_synthetic
The workflow in politics acts like a pipeline valve: small friction upstream amplifies delays downstream.,Upamana,,nyaya_synthetic
The workflow in medicine acts like a pipeline valve: small friction upstream amplifies delays downstream.,Upamana,,nyaya_synthetic
"if the students choose the classes as optional, it would provide more benefits than drawbacks",Anumana,moderate,aaec_reviewed
"we must continue to support space exploration economically, we must always have vision to the future and see better things",Anumana,moderate,ibm_reviewed
"we should not abandon school uniform because, otherwise will be discrimination between poor and rich kids.",Anumana,moderate,ibm_reviewed
"Under ordinary conditions in this domain, a bottleneck in astrobiology. The downstream metric lags whenever the upstream queue saturates; therefore the system is contention-limited.",Anumana,,nyaya_synthetic
the adoption of zero tolerance has effective in keeping bullying in check and all sorts of academic misconduct.,Shabda,moderate,ibm_reviewed
Banning child actors would be denying many very talented young individuals from becoming something great from an early age.,Anumana,moderate,ibm_reviewed
large emissions of carbon monoxide gas from refrigerants like air conditioners have depleted ozone layer,Upamana,moderate,aaec_reviewed
Experts in public debate now recommend documenting provenance for every dataset used in training.,Shabda,,nyaya_synthetic
When someone becomes a nun or priest they should wholly devote themselves to God only.,Anumana,moderate,ibm_reviewed
"In social media discourse, debugging distributed traces is like following colored threads through a woven fabric.",Upamana,,nyaya_synthetic
"According to the published standard for history of science, reviewers must document assumptions and cite the controlling source. Experts in the field treat that requirement as a minimum bar for credibility.",Shabda,,nyaya_synthetic
foster care just passes children around like they are a burden instead of finding a home for them.,Anumana,moderate,ibm_reviewed
Social media platforms should be regulated by the government to prevent criminals from affecting people minds.,Shabda,strong,ibm_reviewed
Field notes from politics record visible condensation on the cold line within minutes of startup.,Pratyaksha,,nyaya_synthetic
we need to adopt an austerity regime so the government stops over spending on unnecessary things,Shabda,moderate,ibm_reviewed
"In public debate, a direct check showed the instrument reading drifting outside tolerance during the run.",Pratyaksha,,nyaya_synthetic
"In public debate, debugging distributed traces is like following colored threads through a woven fabric.",Upamana,,nyaya_synthetic
Researchers publishing in medicine reported a replication failure under stricter preprocessing.,Shabda,,nyaya_synthetic
"Across legal reasoning, the measured curve stayed flat until the threshold, then rose sharply in two trials.",Pratyaksha,,nyaya_synthetic
compulsory voting will cause more people feel like the government has too much power and the country will feel less free,Upamana,strong,ibm_reviewed
The workflow in public debate acts like a pipeline valve: small friction upstream amplifies delays downstream.,Upamana,,nyaya_synthetic
"Taken together, the observations suggest a bottleneck in journalism ethics. The downstream metric lags whenever the upstream queue saturates; hence the system is contention-limited.",Anumana,,nyaya_synthetic
"According to the education handbook, the device must complete a full calibration cycle before first use.",Shabda,,nyaya_synthetic
we should adopt an austerity regime because it helps the countries that import and export items,Anumana,moderate,ibm_reviewed
A recent bulletin in legal reasoning states that the prior guideline was superseded last quarter.,Shabda,,nyaya_synthetic
"In education, a direct check showed the instrument reading drifting outside tolerance during the run.",Pratyaksha,,nyaya_synthetic
the excellent knowledge will be of more importance,Anumana,weak,aaec_reviewed
A recent bulletin in social media discourse states that the prior guideline was superseded last quarter.,Shabda,,nyaya_synthetic
"We measured the artifact directly in history of science. Still, the manual states a different nominal range, so practitioners defer to the handbook when reporting.",Shabda,,nyaya_synthetic
Field notes from technology record visible condensation on the cold line within minutes of startup.,Pratyaksha,,nyaya_synthetic
foster care can help provide a young person a stable environment so they can grow & flourish in a normal home setting,Anumana,moderate,ibm_reviewed
"In legal reasoning, the feedback loop behaves like a thermostat hunting around a noisy setpoint.",Upamana,,nyaya_synthetic
Every technology has it’s good and bad effects but I prefer having the technologies with their disadvantages to living like 16 century without any of modern facilities of technology,Upamana,moderate,aaec_reviewed
the use of public defenders would lower the rate of incarceration and alleviate overcrowding in prisons.,Anumana,moderate,ibm_reviewed
"For newcomers in legal reasoning, a hash table is similar to a set of labeled drawers: fast lookup, occasional collisions.",Upamana,,nyaya_synthetic
child actors become adults far too quickly and should not be allowed to act until they are adults,Anumana,moderate,ibm_reviewed
journalism provides information and news so that we can know what is going on outside of our immediate area,Shabda,moderate,ibm_reviewed
"Given repeated failures only under load in news analysis, congestion is more likely than a random bug.",Anumana,,nyaya_synthetic
Field notes from politics record visible condensation on the cold line within minutes of startup.,Pratyaksha,,nyaya_synthetic
"According to the politics handbook, the device must complete a full calibration cycle before first use.",Shabda,,nyaya_synthetic
Master augmentation (medicine): synthetic vignette uid master-pad-17; intended label Upamana at moderate strength for evaluation bookkeeping.,Upamana,,nyaya_synthetic
Field notes from science record visible condensation on the cold line within minutes of startup.,Pratyaksha,,nyaya_synthetic
homeschooled kids get a good education and it is the parents right to school them how they see fit,Anumana,moderate,ibm_reviewed
"In news analysis, a direct check showed the instrument reading drifting outside tolerance during the run.",Pratyaksha,,nyaya_synthetic
we should prohibit flag burning because is esentail and fundamental in countris in war,Anumana,moderate,ibm_reviewed
we must help animals live safely and comfortably in their own environment,Anumana,moderate,aaec_reviewed
"Taken together, the observations suggest a bottleneck in supply chains. The downstream metric lags whenever the upstream queue saturates; which implies the system is contention-limited.",Anumana,,nyaya_synthetic
"If we treat the premises charitably, a bottleneck in astrobiology. The downstream metric lags whenever the upstream queue saturates; hence the system is contention-limited.",Anumana,,nyaya_synthetic
Capital punishment keeps prisons safer by keeping the prison population from being exposed to particularly awful criminals.,Anumana,moderate,ibm_reviewed
"school uniforms enforce conformity, which harms the creative instincts of young people",Anumana,moderate,ibm_reviewed
"too many innocent people are stopped, humiliated and inconvenienced, simply because of their race or ethnicity.",Anumana,moderate,ibm_reviewed
The workflow in philosophy acts like a pipeline valve: small friction upstream amplifies delays downstream.,Upamana,,nyaya_synthetic
Master augmentation (education): synthetic vignette uid master-pad-32; intended label Shabda at strong strength for evaluation bookkeeping.,Shabda,,nyaya_synthetic
Master augmentation (news analysis): synthetic vignette uid master-pad-39; intended label Shabda at strong strength for evaluation bookkeeping.,Shabda,,nyaya_synthetic
we should not adopt libertarianism because we need the government to help with things like roads and other infrastructure,Shabda,strong,ibm_reviewed
"If we treat the premises charitably, a bottleneck in history of science. The downstream metric lags whenever the upstream queue saturates; which makes it plausible that the system is contention-limited.",Anumana,,nyaya_synthetic
"In astrobiology, the instrument trace shows a repeatable pattern across three runs. The operator log notes the same anomaly at the same timestamp window.",Pratyaksha,,nyaya_synthetic
"On balance, the evidence indicates a bottleneck in urban planning. The downstream metric lags whenever the upstream queue saturates; therefore the system is contention-limited.",Anumana,,nyaya_synthetic
"During the social media discourse walkthrough, we could hear intermittent clicking from the enclosure with no load applied.",Pratyaksha,,nyaya_synthetic
"In social media discourse, the feedback loop behaves like a thermostat hunting around a noisy setpoint.",Upamana,,nyaya_synthetic
"journalism is necessary to a free, democratic society and so we must support it by subsidizing the news.",Shabda,moderate,ibm_reviewed
economic sanctions are designed to curb human rights violators and their collaborators,Anumana,moderate,ibm_reviewed
Master augmentation (social media discourse): synthetic vignette uid master-pad-25; intended label Upamana at strong strength for evaluation bookkeeping.,Upamana,,nyaya_synthetic
space exploration costs too much money that could be spent on better thing such as helping the poor in society.,Anumana,moderate,ibm_reviewed
"In supply chains, the instrument trace shows a repeatable pattern across three runs. The operator log notes the same anomaly at the same timestamp window.",Pratyaksha,,nyaya_synthetic
Flag burning is a constitutional right and cannot be banned without changing the constitution.,Shabda,moderate,ibm_reviewed
an austerity regime is bad: the government needs to keep its programs and the people need to keep their money.,Shabda,moderate,ibm_reviewed
"Explaining school policy to newcomers is similar to teaching navigation: you start from landmarks people already trust, then map unfamiliar terrain onto those anchors.",Upamana,,nyaya_synthetic
child actors miss out on socialization with kids their own age and fall behind in school,Anumana,moderate,ibm_reviewed
the right to keep and bear arms is what has kept us free for all these years. we cannot allow it to be abolished now.,Anumana,moderate,ibm_reviewed
A recent bulletin in public debate states that the prior guideline was superseded last quarter.,Shabda,,nyaya_synthetic
Field notes from legal reasoning record visible condensation on the cold line within minutes of startup.,Pratyaksha,,nyaya_synthetic
"From what we can verify on the record, a bottleneck in climate modeling. The downstream metric lags whenever the upstream queue saturates; which supports the view that the system is contention-limited.",Anumana,,nyaya_synthetic
it is very important to live life at a slower pace,Anumana,moderate,aaec_reviewed
private military companies are a risk to the general public as they are not regulated and therefore should be banned,Anumana,strong,ibm_reviewed
Master augmentation (news analysis): synthetic vignette uid master-pad-15; intended label Pratyaksha at moderate strength for evaluation bookkeeping.,Pratyaksha,,nyaya_synthetic
"Vaccination is an option, not everyone thinks they really are important and free will must be respected",Anumana,moderate,ibm_reviewed
the vow of celibacy does not have any bearing on whether a clergy member will be good at their job or not.,Anumana,moderate,ibm_reviewed
"For newcomers in philosophy, a hash table is similar to a set of labeled drawers: fast lookup, occasional collisions.",Upamana,,nyaya_synthetic
"The dashboard in cybersecurity operations looked stable at first glance. Yet latency spikes only during failover, which suggests a race in the controller path.",Anumana,,nyaya_synthetic
"In school policy, the instrument trace shows a repeatable pattern across three runs. The operator log notes the same anomaly at the same timestamp window.",Pratyaksha,,nyaya_synthetic
"According to the technology handbook, the device must complete a full calibration cycle before first use.",Shabda,,nyaya_synthetic
The option of homeschooling a child allows abusive parents to hide their actions from the world.,Anumana,moderate,ibm_reviewed
marriage is no longer necessary to obtain the benefits that have traditionally been associated with it,Anumana,moderate,ibm_reviewed
people should be free to follow their own faith and it should not be a government decision.,Shabda,moderate,ibm_reviewed
"Explaining clinical triage to newcomers is similar to teaching navigation: you start from landmarks people already trust, then map unfamiliar terrain onto those anchors.",Upamana,,nyaya_synthetic
A recent bulletin in philosophy states that the prior guideline was superseded last quarter.,Shabda,,nyaya_synthetic
"Explaining cybersecurity operations to newcomers is similar to teaching navigation: you start from landmarks people already trust, then map unfamiliar terrain onto those anchors.",Upamana,,nyaya_synthetic
Field notes from medicine record visible condensation on the cold line within minutes of startup.,Pratyaksha,,nyaya_synthetic
"Taken together, the observations suggest a bottleneck in astrobiology. The downstream metric lags whenever the upstream queue saturates; which makes it plausible that the system is contention-limited.",Anumana,,nyaya_synthetic
"After classes students and not only the students will get together in building of high school, participate in different competitions",Anumana,moderate,aaec_reviewed
"sex selection can be useful for a family to balance out their's; say a family has three boys, and wants a girl.",Anumana,moderate,ibm_reviewed
"According to the published standard for school policy, reviewers must document assumptions and cite the controlling source. Experts in the field treat that requirement as a minimum bar for credibility.",Shabda,,nyaya_synthetic
homeschooling can lead to a better learning outcome for many children who struggle in the traditional classroom.,Anumana,moderate,ibm_reviewed
Field notes from education record visible condensation on the cold line within minutes of startup.,Pratyaksha,,nyaya_synthetic
subsidizing student loans will just add to our massive debt which is the last thing america needs at the moment.,Anumana,moderate,ibm_reviewed
"Explaining cybersecurity operations to newcomers is similar to teaching navigation: you start from landmarks people already trust, then map unfamiliar terrain onto those anchors.",Upamana,,nyaya_synthetic
"flag burning qualifies as the right to protest, which is a right upheld by the constitution.",Shabda,moderate,ibm_reviewed
The workflow in science acts like a pipeline valve: small friction upstream amplifies delays downstream.,Upamana,,nyaya_synthetic
"Across social media discourse, the measured curve stayed flat until the threshold, then rose sharply in two trials.",Pratyaksha,,nyaya_synthetic
Discovery Channel has many instructive episodes,Anumana,weak,aaec_reviewed
assisted suicide is a compassionate way to help people choosing to end their life in a nonviolent way.,Anumana,moderate,ibm_reviewed
Master augmentation (public debate): synthetic vignette uid master-pad-31; intended label Upamana at moderate strength for evaluation bookkeeping.,Upamana,,nyaya_synthetic
Field notes from philosophy record visible condensation on the cold line within minutes of startup.,Pratyaksha,,nyaya_synthetic
Master augmentation (politics): synthetic vignette uid master-pad-30; intended label Anumana at weak strength for evaluation bookkeeping.,Anumana,,nyaya_synthetic
"entrapment is in essence encouraging a crime, and as such is surely indirectly a criminal offence in itself.",Anumana,moderate,ibm_reviewed
we should not ban algorithmic trading because a lot of the time it helps the poorer countries,Anumana,moderate,ibm_reviewed
"Explaining supply chains to newcomers is similar to teaching navigation: you start from landmarks people already trust, then map unfamiliar terrain onto those anchors.",Upamana,,nyaya_synthetic
"Unlike traditional classes, distance education courses don't take place in a classroom, where you are surrounded by your teachers and classmates",Upamana,moderate,aaec_reviewed
Field notes from medicine record visible condensation on the cold line within minutes of startup.,Pratyaksha,,nyaya_synthetic
Experts in public debate now recommend documenting provenance for every dataset used in training.,Shabda,,nyaya_synthetic
it is beneficial for companies to bring in fresh faces and ideas so that the company does not get stagnat,Anumana,moderate,ibm_reviewed
"by enacting an austerity regime, we can improve the long-term health of the economy by reducing the national debt.",Anumana,moderate,ibm_reviewed
"prisoners are being tortured and held without being given a fair trial, which is inhumane.",Anumana,moderate,ibm_reviewed
Experts in legal reasoning now recommend documenting provenance for every dataset used in training.,Shabda,,nyaya_synthetic
"In social media discourse, debugging distributed traces is like following colored threads through a woven fabric.",Upamana,,nyaya_synthetic
"During the public debate walkthrough, we could hear intermittent clicking from the enclosure with no load applied.",Pratyaksha,,nyaya_synthetic
"For newcomers in technology, a hash table is similar to a set of labeled drawers: fast lookup, occasional collisions.",Upamana,,nyaya_synthetic
"In politics, debugging distributed traces is like following colored threads through a woven fabric.",Upamana,,nyaya_synthetic
"Taken together, the observations suggest a bottleneck in astrobiology. The downstream metric lags whenever the upstream queue saturates; which implies the system is contention-limited.",Anumana,,nyaya_synthetic
"On balance, the evidence indicates a bottleneck in history of science. The downstream metric lags whenever the upstream queue saturates; which supports the view that the system is contention-limited.",Anumana,,nyaya_synthetic
Master augmentation (philosophy): synthetic vignette uid master-pad-5; intended label Pratyaksha at weak strength for evaluation bookkeeping.,Pratyaksha,,nyaya_synthetic
working alone allows me to avoid spending time and efforts on many things that are an integral part of teamwork,Anumana,moderate,aaec_reviewed
"if someone faced so complicated confusion in his study and his many endeavors on making out it were miscarried, this might be ended in disappointment",Anumana,moderate,aaec_reviewed
"Across legal reasoning, the measured curve stayed flat until the threshold, then rose sharply in two trials.",Pratyaksha,,nyaya_synthetic
i think the vow of celibacy should abandoned because the group of millenials and beyond is never going to follow it.,Anumana,strong,ibm_reviewed
"On balance, the evidence indicates a bottleneck in supply chains. The downstream metric lags whenever the upstream queue saturates; which supports the view that the system is contention-limited.",Anumana,,nyaya_synthetic
Journalism is critical to creating an informed populace. Subsidization will allow it to provide even more information.,Shabda,moderate,ibm_reviewed
"According to the news analysis handbook, the device must complete a full calibration cycle before first use.",Shabda,,nyaya_synthetic
"According to the published standard for urban planning, reviewers must document assumptions and cite the controlling source. Experts in the field treat that requirement as a minimum bar for credibility.",Shabda,,nyaya_synthetic
"If we treat the premises charitably, a bottleneck in urban planning. The downstream metric lags whenever the upstream queue saturates; which makes it plausible that the system is contention-limited.",Anumana,,nyaya_synthetic
A recent bulletin in medicine states that the prior guideline was superseded last quarter.,Shabda,,nyaya_synthetic
"Taken together, the observations suggest a bottleneck in astrobiology. The downstream metric lags whenever the upstream queue saturates; so the system is contention-limited.",Anumana,,nyaya_synthetic
this should be left up to the adults to decide since adults can make their own choices,Anumana,moderate,ibm_reviewed
"Under ordinary conditions in this domain, a bottleneck in urban planning. The downstream metric lags whenever the upstream queue saturates; which supports the view that the system is contention-limited.",Anumana,,nyaya_synthetic
"On balance, the evidence indicates a bottleneck in cybersecurity operations. The downstream metric lags whenever the upstream queue saturates; so the system is contention-limited.",Anumana,,nyaya_synthetic
The workflow in public debate acts like a pipeline valve: small friction upstream amplifies delays downstream.,Upamana,,nyaya_synthetic
the authorities should also respect the value of arts which are individually and socially advantageous,Anumana,moderate,aaec_reviewed
journalism provides information and news so that we can know what is going on outside of our immediate area,Shabda,moderate,ibm_reviewed
"For newcomers in technology, a hash table is similar to a set of labeled drawers: fast lookup, occasional collisions.",Upamana,,nyaya_synthetic
"In daily life, debugging distributed traces is like following colored threads through a woven fabric.",Upamana,,nyaya_synthetic
"In supply chains, the instrument trace shows a repeatable pattern across three runs. The operator log notes the same anomaly at the same timestamp window.",Pratyaksha,,nyaya_synthetic
"In supply chains, the instrument trace shows a repeatable pattern across three runs. The operator log notes the same anomaly at the same timestamp window.",Pratyaksha,,nyaya_synthetic
"with the many number of sexual abuse cases out there, the vow of celibacy has already been broken.",Anumana,moderate,ibm_reviewed
"cannabis has been proven to alleviate pain, hep with insomnia and decrease stress in a natural method.",Pratyaksha,strong,ibm_reviewed
"From what we can verify on the record, a bottleneck in econometrics. The downstream metric lags whenever the upstream queue saturates; so the system is contention-limited.",Anumana,,nyaya_synthetic
"the united states, at least, needs nuclear weapons for protection in order to deter other countries from attacking.",Anumana,moderate,ibm_reviewed
"For newcomers in legal reasoning, a hash table is similar to a set of labeled drawers: fast lookup, occasional collisions.",Upamana,,nyaya_synthetic
"According to the education handbook, the device must complete a full calibration cycle before first use.",Shabda,,nyaya_synthetic
"Explaining school policy to newcomers is similar to teaching navigation: you start from landmarks people already trust, then map unfamiliar terrain onto those anchors.",Upamana,,nyaya_synthetic
Experts in philosophy now recommend documenting provenance for every dataset used in training.,Shabda,,nyaya_synthetic
"During the politics walkthrough, we could hear intermittent clicking from the enclosure with no load applied.",Pratyaksha,,nyaya_synthetic
this is a worrying tread which has negative impact on children,Anumana,moderate,aaec_reviewed
"According to the social media discourse handbook, the device must complete a full calibration cycle before first use.",Shabda,,nyaya_synthetic
"When being in the department of art, I have not only learned how to do a project, but also known some famous artists during the term",Anumana,moderate,aaec_reviewed
"Across science, the measured curve stayed flat until the threshold, then rose sharply in two trials.",Pratyaksha,,nyaya_synthetic
Master augmentation (public debate): synthetic vignette uid master-pad-31; intended label Upamana at moderate strength for evaluation bookkeeping.,Upamana,,nyaya_synthetic
cosmetic surgery causes unnecessary risks to the patient for a purely narcissistic procedure.,Anumana,moderate,ibm_reviewed
Researchers publishing in medicine reported a replication failure under stricter preprocessing.,Shabda,,nyaya_synthetic
The USA is not a good country to live in because some people don't respect the immigrants,Anumana,moderate,ibm_reviewed
Experts in social media discourse now recommend documenting provenance for every dataset used in training.,Shabda,,nyaya_synthetic
we should not ban human cloning as we need to continue to work to the betterment of the health and welfare of the people.,Anumana,moderate,ibm_reviewed
"creative design talents can value their own dressing ideas, developing their own fashion styles as they like",Anumana,moderate,aaec_reviewed
Field notes from education record visible condensation on the cold line within minutes of startup.,Pratyaksha,,nyaya_synthetic
"If we treat the premises charitably, a bottleneck in supply chains. The downstream metric lags whenever the upstream queue saturates; therefore the system is contention-limited.",Anumana,,nyaya_synthetic
"If you spend your spare time at home or something like that, you can't enjoy beautiful nature",Upamana,moderate,aaec_reviewed
still in some states there are many robberies and other crimes that involve innocent people,Anumana,moderate,ibm_reviewed
"In science, a direct check showed the instrument reading drifting outside tolerance during the run.",Pratyaksha,,nyaya_synthetic
Competition should be always based on self-improvement rule,Anumana,weak,aaec_reviewed
"From what we can verify on the record, a bottleneck in astrobiology. The downstream metric lags whenever the upstream queue saturates; which makes it plausible that the system is contention-limited.",Anumana,,nyaya_synthetic
"we should ban the use of child actors because it strips them of childhood, let them be children and play and mess around",Anumana,strong,ibm_reviewed
Experts in daily life now recommend documenting provenance for every dataset used in training.,Shabda,,nyaya_synthetic
"According to the daily life handbook, the device must complete a full calibration cycle before first use.",Shabda,,nyaya_synthetic
child actors can make a good amount of money for their future doing something they enjoy,Anumana,moderate,ibm_reviewed
"Unlike traditional classes, distance education courses don't take place in a classroom, where you are surrounded by your teachers and classmates",Upamana,moderate,aaec_reviewed
"In education, debugging distributed traces is like following colored threads through a woven fabric.",Upamana,,nyaya_synthetic
Master augmentation (politics): synthetic vignette uid master-pad-10; intended label Upamana at strong strength for evaluation bookkeeping.,Upamana,,nyaya_synthetic
Master augmentation (news analysis): synthetic vignette uid master-pad-15; intended label Pratyaksha at moderate strength for evaluation bookkeeping.,Pratyaksha,,nyaya_synthetic
"We measured the artifact directly in supply chains. Still, the manual states a different nominal range, so practitioners defer to the handbook when reporting.",Shabda,,nyaya_synthetic
platforms should be controlled by the government as many conspiracy theories can be made,Shabda,moderate,ibm_reviewed
"During the education walkthrough, we could hear intermittent clicking from the enclosure with no load applied.",Pratyaksha,,nyaya_synthetic
compulsory voting would insure that every eligible voting citizen is able to aid in who they want for political offices.,Anumana,moderate,ibm_reviewed
"In philosophy, a direct check showed the instrument reading drifting outside tolerance during the run.",Pratyaksha,,nyaya_synthetic
The workflow in education acts like a pipeline valve: small friction upstream amplifies delays downstream.,Upamana,,nyaya_synthetic
legalizing prostitution would lead to an increase of child abductions for the sex trade.,Anumana,moderate,ibm_reviewed
The workflow in politics acts like a pipeline valve: small friction upstream amplifies delays downstream.,Upamana,,nyaya_synthetic
children could acquire the information regarding how to protect wild animals according to guided tour or volunteers,Shabda,strong,aaec_reviewed
Master augmentation (news analysis): synthetic vignette uid master-pad-15; intended label Pratyaksha at moderate strength for evaluation bookkeeping.,Pratyaksha,,nyaya_synthetic
"journalism is necessary to a free, democratic society and so we must support it by subsidizing the news.",Shabda,moderate,ibm_reviewed
"Taken together, the observations suggest a bottleneck in journalism ethics. The downstream metric lags whenever the upstream queue saturates; therefore the system is contention-limited.",Anumana,,nyaya_synthetic
Master augmentation (daily life): synthetic vignette uid master-pad-20; intended label Upamana at weak strength for evaluation bookkeeping.,Upamana,,nyaya_synthetic
Master augmentation (news analysis): synthetic vignette uid master-pad-15; intended label Pratyaksha at moderate strength for evaluation bookkeeping.,Pratyaksha,,nyaya_synthetic
Master augmentation (news analysis): synthetic vignette uid master-pad-39; intended label Shabda at strong strength for evaluation bookkeeping.,Shabda,,nyaya_synthetic
"According to the public debate handbook, the device must complete a full calibration cycle before first use.",Shabda,,nyaya_synthetic
cosmetic surgery is only for the wealthy and results in poor people feeling worse about themselves.,Anumana,moderate,ibm_reviewed
Master augmentation (science): synthetic vignette uid master-pad-6; intended label Upamana at strong strength for evaluation bookkeeping.,Upamana,,nyaya_synthetic
Researchers publishing in science reported a replication failure under stricter preprocessing.,Shabda,,nyaya_synthetic
availability of legalized marijuana would have a trickle-down impact and the drug would find its way to underage persons,Anumana,moderate,ibm_reviewed
"In philosophy, the leading indicator moved first; therefore the downstream effect is the plausible explanation.",Anumana,,nyaya_synthetic
The workflow in education acts like a pipeline valve: small friction upstream amplifies delays downstream.,Upamana,,nyaya_synthetic
Social media platforms ought to be regulated by the government to stop the crimes of blackmailing.,Shabda,moderate,ibm_reviewed
"cannabis has been proven to alleviate pain, hep with insomnia and decrease stress in a natural method.",Pratyaksha,strong,ibm_reviewed
"From what we can verify on the record, a bottleneck in climate modeling. The downstream metric lags whenever the upstream queue saturates; so the system is contention-limited.",Anumana,,nyaya_synthetic
Most of the foods they eat are fat foods like chips or pizzas,Upamana,moderate,aaec_reviewed
Master augmentation (philosophy): synthetic vignette uid master-pad-24; intended label Pratyaksha at weak strength for evaluation bookkeeping.,Pratyaksha,,nyaya_synthetic
journalism can make enough income to support itself as is seen by the countless successful media outlets,Shabda,moderate,ibm_reviewed
we should end affirmative action as there should not be a need for that if we are all equal.,Anumana,moderate,ibm_reviewed
sex selection should not be legalized as it isnt ethical its going against the natural course of life,Anumana,moderate,ibm_reviewed
Master augmentation (science): synthetic vignette uid master-pad-6; intended label Upamana at strong strength for evaluation bookkeeping.,Upamana,,nyaya_synthetic
"the horrific conditions and treatment are inhumane, and despite what someone has done they deserve a basic quality of life.",Anumana,moderate,ibm_reviewed
"flag burning qualifies as the right to protest, which is a right upheld by the constitution.",Shabda,moderate,ibm_reviewed
Field notes from daily life record visible condensation on the cold line within minutes of startup.,Pratyaksha,,nyaya_synthetic
"If we treat the premises charitably, a bottleneck in cybersecurity operations. The downstream metric lags whenever the upstream queue saturates; which supports the view that the system is contention-limited.",Anumana,,nyaya_synthetic
Field notes from public debate record visible condensation on the cold line within minutes of startup.,Pratyaksha,,nyaya_synthetic
Master augmentation (philosophy): synthetic vignette uid master-pad-4; intended label Upamana at moderate strength for evaluation bookkeeping.,Upamana,,nyaya_synthetic
Experts in public debate now recommend documenting provenance for every dataset used in training.,Shabda,,nyaya_synthetic
flag burning is unpatriotic and promotes discrimination against people from the country who's flag is being burned.,Anumana,moderate,ibm_reviewed
School uniforms do not limit self-expression. Students still have weekends and holidays to pick their own outfits.,Anumana,moderate,ibm_reviewed
"guantanamo bay is a secure location to imprison potential terrorists, who are a threat to us national security.",Anumana,moderate,ibm_reviewed
"Explaining school policy to newcomers is similar to teaching navigation: you start from landmarks people already trust, then map unfamiliar terrain onto those anchors.",Upamana,,nyaya_synthetic
"with divorce rates up so high, we should abandon marriage as an archaic and broken tradition.",Anumana,moderate,ibm_reviewed
journalism provides information and news so that we can know what is going on outside of our immediate area,Shabda,moderate,ibm_reviewed
by legalizing prostitution we can regulate medical checkups and thereby help to prevent the spread of disease.,Anumana,moderate,ibm_reviewed
"states needs laws and governing bodies, otherwise there could be anarchy. we should therefore not adopt libertarianism.",Anumana,moderate,ibm_reviewed
"According to the published standard for clinical triage, reviewers must document assumptions and cite the controlling source. Experts in the field treat that requirement as a minimum bar for credibility.",Shabda,,nyaya_synthetic
"Since the premise set is ambiguous in news analysis, interpreters will default to the narrower reading.",Anumana,,nyaya_synthetic
"If we treat the premises charitably, a bottleneck in constitutional law. The downstream metric lags whenever the upstream queue saturates; therefore the system is contention-limited.",Anumana,,nyaya_synthetic
"According to the politics handbook, the device must complete a full calibration cycle before first use.",Shabda,,nyaya_synthetic
"If we treat the premises charitably, a bottleneck in supply chains. The downstream metric lags whenever the upstream queue saturates; which makes it plausible that the system is contention-limited.",Anumana,,nyaya_synthetic
"During the daily life walkthrough, we could hear intermittent clicking from the enclosure with no load applied.",Pratyaksha,,nyaya_synthetic
college is getting more and more expensive each year so students should be getting as much help as they need,Anumana,moderate,ibm_reviewed
the right to bodily autonomy permits mothers to have abortions for sex selective purposes,Anumana,moderate,ibm_reviewed
"In social media discourse, debugging distributed traces is like following colored threads through a woven fabric.",Upamana,,nyaya_synthetic
wearing uniforms decreases discrimination against children who do not have enough money to buy a lot of clothing,Anumana,moderate,ibm_reviewed
"the vow of celibacy symbolizes a priest or nun's commitment to their calling, and is an important show of faith.",Anumana,moderate,ibm_reviewed
"From what we can verify on the record, a bottleneck in journalism ethics. The downstream metric lags whenever the upstream queue saturates; therefore the system is contention-limited.",Anumana,,nyaya_synthetic
"On balance, the evidence indicates a bottleneck in constitutional law. The downstream metric lags whenever the upstream queue saturates; which supports the view that the system is contention-limited.",Anumana,,nyaya_synthetic
zero tolerance will improve educational standards and behaviour leading to better learning outcomes.,Anumana,moderate,ibm_reviewed
Vaccinations are necessary to protect the health of the public as a whole and should be required by law.,Anumana,moderate,ibm_reviewed
"Taken together, the observations suggest a bottleneck in cybersecurity operations. The downstream metric lags whenever the upstream queue saturates; which supports the view that the system is contention-limited.",Anumana,,nyaya_synthetic
Experts in technology now recommend documenting provenance for every dataset used in training.,Shabda,,nyaya_synthetic
"According to the legal reasoning handbook, the device must complete a full calibration cycle before first use.",Shabda,,nyaya_synthetic
"In news analysis, a direct check showed the instrument reading drifting outside tolerance during the run.",Pratyaksha,,nyaya_synthetic
"Because the control arm improved while the treatment arm flatlined in legal reasoning, the intervention may lack efficacy.",Anumana,,nyaya_synthetic
pets should be treated like human beings,Upamana,weak,aaec_reviewed
"In public debate, a direct check showed the instrument reading drifting outside tolerance during the run.",Pratyaksha,,nyaya_synthetic
"there are Reality TV, television programs in which people are put into artificial environments and situations, for example like ""Big Brother""",Upamana,moderate,aaec_reviewed
"Across technology, the measured curve stayed flat until the threshold, then rose sharply in two trials.",Pratyaksha,,nyaya_synthetic
"some male chauvinists think that women are incapable in particular fields, like maths, mechanical engineering, defense etc",Upamana,moderate,aaec_reviewed
Master augmentation (legal reasoning): synthetic vignette uid master-pad-8; intended label Shabda at moderate strength for evaluation bookkeeping.,Shabda,,nyaya_synthetic
"In politics, the leading indicator moved first; therefore the downstream effect is the plausible explanation.",Anumana,,nyaya_synthetic
we should not legalize cannabis since it is a mood-altering drug that may lead younger people into trying more drugs.,Anumana,strong,ibm_reviewed
"Given repeated failures only under load in medicine, congestion is more likely than a random bug.",Anumana,,nyaya_synthetic
"During the philosophy walkthrough, we could hear intermittent clicking from the enclosure with no load applied.",Pratyaksha,,nyaya_synthetic
"From social perspective, massively forcing the early retirement would be one of financial burden to the local government",Anumana,moderate,aaec_reviewed
"people who watch exhibitions on TV or internet at home, save the time and money on the road, which is increasingly significant particularly to people in modern society",Anumana,moderate,aaec_reviewed
"Given repeated failures only under load in philosophy, congestion is more likely than a random bug.",Anumana,,nyaya_synthetic
There is ample evidence showing that capital punishment does not constitute effective deterrence.,Pratyaksha,strong,ibm_reviewed
Researchers publishing in daily life reported a replication failure under stricter preprocessing.,Shabda,,nyaya_synthetic
The workflow in legal reasoning acts like a pipeline valve: small friction upstream amplifies delays downstream.,Upamana,,nyaya_synthetic
"Even when we managed to keep up with the pace by neglecting the details of a project and only aim for a general frame of the project, this will not be something satisfy for the company and clients",Anumana,moderate,aaec_reviewed
"Under ordinary conditions in this domain, a bottleneck in software reliability. The downstream metric lags whenever the upstream queue saturates; so the system is contention-limited.",Anumana,,nyaya_synthetic
even some disabled people with serious vertebral injuries can start doing physical activities like walking again thanks to the continuingly efforts of biomechanical engineers and neurologists,Upamana,moderate,aaec_reviewed
pets should be treated like human beings,Upamana,weak,aaec_reviewed
"Excellent, living in the United States is the goal of many people in the world. Top N ° 1",Anumana,moderate,ibm_reviewed
Field notes from news analysis record visible condensation on the cold line within minutes of startup.,Pratyaksha,,nyaya_synthetic
"many people driving private cars could cause air pollution, and overusing plastic packages would affect the environment",Anumana,moderate,aaec_reviewed
"In legal reasoning, a direct check showed the instrument reading drifting outside tolerance during the run.",Pratyaksha,,nyaya_synthetic
"Under ordinary conditions in this domain, a bottleneck in journalism ethics. The downstream metric lags whenever the upstream queue saturates; which supports the view that the system is contention-limited.",Anumana,,nyaya_synthetic
"If we treat the premises charitably, a bottleneck in journalism ethics. The downstream metric lags whenever the upstream queue saturates; which supports the view that the system is contention-limited.",Anumana,,nyaya_synthetic
"In science, the leading indicator moved first; therefore the downstream effect is the plausible explanation.",Anumana,,nyaya_synthetic
"no matter how widely they are spoken, every language should be protected from being disappeared",Anumana,moderate,aaec_reviewed
There is a national shortage of tradesmen and subsidizing vocational education would help reduce that shortage.,Anumana,moderate,ibm_reviewed
schools and adults should put a sense of cooperation in children to make them becoming a useful adult whether in society or community,Anumana,moderate,aaec_reviewed
"space exploration can provide valuable scientific information, and should be subsidized to ensure its continuation",Anumana,moderate,ibm_reviewed
this type of surgery has risks associated with it just like other ones except this one is not needed,Upamana,moderate,ibm_reviewed
"there are other pressing demands on the government expenditure, such as health care service and education",Anumana,moderate,aaec_reviewed
most people will be trying to understand each other after they have conflict or debates,Anumana,moderate,aaec_reviewed
an austerity regime is bad: the government needs to keep its programs and the people need to keep their money.,Shabda,moderate,ibm_reviewed
"We measured the artifact directly in econometrics. Still, the manual states a different nominal range, so practitioners defer to the handbook when reporting.",Shabda,,nyaya_synthetic
"In science, debugging distributed traces is like following colored threads through a woven fabric.",Upamana,,nyaya_synthetic
A recent bulletin in philosophy states that the prior guideline was superseded last quarter.,Shabda,,nyaya_synthetic
we should ban human cloning because such an act creates a lot of moral and ethical issues.,Anumana,moderate,ibm_reviewed
"In astrobiology, the instrument trace shows a repeatable pattern across three runs. The operator log notes the same anomaly at the same timestamp window.",Pratyaksha,,nyaya_synthetic
Researchers publishing in politics reported a replication failure under stricter preprocessing.,Shabda,,nyaya_synthetic
large emissions of carbon monoxide gas from refrigerants like air conditioners have depleted ozone layer,Upamana,moderate,aaec_reviewed
"In history of science, the instrument trace shows a repeatable pattern across three runs. The operator log notes the same anomaly at the same timestamp window.",Pratyaksha,,nyaya_synthetic
"Across science, the measured curve stayed flat until the threshold, then rose sharply in two trials.",Pratyaksha,,nyaya_synthetic
"burning a flag is a form of free speech, therefore it forms a constitutional right and should not be banned.",Shabda,strong,ibm_reviewed
"From what we can verify on the record, a bottleneck in clinical triage. The downstream metric lags whenever the upstream queue saturates; therefore the system is contention-limited.",Anumana,,nyaya_synthetic
"Yes, it is necessary to avoid junk content that causes so much damage to children's minds",Anumana,moderate,ibm_reviewed
Master augmentation (social media discourse): synthetic vignette uid master-pad-25; intended label Upamana at strong strength for evaluation bookkeeping.,Upamana,,nyaya_synthetic
"According to the social media discourse handbook, the device must complete a full calibration cycle before first use.",Shabda,,nyaya_synthetic
"journalism is a dying profession that is increasingly corrupt, so why use tax money towards it?",Shabda,moderate,ibm_reviewed
The workflow in technology acts like a pipeline valve: small friction upstream amplifies delays downstream.,Upamana,,nyaya_synthetic
"Explaining astrobiology to newcomers is similar to teaching navigation: you start from landmarks people already trust, then map unfamiliar terrain onto those anchors.",Upamana,,nyaya_synthetic
"there are enough rules and policies in place to protect child actors, making it a safe profession",Anumana,moderate,ibm_reviewed
"In clinical triage, the instrument trace shows a repeatable pattern across three runs. The operator log notes the same anomaly at the same timestamp window.",Pratyaksha,,nyaya_synthetic
"For newcomers in technology, a hash table is similar to a set of labeled drawers: fast lookup, occasional collisions.",Upamana,,nyaya_synthetic
Master augmentation (medicine): synthetic vignette uid master-pad-19; intended label Pratyaksha at weak strength for evaluation bookkeeping.,Pratyaksha,,nyaya_synthetic
"During the public debate walkthrough, we could hear intermittent clicking from the enclosure with no load applied.",Pratyaksha,,nyaya_synthetic
women should be prohibited in combat because i think they are better suited at home and in the community.,Anumana,moderate,ibm_reviewed
Field notes from public debate record visible condensation on the cold line within minutes of startup.,Pratyaksha,,nyaya_synthetic
"Under ordinary conditions in this domain, a bottleneck in econometrics. The downstream metric lags whenever the upstream queue saturates; hence the system is contention-limited.",Anumana,,nyaya_synthetic
"There are many advantages setting up the university such as more opportunities to people in the community to pursue their studies, creation of jobs",Anumana,moderate,aaec_reviewed
"In school policy, the instrument trace shows a repeatable pattern across three runs. The operator log notes the same anomaly at the same timestamp window.",Pratyaksha,,nyaya_synthetic
"Under ordinary conditions in this domain, a bottleneck in climate modeling. The downstream metric lags whenever the upstream queue saturates; so the system is contention-limited.",Anumana,,nyaya_synthetic
Master augmentation (social media discourse): synthetic vignette uid master-pad-14; intended label Shabda at weak strength for evaluation bookkeeping.,Shabda,,nyaya_synthetic
"Across technology, the measured curve stayed flat until the threshold, then rose sharply in two trials.",Pratyaksha,,nyaya_synthetic
better journalism is needed to keep our governments in check and the general population in the know,Shabda,moderate,ibm_reviewed
"These days, not only many businesses, but also governments have to rely on advertising",Anumana,moderate,aaec_reviewed
"In medicine, debugging distributed traces is like following colored threads through a woven fabric.",Upamana,,nyaya_synthetic
Field notes from legal reasoning record visible condensation on the cold line within minutes of startup.,Pratyaksha,,nyaya_synthetic
Woman in combat can equally do just as much as their male counterparts in combat duty.,Upamana,moderate,ibm_reviewed
atheism can lead to amoral behavior as there is no code of ethics or religious guidance to live by,Anumana,moderate,ibm_reviewed
"As we destroy the natural habitat, like forests, jungles and lakes, to make place for our industry and farmland, we rob the ecosystem",Upamana,moderate,aaec_reviewed
"Across news analysis, the measured curve stayed flat until the threshold, then rose sharply in two trials.",Pratyaksha,,nyaya_synthetic
"From what we can verify on the record, a bottleneck in cybersecurity operations. The downstream metric lags whenever the upstream queue saturates; so the system is contention-limited.",Anumana,,nyaya_synthetic
"Explaining supply chains to newcomers is similar to teaching navigation: you start from landmarks people already trust, then map unfamiliar terrain onto those anchors.",Upamana,,nyaya_synthetic
"On balance, the evidence indicates a bottleneck in software reliability. The downstream metric lags whenever the upstream queue saturates; which implies the system is contention-limited.",Anumana,,nyaya_synthetic
"Across daily life, the measured curve stayed flat until the threshold, then rose sharply in two trials.",Pratyaksha,,nyaya_synthetic
an austerity regime is bad: the government needs to keep its programs and the people need to keep their money.,Shabda,moderate,ibm_reviewed
"On balance, the evidence indicates a bottleneck in clinical triage. The downstream metric lags whenever the upstream queue saturates; which implies the system is contention-limited.",Anumana,,nyaya_synthetic
Field notes from medicine record visible condensation on the cold line within minutes of startup.,Pratyaksha,,nyaya_synthetic
Researchers publishing in education reported a replication failure under stricter preprocessing.,Shabda,,nyaya_synthetic
its better that people learn foreign language in their own country,Anumana,moderate,aaec_reviewed
"On balance, the evidence indicates a bottleneck in school policy. The downstream metric lags whenever the upstream queue saturates; therefore the system is contention-limited.",Anumana,,nyaya_synthetic
"On balance, the evidence indicates a bottleneck in econometrics. The downstream metric lags whenever the upstream queue saturates; which implies the system is contention-limited.",Anumana,,nyaya_synthetic
compulsory voting will cause more people feel like the government has too much power and the country will feel less free,Upamana,strong,ibm_reviewed
"Across education, the measured curve stayed flat until the threshold, then rose sharply in two trials.",Pratyaksha,,nyaya_synthetic
space exploration is very costly and the money could be spent elsewhere for something more beneficial for the society,Anumana,moderate,ibm_reviewed
"Across medicine, the measured curve stayed flat until the threshold, then rose sharply in two trials.",Pratyaksha,,nyaya_synthetic
"We measured the artifact directly in constitutional law. Still, the manual states a different nominal range, so practitioners defer to the handbook when reporting.",Shabda,,nyaya_synthetic
"It is not uncommon that the teenages are found sleepless for several days playing on-line games at public internet bar, and there are also some media reports regarding the sudden death case of the teenages in the internet bar",Shabda,strong,aaec_reviewed
Master augmentation (philosophy): synthetic vignette uid master-pad-4; intended label Upamana at moderate strength for evaluation bookkeeping.,Upamana,,nyaya_synthetic
large emissions of carbon monoxide gas from refrigerants like air conditioners have depleted ozone layer,Upamana,moderate,aaec_reviewed
"when people have jobs, they will have money to spend on goods and services",Anumana,moderate,aaec_reviewed
Field notes from daily life record visible condensation on the cold line within minutes of startup.,Pratyaksha,,nyaya_synthetic
Master augmentation (social media discourse): synthetic vignette uid master-pad-9; intended label Shabda at strong strength for evaluation bookkeeping.,Shabda,,nyaya_synthetic
"We measured the artifact directly in clinical triage. Still, the manual states a different nominal range, so practitioners defer to the handbook when reporting.",Shabda,,nyaya_synthetic
"space exploration is an expenditure so esoteric, it does not justify its hefty cost to the public.",Anumana,moderate,ibm_reviewed
"In education, debugging distributed traces is like following colored threads through a woven fabric.",Upamana,,nyaya_synthetic
"According to the technology handbook, the device must complete a full calibration cycle before first use.",Shabda,,nyaya_synthetic
Experts in technology now recommend documenting provenance for every dataset used in training.,Shabda,,nyaya_synthetic
"For newcomers in social media discourse, a hash table is similar to a set of labeled drawers: fast lookup, occasional collisions.",Upamana,,nyaya_synthetic
"In politics, the feedback loop behaves like a thermostat hunting around a noisy setpoint.",Upamana,,nyaya_synthetic
"On balance, the evidence indicates a bottleneck in climate modeling. The downstream metric lags whenever the upstream queue saturates; so the system is contention-limited.",Anumana,,nyaya_synthetic
sex selection interferes with the natural balance of nature and justifies sexist choices. it should not be allowed.,Anumana,moderate,ibm_reviewed
"students only need to study academic subjects like mathematics, physics",Upamana,moderate,aaec_reviewed
"Across legal reasoning, the measured curve stayed flat until the threshold, then rose sharply in two trials.",Pratyaksha,,nyaya_synthetic
jobs can divert students from their studies,Anumana,weak,aaec_reviewed
Social media platform should not be regulated out of respect for freedom of expression,Anumana,moderate,ibm_reviewed
"Taken together, the observations suggest a bottleneck in astrobiology. The downstream metric lags whenever the upstream queue saturates; therefore the system is contention-limited.",Anumana,,nyaya_synthetic
Master augmentation (philosophy): synthetic vignette uid master-pad-5; intended label Pratyaksha at weak strength for evaluation bookkeeping.,Pratyaksha,,nyaya_synthetic
"We measured the artifact directly in history of science. Still, the manual states a different nominal range, so practitioners defer to the handbook when reporting.",Shabda,,nyaya_synthetic
"According to the public debate handbook, the device must complete a full calibration cycle before first use.",Shabda,,nyaya_synthetic
"cannabis is know to lead to progressive drug use, leading to addictions to other substances.",Anumana,moderate,ibm_reviewed
we should not subsidize student loans because it was a personal decision and responsibility to accept the loan,Anumana,moderate,ibm_reviewed
Researchers publishing in news analysis reported a replication failure under stricter preprocessing.,Shabda,,nyaya_synthetic
"During the philosophy walkthrough, we could hear intermittent clicking from the enclosure with no load applied.",Pratyaksha,,nyaya_synthetic
"From what we can verify on the record, a bottleneck in clinical triage. The downstream metric lags whenever the upstream queue saturates; hence the system is contention-limited.",Anumana,,nyaya_synthetic
"My country need to focus more on the agriculture by establishing centers for research in this field, which will have some very positive consequences on agriculture people work, on the economy and on the employment",Anumana,moderate,aaec_reviewed
economic sanctions are immoral and hurt the people they are supposed to be protecting.,Anumana,moderate,ibm_reviewed
algorithmic trading makes trading easier and faster and keeps the system flowing smoothly.,Anumana,moderate,ibm_reviewed
private military companies are operated for profit rather than for the defence of nations.,Anumana,moderate,ibm_reviewed
School uniforms teach children that professional spaces require specific professional dress.,Anumana,moderate,ibm_reviewed
people who know a wide range of is better than people who know just one,Anumana,moderate,aaec_reviewed
"cosmetic surgery is a decision that a doctor and a patient makes, and we should not infringe on their choice.",Anumana,moderate,ibm_reviewed
we should end racial profiling because all people are created equal no matter the color of their skin,Anumana,moderate,ibm_reviewed
"We measured the artifact directly in constitutional law. Still, the manual states a different nominal range, so practitioners defer to the handbook when reporting.",Shabda,,nyaya_synthetic
"In school policy, the instrument trace shows a repeatable pattern across three runs. The operator log notes the same anomaly at the same timestamp window.",Pratyaksha,,nyaya_synthetic
platforms should be controlled by the government as many conspiracy theories can be made,Shabda,moderate,ibm_reviewed
Even the appearance of control through subsidies destroys the credibility of newspapers.,Anumana,moderate,ibm_reviewed
wealthy people and companies may need additional military protection and should be able to use it.,Anumana,moderate,ibm_reviewed
"During the public debate walkthrough, we could hear intermittent clicking from the enclosure with no load applied.",Pratyaksha,,nyaya_synthetic
we should abolish the right to keep and bear arms because it creates a dangerous environment for children,Anumana,moderate,ibm_reviewed
"time is the more valuable thing, which I have in my life",Anumana,moderate,aaec_reviewed
we should do because then it will be more fair when the results come in because everyone has had their say.,Anumana,strong,ibm_reviewed
"Across philosophy, the measured curve stayed flat until the threshold, then rose sharply in two trials.",Pratyaksha,,nyaya_synthetic
"Because the control arm improved while the treatment arm flatlined in philosophy, the intervention may lack efficacy.",Anumana,,nyaya_synthetic
it has many good uses & could be a good tax revenue generator for the states & federal government,Shabda,moderate,ibm_reviewed
economic sanctions hurt a country's ability to grow economically and thereby become democracies.,Anumana,moderate,ibm_reviewed
at no time will the unique role of human teachers be replaced,Anumana,moderate,aaec_reviewed
"On balance, the evidence indicates a bottleneck in cybersecurity operations. The downstream metric lags whenever the upstream queue saturates; therefore the system is contention-limited.",Anumana,,nyaya_synthetic
"If we treat the premises charitably, a bottleneck in urban planning. The downstream metric lags whenever the upstream queue saturates; hence the system is contention-limited.",Anumana,,nyaya_synthetic
we are at a point of no return in terms of increasing debt. there is now clearly now way out of it but to cut back.,Anumana,strong,ibm_reviewed
I don't like electronics,Anumana,weak,aaec_reviewed
the adoption of zero tolerance has effective in keeping bullying in check and all sorts of academic misconduct.,Shabda,moderate,ibm_reviewed
Master augmentation (science): synthetic vignette uid master-pad-6; intended label Upamana at strong strength for evaluation bookkeeping.,Upamana,,nyaya_synthetic
"From what we can verify on the record, a bottleneck in clinical triage. The downstream metric lags whenever the upstream queue saturates; which implies the system is contention-limited.",Anumana,,nyaya_synthetic
if we legalize and regulate prostitution then it will be safer for everyone and also generate revenue for the state.,Anumana,moderate,ibm_reviewed
"As we destroy the natural habitat, like forests, jungles and lakes, to make place for our industry and farmland, we rob the ecosystem",Upamana,moderate,aaec_reviewed
Every day comes with new challenges for them like walking,Upamana,moderate,aaec_reviewed
everybody would like to know what is going on around the world in their everyday lives,Anumana,moderate,aaec_reviewed
choosing the job that is similar to parents' jobs could benefit to one's career,Upamana,moderate,aaec_reviewed
A recent bulletin in technology states that the prior guideline was superseded last quarter.,Shabda,,nyaya_synthetic
"Under ordinary conditions in this domain, a bottleneck in econometrics. The downstream metric lags whenever the upstream queue saturates; therefore the system is contention-limited.",Anumana,,nyaya_synthetic
compulsory voting does not promote democratic engagement instead in turns voting in to a tick box excercise,Anumana,moderate,ibm_reviewed
parents should be more worried about their children's attitudes to the 'cult of celebrity',Anumana,moderate,aaec_reviewed
"If we treat the premises charitably, a bottleneck in supply chains. The downstream metric lags whenever the upstream queue saturates; hence the system is contention-limited.",Anumana,,nyaya_synthetic
"In history of science, the instrument trace shows a repeatable pattern across three runs. The operator log notes the same anomaly at the same timestamp window.",Pratyaksha,,nyaya_synthetic
it is a constitutional right to bear arms and everyone should be able to defend themselves if the need occurs.,Shabda,moderate,ibm_reviewed
Master augmentation (education): synthetic vignette uid master-pad-40; intended label Pratyaksha at moderate strength for evaluation bookkeeping.,Pratyaksha,,nyaya_synthetic
If you think of something first you don't want another person stealing that idea and profiting out of it.,Anumana,moderate,ibm_reviewed
"In medicine, the feedback loop behaves like a thermostat hunting around a noisy setpoint.",Upamana,,nyaya_synthetic
private military companies help bring down the cost of military action by our government.,Shabda,moderate,ibm_reviewed
USA as a world power is still the American dream but this brings many people in need to emigrate.,Anumana,moderate,ibm_reviewed
"In politics, a direct check showed the instrument reading drifting outside tolerance during the run.",Pratyaksha,,nyaya_synthetic
"Explaining clinical triage to newcomers is similar to teaching navigation: you start from landmarks people already trust, then map unfamiliar terrain onto those anchors.",Upamana,,nyaya_synthetic
Master augmentation (science): synthetic vignette uid master-pad-6; intended label Upamana at strong strength for evaluation bookkeeping.,Upamana,,nyaya_synthetic
"In public debate, a direct check showed the instrument reading drifting outside tolerance during the run.",Pratyaksha,,nyaya_synthetic
cloning humans could devalue human life as a perfected clone could be preferable to a naturally made human.,Anumana,moderate,ibm_reviewed
"According to the published standard for software reliability, reviewers must document assumptions and cite the controlling source. Experts in the field treat that requirement as a minimum bar for credibility.",Shabda,,nyaya_synthetic
tourism can have a negative impact on the natural environment,Anumana,moderate,aaec_reviewed
"this could be highly beneficial in regards to foreign policy, as it would save money and lives.",Anumana,moderate,ibm_reviewed
I do really prefer to improve my ability of relating people and make more friends rather than studying hard in school,Anumana,moderate,aaec_reviewed
ordinary citizens should not have to be deprived because of the actions of politicians,Anumana,moderate,ibm_reviewed
Master augmentation (politics): synthetic vignette uid master-pad-10; intended label Upamana at strong strength for evaluation bookkeeping.,Upamana,,nyaya_synthetic
"there are Reality TV, television programs in which people are put into artificial environments and situations, for example like ""Big Brother""",Upamana,moderate,aaec_reviewed
Social media platforms should not be regulated by the government because crimes can't be committed on the internet,Shabda,strong,ibm_reviewed
Master augmentation (public debate): synthetic vignette uid master-pad-41; intended label Anumana at moderate strength for evaluation bookkeeping.,Anumana,,nyaya_synthetic
"As living in a competent world, we are like playing a survival game",Upamana,moderate,aaec_reviewed
"For newcomers in philosophy, a hash table is similar to a set of labeled drawers: fast lookup, occasional collisions.",Upamana,,nyaya_synthetic
"if someone was found not guilty, they wouldn't be able to bring him back to life after being killed under false accusations",Anumana,moderate,ibm_reviewed
"We measured the artifact directly in software reliability. Still, the manual states a different nominal range, so practitioners defer to the handbook when reporting.",Shabda,,nyaya_synthetic
"In history of science, the instrument trace shows a repeatable pattern across three runs. The operator log notes the same anomaly at the same timestamp window.",Pratyaksha,,nyaya_synthetic
The workflow in technology acts like a pipeline valve: small friction upstream amplifies delays downstream.,Upamana,,nyaya_synthetic
"During the public debate walkthrough, we could hear intermittent clicking from the enclosure with no load applied.",Pratyaksha,,nyaya_synthetic
"In daily life, the feedback loop behaves like a thermostat hunting around a noisy setpoint.",Upamana,,nyaya_synthetic
"If we treat the premises charitably, a bottleneck in history of science. The downstream metric lags whenever the upstream queue saturates; so the system is contention-limited.",Anumana,,nyaya_synthetic
"In technology, a direct check showed the instrument reading drifting outside tolerance during the run.",Pratyaksha,,nyaya_synthetic
it is a constitutional right to bear arms and everyone should be able to defend themselves if the need occurs.,Shabda,moderate,ibm_reviewed
"In technology, the leading indicator moved first; therefore the downstream effect is the plausible explanation.",Anumana,,nyaya_synthetic
"From what we can verify on the record, a bottleneck in history of science. The downstream metric lags whenever the upstream queue saturates; so the system is contention-limited.",Anumana,,nyaya_synthetic
Researchers publishing in medicine reported a replication failure under stricter preprocessing.,Shabda,,nyaya_synthetic
The workflow in news analysis acts like a pipeline valve: small friction upstream amplifies delays downstream.,Upamana,,nyaya_synthetic
both male and female students are equally competitive to each other and deserve to produce impressive results in various field of education,Anumana,moderate,aaec_reviewed
"In social media discourse, the feedback loop behaves like a thermostat hunting around a noisy setpoint.",Upamana,,nyaya_synthetic
economic sanctions raise the prices of goods for many consumers and many can't afford the higher priced goods.,Anumana,moderate,ibm_reviewed
subsidizing vocational education will improve economy growth and will make people more successful.,Anumana,moderate,ibm_reviewed
Field notes from public debate record visible condensation on the cold line within minutes of startup.,Pratyaksha,,nyaya_synthetic
"Under ordinary conditions in this domain, a bottleneck in climate modeling. The downstream metric lags whenever the upstream queue saturates; hence the system is contention-limited.",Anumana,,nyaya_synthetic
choosing the job that is similar to parents' jobs could benefit to one's career,Upamana,moderate,aaec_reviewed
Child vaccinations should be mandatory to prevent children becoming seriously ill from diseases and spreading infections,Anumana,moderate,ibm_reviewed
"On balance, the evidence indicates a bottleneck in clinical triage. The downstream metric lags whenever the upstream queue saturates; hence the system is contention-limited.",Anumana,,nyaya_synthetic
"We definitely do not want our children to spend money on luxurious custom or lifestyle just to be similar to someone, especially when these people are not symbols of any talent but showing off",Upamana,moderate,aaec_reviewed
this type of surgery has risks associated with it just like other ones except this one is not needed,Upamana,moderate,ibm_reviewed
Master augmentation (politics): synthetic vignette uid master-pad-10; intended label Upamana at strong strength for evaluation bookkeeping.,Upamana,,nyaya_synthetic
A recent bulletin in medicine states that the prior guideline was superseded last quarter.,Shabda,,nyaya_synthetic
"living in big cities means more exposure to stimulation, like all kinds of information",Upamana,moderate,aaec_reviewed
Field notes from science record visible condensation on the cold line within minutes of startup.,Pratyaksha,,nyaya_synthetic
"Women are by nature nurturers and protectors of life, as such they have no place in combat.",Anumana,moderate,ibm_reviewed
cosmetic surgery leads to some people becoming disfigured when they are operated on by unskilled surgeons.,Anumana,moderate,ibm_reviewed
"If we treat the premises charitably, a bottleneck in clinical triage. The downstream metric lags whenever the upstream queue saturates; which supports the view that the system is contention-limited.",Anumana,,nyaya_synthetic
this takes away freedom of choice in terms of hiring a lawyer that suits your own needs.,Anumana,moderate,ibm_reviewed
guantanamo bay is simply a place for the united states to torture prisoners without having to answer to the law.,Anumana,moderate,ibm_reviewed
"Under ordinary conditions in this domain, a bottleneck in constitutional law. The downstream metric lags whenever the upstream queue saturates; therefore the system is contention-limited.",Anumana,,nyaya_synthetic
Field notes from science record visible condensation on the cold line within minutes of startup.,Pratyaksha,,nyaya_synthetic
"sex selection is a choice that should be between the parents, not something the government to be involved in.",Shabda,moderate,ibm_reviewed
they are aware of how to lead people to reach success despite what kind of difficulties are getting in their way,Anumana,moderate,aaec_reviewed
"Taken together, the observations suggest a bottleneck in constitutional law. The downstream metric lags whenever the upstream queue saturates; therefore the system is contention-limited.",Anumana,,nyaya_synthetic
assisted suicide should not be a criminal offence because a person should be able to decide how and when they want to die.,Anumana,strong,ibm_reviewed
when everything else fails the government should be allowed to curb all superfluous spending within.,Shabda,moderate,ibm_reviewed
cosmetic surgery should be banned because it is really not a necessary type of surgery.,Anumana,moderate,ibm_reviewed
we should not adopt libertarianism because we need the government to help with things like roads and other infrastructure,Shabda,strong,ibm_reviewed
"I'm afraid there are some worries, because of the racism there, and that strangers might not get the same good treatment",Anumana,strong,ibm_reviewed
"From what we can verify on the record, a bottleneck in climate modeling. The downstream metric lags whenever the upstream queue saturates; therefore the system is contention-limited.",Anumana,,nyaya_synthetic
"In software reliability, the instrument trace shows a repeatable pattern across three runs. The operator log notes the same anomaly at the same timestamp window.",Pratyaksha,,nyaya_synthetic
"algorithmic trading is inherently unfair, only those with the resources to use it can benefit.",Anumana,moderate,ibm_reviewed
"For newcomers in legal reasoning, a hash table is similar to a set of labeled drawers: fast lookup, occasional collisions.",Upamana,,nyaya_synthetic
"Under ordinary conditions in this domain, a bottleneck in cybersecurity operations. The downstream metric lags whenever the upstream queue saturates; therefore the system is contention-limited.",Anumana,,nyaya_synthetic
"Across politics, the measured curve stayed flat until the threshold, then rose sharply in two trials.",Pratyaksha,,nyaya_synthetic
Master augmentation (philosophy): synthetic vignette uid master-pad-16; intended label Upamana at strong strength for evaluation bookkeeping.,Upamana,,nyaya_synthetic
"In legal reasoning, the feedback loop behaves like a thermostat hunting around a noisy setpoint.",Upamana,,nyaya_synthetic
if arms are used for personal protection only they can save somebody's life in case of personal attack,Anumana,moderate,ibm_reviewed
"Fail to create this familiarity makes them felt isolated, in the extreme can lead to social disorder like autism",Upamana,moderate,aaec_reviewed
"If we treat the premises charitably, a bottleneck in software reliability. The downstream metric lags whenever the upstream queue saturates; which implies the system is contention-limited.",Anumana,,nyaya_synthetic
"Under ordinary conditions in this domain, a bottleneck in history of science. The downstream metric lags whenever the upstream queue saturates; which implies the system is contention-limited.",Anumana,,nyaya_synthetic
children could acquire the information regarding how to protect wild animals according to guided tour or volunteers,Shabda,strong,aaec_reviewed
"in era technology like this age, computer becomes important thing in human life",Upamana,moderate,aaec_reviewed
"high-quality journalism requires time, expertise, and research. all of this requires money.",Shabda,moderate,ibm_reviewed
"Taken together, the observations suggest a bottleneck in school policy. The downstream metric lags whenever the upstream queue saturates; which supports the view that the system is contention-limited.",Anumana,,nyaya_synthetic
"When they are around the active smokers, they will inhale hazardous smoke",Anumana,moderate,aaec_reviewed
"Taken together, the observations suggest a bottleneck in school policy. The downstream metric lags whenever the upstream queue saturates; hence the system is contention-limited.",Anumana,,nyaya_synthetic
"If we treat the premises charitably, a bottleneck in constitutional law. The downstream metric lags whenever the upstream queue saturates; which makes it plausible that the system is contention-limited.",Anumana,,nyaya_synthetic
large emissions of carbon monoxide gas from refrigerants like air conditioners have depleted ozone layer,Upamana,moderate,aaec_reviewed
pets should be treated like human beings,Upamana,weak,aaec_reviewed
"some male chauvinists think that women are incapable in particular fields, like maths, mechanical engineering, defense etc",Upamana,moderate,aaec_reviewed
"During the news analysis walkthrough, we could hear intermittent clicking from the enclosure with no load applied.",Pratyaksha,,nyaya_synthetic
"Given repeated failures only under load in public debate, congestion is more likely than a random bug.",Anumana,,nyaya_synthetic
"During the technology walkthrough, we could hear intermittent clicking from the enclosure with no load applied.",Pratyaksha,,nyaya_synthetic
"children are losing their respect for authority at an alarming rate, this is the only way we can halt that decline",Shabda,moderate,ibm_reviewed
"We measured the artifact directly in history of science. Still, the manual states a different nominal range, so practitioners defer to the handbook when reporting.",Shabda,,nyaya_synthetic
"According to the philosophy handbook, the device must complete a full calibration cycle before first use.",Shabda,,nyaya_synthetic
Master augmentation (philosophy): synthetic vignette uid master-pad-16; intended label Upamana at strong strength for evaluation bookkeeping.,Upamana,,nyaya_synthetic
There are cases where women have excelled in combat especially as fighter pilots and strategic leadership.,Anumana,moderate,ibm_reviewed
when everything else fails the government should be allowed to curb all superfluous spending within.,Shabda,moderate,ibm_reviewed
"Under ordinary conditions in this domain, a bottleneck in clinical triage. The downstream metric lags whenever the upstream queue saturates; hence the system is contention-limited.",Anumana,,nyaya_synthetic
assisted suicide involves murdering someone which is illegal and should be treated as such.,Anumana,moderate,ibm_reviewed
university is not just about academic studies but also a place to nurture artistic talent and develop soft skills,Anumana,moderate,aaec_reviewed
Social media platforms should be regulated by the government to make sure everyone's posts meet the community standards.,Shabda,moderate,ibm_reviewed
The workflow in education acts like a pipeline valve: small friction upstream amplifies delays downstream.,Upamana,,nyaya_synthetic
school uniforms interfere with the individuality of students and force them to conform.,Anumana,moderate,ibm_reviewed
"Across social media discourse, the measured curve stayed flat until the threshold, then rose sharply in two trials.",Pratyaksha,,nyaya_synthetic
compulsory voting will cause more people feel like the government has too much power and the country will feel less free,Upamana,strong,ibm_reviewed
parents and other home schoolers are not as equipped as regular teachers and schools to educate students.,Anumana,moderate,ibm_reviewed
The professor has been assigned to teach only,Anumana,weak,aaec_reviewed
homeschooling should be banned because educational institutions still provide a better education.,Anumana,moderate,ibm_reviewed
the main function of a university remains as the provision of knowledge and access to resources,Anumana,moderate,aaec_reviewed
"If we treat the premises charitably, a bottleneck in clinical triage. The downstream metric lags whenever the upstream queue saturates; hence the system is contention-limited.",Anumana,,nyaya_synthetic
Researchers publishing in education reported a replication failure under stricter preprocessing.,Shabda,,nyaya_synthetic
"Across technology, the measured curve stayed flat until the threshold, then rose sharply in two trials.",Pratyaksha,,nyaya_synthetic
"According to the published standard for software reliability, reviewers must document assumptions and cite the controlling source. Experts in the field treat that requirement as a minimum bar for credibility.",Shabda,,nyaya_synthetic
"nuclear weapons development leads to other non-combative discoveries, such as nuclear energy.",Anumana,moderate,ibm_reviewed
The workflow in social media discourse acts like a pipeline valve: small friction upstream amplifies delays downstream.,Upamana,,nyaya_synthetic
"Under ordinary conditions in this domain, a bottleneck in climate modeling. The downstream metric lags whenever the upstream queue saturates; which implies the system is contention-limited.",Anumana,,nyaya_synthetic
A recent bulletin in daily life states that the prior guideline was superseded last quarter.,Shabda,,nyaya_synthetic
an austerity regime is bad: the government needs to keep its programs and the people need to keep their money.,Shabda,moderate,ibm_reviewed
"We measured the artifact directly in history of science. Still, the manual states a different nominal range, so practitioners defer to the handbook when reporting.",Shabda,,nyaya_synthetic
Mandatory school uniforms create an authoritarian atmosphere in the school which is bad for students development.,Anumana,moderate,ibm_reviewed
"During the technology walkthrough, we could hear intermittent clicking from the enclosure with no load applied.",Pratyaksha,,nyaya_synthetic
an austerity regime will only cause a small benefit for a small time and should not be utilized at this time,Anumana,strong,ibm_reviewed
"Unlike traditional classes, distance education courses don't take place in a classroom, where you are surrounded by your teachers and classmates",Upamana,moderate,aaec_reviewed
"According to the medicine handbook, the device must complete a full calibration cycle before first use.",Shabda,,nyaya_synthetic
"Explaining climate modeling to newcomers is similar to teaching navigation: you start from landmarks people already trust, then map unfamiliar terrain onto those anchors.",Upamana,,nyaya_synthetic
"In science, debugging distributed traces is like following colored threads through a woven fabric.",Upamana,,nyaya_synthetic
"In philosophy, a direct check showed the instrument reading drifting outside tolerance during the run.",Pratyaksha,,nyaya_synthetic
an austerity regime unfairly penalises the poor by cutting services to the people who need them most.,Anumana,moderate,ibm_reviewed
Master augmentation (science): synthetic vignette uid master-pad-6; intended label Upamana at strong strength for evaluation bookkeeping.,Upamana,,nyaya_synthetic
"Across legal reasoning, the measured curve stayed flat until the threshold, then rose sharply in two trials.",Pratyaksha,,nyaya_synthetic
choosing the job that is similar to parents' jobs could benefit to one's career,Upamana,moderate,aaec_reviewed
"For newcomers in education, a hash table is similar to a set of labeled drawers: fast lookup, occasional collisions.",Upamana,,nyaya_synthetic
"Explaining urban planning to newcomers is similar to teaching navigation: you start from landmarks people already trust, then map unfamiliar terrain onto those anchors.",Upamana,,nyaya_synthetic
voting is such an important part of being part of society and its decision making process that it should be compulsory.,Anumana,moderate,ibm_reviewed
"this would ensure everyone, regardless of financial means, has the same level of representation, making it a fairer system.",Anumana,moderate,ibm_reviewed
nuclear weapons are important in the fight against those who want to hurt their enemies,Anumana,moderate,ibm_reviewed
the advantages of this are qualitatively greater than that of the opposite,Anumana,moderate,aaec_reviewed
"In philosophy, debugging distributed traces is like following colored threads through a woven fabric.",Upamana,,nyaya_synthetic
"cannabis has been proven to alleviate pain, hep with insomnia and decrease stress in a natural method.",Pratyaksha,strong,ibm_reviewed
journalism should not be subsidized because subsidies could too easily be allotted according to political beliefs.,Shabda,strong,ibm_reviewed
"it should be up for grabs for a majority of young people, who wish to pursue their passion as well as develop comprehensively",Anumana,moderate,aaec_reviewed
Master augmentation (education): synthetic vignette uid master-pad-40; intended label Pratyaksha at moderate strength for evaluation bookkeeping.,Pratyaksha,,nyaya_synthetic
a society that its police force carries guns will be definitely seen as a highly violent one,Anumana,moderate,aaec_reviewed
we should ban algorithmic trading as it causes unpredictable volatility in the market.,Anumana,moderate,ibm_reviewed
"We measured the artifact directly in history of science. Still, the manual states a different nominal range, so practitioners defer to the handbook when reporting.",Shabda,,nyaya_synthetic
"During the social media discourse walkthrough, we could hear intermittent clicking from the enclosure with no load applied.",Pratyaksha,,nyaya_synthetic
subsidies for vocational education would help solve the problem of skills shortages in many trades,Anumana,moderate,ibm_reviewed
we should not introduce compulsory voting because it can be altered and tampered with.,Anumana,moderate,ibm_reviewed
"Just like a man that needs a healthy body, all the living creatures as a whole needs a strong planet as well",Upamana,moderate,aaec_reviewed
"According to the published standard for software reliability, reviewers must document assumptions and cite the controlling source. Experts in the field treat that requirement as a minimum bar for credibility.",Shabda,,nyaya_synthetic
A recent bulletin in politics states that the prior guideline was superseded last quarter.,Shabda,,nyaya_synthetic
"According to the published standard for school policy, reviewers must document assumptions and cite the controlling source. Experts in the field treat that requirement as a minimum bar for credibility.",Shabda,,nyaya_synthetic
"According to the published standard for constitutional law, reviewers must document assumptions and cite the controlling source. Experts in the field treat that requirement as a minimum bar for credibility.",Shabda,,nyaya_synthetic
homeschooling can lead to children not forming the social bonds with their peers which they should.,Anumana,moderate,ibm_reviewed
"In daily life, the feedback loop behaves like a thermostat hunting around a noisy setpoint.",Upamana,,nyaya_synthetic
"In philosophy, the feedback loop behaves like a thermostat hunting around a noisy setpoint.",Upamana,,nyaya_synthetic
we should abolish intellectual property rights so that everyone can share property which increases harmony in society,Anumana,moderate,ibm_reviewed
we should fight urbanization because it causes more air pollution than there already is,Anumana,strong,ibm_reviewed
"In public debate, a direct check showed the instrument reading drifting outside tolerance during the run.",Pratyaksha,,nyaya_synthetic
"In news analysis, the leading indicator moved first; therefore the downstream effect is the plausible explanation.",Anumana,,nyaya_synthetic
"During the legal reasoning walkthrough, we could hear intermittent clicking from the enclosure with no load applied.",Pratyaksha,,nyaya_synthetic
"people should have a right of ownership to their creations, ideas, and concepts that they created themselves.",Anumana,moderate,ibm_reviewed
indispensable public services like hospital and school worth every penny investing,Upamana,moderate,aaec_reviewed
Master augmentation (philosophy): synthetic vignette uid master-pad-16; intended label Upamana at strong strength for evaluation bookkeeping.,Upamana,,nyaya_synthetic
We should not legalize cannabis as it has been proven to have long term mental health and concentration issues.,Pratyaksha,strong,ibm_reviewed
"there are Reality TV, television programs in which people are put into artificial environments and situations, for example like ""Big Brother""",Upamana,moderate,aaec_reviewed
"In education, the leading indicator moved first; therefore the downstream effect is the plausible explanation.",Anumana,,nyaya_synthetic
"Given repeated failures only under load in education, congestion is more likely than a random bug.",Anumana,,nyaya_synthetic
we should not abandon marriage as there is not much else in our society that can be considered sacred.,Anumana,moderate,ibm_reviewed
"Under ordinary conditions in this domain, a bottleneck in constitutional law. The downstream metric lags whenever the upstream queue saturates; which implies the system is contention-limited.",Anumana,,nyaya_synthetic
Experts in daily life now recommend documenting provenance for every dataset used in training.,Shabda,,nyaya_synthetic
Field notes from science record visible condensation on the cold line within minutes of startup.,Pratyaksha,,nyaya_synthetic
the use of public defenders should be mandatory in order to create a more equal playing field for all accused.,Anumana,moderate,ibm_reviewed
children may see that this behavior is inexcusable,Anumana,weak,aaec_reviewed
"If we treat the premises charitably, a bottleneck in constitutional law. The downstream metric lags whenever the upstream queue saturates; so the system is contention-limited.",Anumana,,nyaya_synthetic
space exploration should be subsidized as it brings innovation and scientific development,Anumana,moderate,ibm_reviewed
mandatory retirement helps younger generations by opening up more positions in the workforce,Anumana,moderate,ibm_reviewed
three-strikes laws can help keep the violent and unruly off of the streets of regular society.,Anumana,moderate,ibm_reviewed
"Across medicine, the measured curve stayed flat until the threshold, then rose sharply in two trials.",Pratyaksha,,nyaya_synthetic
"flag burning is disrespectable to america as it represents everything we, as americans hold dear and true.",Anumana,moderate,ibm_reviewed
"From what we can verify on the record, a bottleneck in climate modeling. The downstream metric lags whenever the upstream queue saturates; hence the system is contention-limited.",Anumana,,nyaya_synthetic
We should not legalize cannabis as it has been proven to have long term mental health and concentration issues.,Pratyaksha,strong,ibm_reviewed
"We measured the artifact directly in clinical triage. Still, the manual states a different nominal range, so practitioners defer to the handbook when reporting.",Shabda,,nyaya_synthetic
Field notes from science record visible condensation on the cold line within minutes of startup.,Pratyaksha,,nyaya_synthetic
"During the politics walkthrough, we could hear intermittent clicking from the enclosure with no load applied.",Pratyaksha,,nyaya_synthetic
Master augmentation (philosophy): synthetic vignette uid master-pad-4; intended label Upamana at moderate strength for evaluation bookkeeping.,Upamana,,nyaya_synthetic
"In constitutional law, the instrument trace shows a repeatable pattern across three runs. The operator log notes the same anomaly at the same timestamp window.",Pratyaksha,,nyaya_synthetic
we should not adopt libertarianism because we need the government to help with things like roads and other infrastructure,Shabda,strong,ibm_reviewed
Field notes from technology record visible condensation on the cold line within minutes of startup.,Pratyaksha,,nyaya_synthetic
"in era technology like this age, computer becomes important thing in human life",Upamana,moderate,aaec_reviewed
"In astrobiology, the instrument trace shows a repeatable pattern across three runs. The operator log notes the same anomaly at the same timestamp window.",Pratyaksha,,nyaya_synthetic
Social media platforms should be regulated by the government to make sure everyone's posts meet the community standards.,Shabda,moderate,ibm_reviewed
"From what we can verify on the record, a bottleneck in econometrics. The downstream metric lags whenever the upstream queue saturates; which implies the system is contention-limited.",Anumana,,nyaya_synthetic
"Across education, the measured curve stayed flat until the threshold, then rose sharply in two trials.",Pratyaksha,,nyaya_synthetic
luck is one factor in reaching goal,Anumana,weak,aaec_reviewed
"In politics, the feedback loop behaves like a thermostat hunting around a noisy setpoint.",Upamana,,nyaya_synthetic
we should not ban human cloning because the potential scientists can find a cure for a disease,Shabda,strong,ibm_reviewed
"In news analysis, the feedback loop behaves like a thermostat hunting around a noisy setpoint.",Upamana,,nyaya_synthetic
"If we treat the premises charitably, a bottleneck in school policy. The downstream metric lags whenever the upstream queue saturates; therefore the system is contention-limited.",Anumana,,nyaya_synthetic
"On balance, the evidence indicates a bottleneck in history of science. The downstream metric lags whenever the upstream queue saturates; therefore the system is contention-limited.",Anumana,,nyaya_synthetic
"On balance, the evidence indicates a bottleneck in constitutional law. The downstream metric lags whenever the upstream queue saturates; hence the system is contention-limited.",Anumana,,nyaya_synthetic
urbanization leads to deforestation and increased levels of pollution as well as concentration of waste and garbage.,Anumana,moderate,ibm_reviewed
keeping own customs stably might cause discrimination,Anumana,weak,aaec_reviewed
We should not legalize cannabis as it has been proven to have long term mental health and concentration issues.,Pratyaksha,strong,ibm_reviewed
"During the medicine walkthrough, we could hear intermittent clicking from the enclosure with no load applied.",Pratyaksha,,nyaya_synthetic
mandatory retirement is not fair for those who are actually more than capable to carry on with their jobs,Anumana,moderate,ibm_reviewed
journalism should not be subsidized because subsidies could too easily be allotted according to political beliefs.,Shabda,strong,ibm_reviewed
"In social media discourse, debugging distributed traces is like following colored threads through a woven fabric.",Upamana,,nyaya_synthetic
"As living in a competent world, we are like playing a survival game",Upamana,moderate,aaec_reviewed
"In astrobiology, the instrument trace shows a repeatable pattern across three runs. The operator log notes the same anomaly at the same timestamp window.",Pratyaksha,,nyaya_synthetic
"From what we can verify on the record, a bottleneck in cybersecurity operations. The downstream metric lags whenever the upstream queue saturates; which implies the system is contention-limited.",Anumana,,nyaya_synthetic
we should end the use of economic sanctions because they cause stress and hardship on nations,Anumana,strong,ibm_reviewed
"According to the published standard for constitutional law, reviewers must document assumptions and cite the controlling source. Experts in the field treat that requirement as a minimum bar for credibility.",Shabda,,nyaya_synthetic
traditional education has some merits like feedbacks and inspirations that cannot be replaced in the near future,Upamana,moderate,aaec_reviewed
we should not adopt libertarianism because the government would have too much control over people,Shabda,strong,ibm_reviewed
species extinction is quite natural according to the theory of evolution,Shabda,strong,aaec_reviewed
species extinction is quite natural according to the theory of evolution,Shabda,strong,aaec_reviewed
people are living longer and we do not have the right to stop them from working if that is what they want to do.,Anumana,moderate,ibm_reviewed
"Because the control arm improved while the treatment arm flatlined in social media discourse, the intervention may lack efficacy.",Anumana,,nyaya_synthetic
"Given repeated failures only under load in daily life, congestion is more likely than a random bug.",Anumana,,nyaya_synthetic
"According to the published standard for supply chains, reviewers must document assumptions and cite the controlling source. Experts in the field treat that requirement as a minimum bar for credibility.",Shabda,,nyaya_synthetic
"The United States is the country with the best economic development in the world, therefore it is the best country to live",Anumana,strong,ibm_reviewed
we should adopt a zero-tolerance policy in schools because it should be a safe haven for children to learn in,Anumana,strong,ibm_reviewed
"Across politics, the measured curve stayed flat until the threshold, then rose sharply in two trials.",Pratyaksha,,nyaya_synthetic
"According to the politics handbook, the device must complete a full calibration cycle before first use.",Shabda,,nyaya_synthetic
"In public debate, debugging distributed traces is like following colored threads through a woven fabric.",Upamana,,nyaya_synthetic
"If we treat the premises charitably, a bottleneck in urban planning. The downstream metric lags whenever the upstream queue saturates; therefore the system is contention-limited.",Anumana,,nyaya_synthetic
"In technology, a direct check showed the instrument reading drifting outside tolerance during the run.",Pratyaksha,,nyaya_synthetic
"if someone designs an algorithm that they trust to predict market trends, they should be able to employ it.",Anumana,moderate,ibm_reviewed
"To my rivals' surprise, being the only member of my own ""team"" I gained a victory",Anumana,moderate,aaec_reviewed
"For newcomers in daily life, a hash table is similar to a set of labeled drawers: fast lookup, occasional collisions.",Upamana,,nyaya_synthetic
"Under ordinary conditions in this domain, a bottleneck in constitutional law. The downstream metric lags whenever the upstream queue saturates; so the system is contention-limited.",Anumana,,nyaya_synthetic
"sex selection is a choice that should be between the parents, not something the government to be involved in.",Shabda,moderate,ibm_reviewed
indispensable public services like hospital and school worth every penny investing,Upamana,moderate,aaec_reviewed
"Across public debate, the measured curve stayed flat until the threshold, then rose sharply in two trials.",Pratyaksha,,nyaya_synthetic
"Across news analysis, the measured curve stayed flat until the threshold, then rose sharply in two trials.",Pratyaksha,,nyaya_synthetic
"We measured the artifact directly in software reliability. Still, the manual states a different nominal range, so practitioners defer to the handbook when reporting.",Shabda,,nyaya_synthetic
"For newcomers in philosophy, a hash table is similar to a set of labeled drawers: fast lookup, occasional collisions.",Upamana,,nyaya_synthetic
Master augmentation (medicine): synthetic vignette uid master-pad-19; intended label Pratyaksha at weak strength for evaluation bookkeeping.,Pratyaksha,,nyaya_synthetic
Master augmentation (news analysis): synthetic vignette uid master-pad-15; intended label Pratyaksha at moderate strength for evaluation bookkeeping.,Pratyaksha,,nyaya_synthetic
Master augmentation (public debate): synthetic vignette uid master-pad-28; intended label Pratyaksha at weak strength for evaluation bookkeeping.,Pratyaksha,,nyaya_synthetic
A recent bulletin in politics states that the prior guideline was superseded last quarter.,Shabda,,nyaya_synthetic
Every day comes with new challenges for them like walking,Upamana,moderate,aaec_reviewed
Field notes from education record visible condensation on the cold line within minutes of startup.,Pratyaksha,,nyaya_synthetic
"During the social media discourse walkthrough, we could hear intermittent clicking from the enclosure with no load applied.",Pratyaksha,,nyaya_synthetic
we should abolish the right to keep and bear arms as this right has gotten out of hand with too many mass shootings.,Anumana,moderate,ibm_reviewed
"if the parents can provide a better education than what their local schools offer, they should be allowed to do so.",Anumana,moderate,ibm_reviewed
Libertarianism provides little to no support for those at the bottom and would not attain equitable outcomes for society.,Anumana,moderate,ibm_reviewed
"Taken together, the observations suggest a bottleneck in econometrics. The downstream metric lags whenever the upstream queue saturates; which makes it plausible that the system is contention-limited.",Anumana,,nyaya_synthetic
"According to the news analysis handbook, the device must complete a full calibration cycle before first use.",Shabda,,nyaya_synthetic
use of child actors gives us a lot of great shows we wouldn't have if there were not child actors,Anumana,moderate,ibm_reviewed
we need to adopt an austerity regime so the government stops over spending on unnecessary things,Shabda,moderate,ibm_reviewed
"In education, a direct check showed the instrument reading drifting outside tolerance during the run.",Pratyaksha,,nyaya_synthetic
"On balance, the evidence indicates a bottleneck in astrobiology. The downstream metric lags whenever the upstream queue saturates; so the system is contention-limited.",Anumana,,nyaya_synthetic
The workflow in public debate acts like a pipeline valve: small friction upstream amplifies delays downstream.,Upamana,,nyaya_synthetic
"urbanization gives people more access to public transportation, employment opportunities, and health care services.",Anumana,moderate,ibm_reviewed
Field notes from science record visible condensation on the cold line within minutes of startup.,Pratyaksha,,nyaya_synthetic
entrapment should be legalized because it is arbitrary to ban this one type of evidence.,Pratyaksha,strong,ibm_reviewed
A recent bulletin in legal reasoning states that the prior guideline was superseded last quarter.,Shabda,,nyaya_synthetic
"On balance, the evidence indicates a bottleneck in astrobiology. The downstream metric lags whenever the upstream queue saturates; therefore the system is contention-limited.",Anumana,,nyaya_synthetic
private military companies are needed to provide security when the military can not do the job,Anumana,moderate,ibm_reviewed
"According to the published standard for clinical triage, reviewers must document assumptions and cite the controlling source. Experts in the field treat that requirement as a minimum bar for credibility.",Shabda,,nyaya_synthetic
violent contents must be excluded from all kidvids in order to reduce the proportion of juvenile delinquency,Anumana,moderate,aaec_reviewed
"certain races and ethnic groups commit more crimes than others, so it makes sense to scrutinize them more closely.",Anumana,moderate,ibm_reviewed
"According to the public debate handbook, the device must complete a full calibration cycle before first use.",Shabda,,nyaya_synthetic
"On balance, the evidence indicates a bottleneck in cybersecurity operations. The downstream metric lags whenever the upstream queue saturates; which implies the system is contention-limited.",Anumana,,nyaya_synthetic
"Taken together, the observations suggest a bottleneck in astrobiology. The downstream metric lags whenever the upstream queue saturates; which supports the view that the system is contention-limited.",Anumana,,nyaya_synthetic
the development of technology can prompt economic growth and the improvement of living standards,Anumana,moderate,aaec_reviewed
"high-quality journalism requires time, expertise, and research. all of this requires money.",Shabda,moderate,ibm_reviewed
"high-quality journalism requires time, expertise, and research. all of this requires money.",Shabda,moderate,ibm_reviewed
the classmates should be regarded as the most important influence on individual achievements,Anumana,moderate,aaec_reviewed
"During the technology walkthrough, we could hear intermittent clicking from the enclosure with no load applied.",Pratyaksha,,nyaya_synthetic
Researchers publishing in philosophy reported a replication failure under stricter preprocessing.,Shabda,,nyaya_synthetic
"in era technology like this age, computer becomes important thing in human life",Upamana,moderate,aaec_reviewed
"Under ordinary conditions in this domain, a bottleneck in urban planning. The downstream metric lags whenever the upstream queue saturates; which makes it plausible that the system is contention-limited.",Anumana,,nyaya_synthetic
Most of the foods they eat are fat foods like chips or pizzas,Upamana,moderate,aaec_reviewed
"Across philosophy, the measured curve stayed flat until the threshold, then rose sharply in two trials.",Pratyaksha,,nyaya_synthetic
"In legal reasoning, the feedback loop behaves like a thermostat hunting around a noisy setpoint.",Upamana,,nyaya_synthetic
"The dashboard in econometrics looked stable at first glance. Yet latency spikes only during failover, which suggests a race in the controller path.",Anumana,,nyaya_synthetic
"During the technology walkthrough, we could hear intermittent clicking from the enclosure with no load applied.",Pratyaksha,,nyaya_synthetic
nuclear weapons help to insure that other countries will not attach because they in turn will most certainly be destroyed.,Anumana,strong,ibm_reviewed
"According to the technology handbook, the device must complete a full calibration cycle before first use.",Shabda,,nyaya_synthetic
"For newcomers in public debate, a hash table is similar to a set of labeled drawers: fast lookup, occasional collisions.",Upamana,,nyaya_synthetic
an austerity regime is bad: the government needs to keep its programs and the people need to keep their money.,Shabda,moderate,ibm_reviewed
you should prohibit the use of public defenders since they often do not provide good service,Anumana,moderate,ibm_reviewed
"During the philosophy walkthrough, we could hear intermittent clicking from the enclosure with no load applied.",Pratyaksha,,nyaya_synthetic
"From what we can verify on the record, a bottleneck in supply chains. The downstream metric lags whenever the upstream queue saturates; which supports the view that the system is contention-limited.",Anumana,,nyaya_synthetic
Master augmentation (politics): synthetic vignette uid master-pad-10; intended label Upamana at strong strength for evaluation bookkeeping.,Upamana,,nyaya_synthetic
we should not abandon marriage because many religious people still believe in marriage,Anumana,moderate,ibm_reviewed
nuclear weapons are too dangerous to keep. we must get rid of all of them or face a nuclear winter.,Anumana,moderate,ibm_reviewed
"homeschooling is a good option for children who are bullied, giving them a safe place to learn",Anumana,moderate,ibm_reviewed
Master augmentation (public debate): synthetic vignette uid master-pad-28; intended label Pratyaksha at weak strength for evaluation bookkeeping.,Pratyaksha,,nyaya_synthetic
"In constitutional law, the instrument trace shows a repeatable pattern across three runs. The operator log notes the same anomaly at the same timestamp window.",Pratyaksha,,nyaya_synthetic
"If we treat the premises charitably, a bottleneck in clinical triage. The downstream metric lags whenever the upstream queue saturates; therefore the system is contention-limited.",Anumana,,nyaya_synthetic
"Under ordinary conditions in this domain, a bottleneck in supply chains. The downstream metric lags whenever the upstream queue saturates; hence the system is contention-limited.",Anumana,,nyaya_synthetic
women are physically weaker than men so it does not make sense to allow women in combat.,Anumana,moderate,ibm_reviewed
three strike laws can help lower crimes because they know they will get more jail time for repeated offenses,Anumana,moderate,ibm_reviewed
"cannabis has been proven to alleviate pain, hep with insomnia and decrease stress in a natural method.",Pratyaksha,strong,ibm_reviewed
Experts in social media discourse now recommend documenting provenance for every dataset used in training.,Shabda,,nyaya_synthetic
one should not give up,Anumana,weak,aaec_reviewed
"In philosophy, the feedback loop behaves like a thermostat hunting around a noisy setpoint.",Upamana,,nyaya_synthetic
"Under ordinary conditions in this domain, a bottleneck in urban planning. The downstream metric lags whenever the upstream queue saturates; which implies the system is contention-limited.",Anumana,,nyaya_synthetic
Field notes from philosophy record visible condensation on the cold line within minutes of startup.,Pratyaksha,,nyaya_synthetic
"maximizing freedom is the most legitimate form of society, this is only truly achieved with libertarianism",Anumana,moderate,ibm_reviewed
cosmetic surgery can help people that had facial injuries or birth defects to look more normal,Anumana,moderate,ibm_reviewed
we are building our personalities when we study alone,Anumana,moderate,aaec_reviewed
entrapment should be legalized because it is arbitrary to ban this one type of evidence.,Pratyaksha,strong,ibm_reviewed
"During the education walkthrough, we could hear intermittent clicking from the enclosure with no load applied.",Pratyaksha,,nyaya_synthetic
the government should not regulate what parents do that is already a personal decision of each family,Shabda,moderate,ibm_reviewed
"According to the published standard for astrobiology, reviewers must document assumptions and cite the controlling source. Experts in the field treat that requirement as a minimum bar for credibility.",Shabda,,nyaya_synthetic
Researchers publishing in philosophy reported a replication failure under stricter preprocessing.,Shabda,,nyaya_synthetic
There is ample evidence showing that capital punishment does not constitute effective deterrence.,Pratyaksha,strong,ibm_reviewed
"in times of austerity, no government can afford the costly exercise of subsidising space exploration.",Shabda,moderate,ibm_reviewed
Master augmentation (daily life): synthetic vignette uid master-pad-21; intended label Upamana at moderate strength for evaluation bookkeeping.,Upamana,,nyaya_synthetic
"Under ordinary conditions in this domain, a bottleneck in econometrics. The downstream metric lags whenever the upstream queue saturates; which makes it plausible that the system is contention-limited.",Anumana,,nyaya_synthetic
Master augmentation (philosophy): synthetic vignette uid master-pad-38; intended label Shabda at moderate strength for evaluation bookkeeping.,Shabda,,nyaya_synthetic
"If we treat the premises charitably, a bottleneck in school policy. The downstream metric lags whenever the upstream queue saturates; hence the system is contention-limited.",Anumana,,nyaya_synthetic
"if there is a man that beats his wife and treats her bad, his child probably is going to be rude and treat girls bad",Anumana,moderate,aaec_reviewed
traditional education has some merits like feedbacks and inspirations that cannot be replaced in the near future,Upamana,moderate,aaec_reviewed
Libertarianism would cause chaos in a large country as there would be no set rules and regulations.,Anumana,moderate,ibm_reviewed
"Taken together, the observations suggest a bottleneck in journalism ethics. The downstream metric lags whenever the upstream queue saturates; which implies the system is contention-limited.",Anumana,,nyaya_synthetic
Field notes from education record visible condensation on the cold line within minutes of startup.,Pratyaksha,,nyaya_synthetic
if somebody wants to go to university or college they should be responsible for the funding and not somebody else.,Anumana,moderate,ibm_reviewed
"According to the published standard for supply chains, reviewers must document assumptions and cite the controlling source. Experts in the field treat that requirement as a minimum bar for credibility.",Shabda,,nyaya_synthetic
Most of the foods they eat are fat foods like chips or pizzas,Upamana,moderate,aaec_reviewed
Master augmentation (science): synthetic vignette uid master-pad-36; intended label Upamana at weak strength for evaluation bookkeeping.,Upamana,,nyaya_synthetic
"In news analysis, debugging distributed traces is like following colored threads through a woven fabric.",Upamana,,nyaya_synthetic
having nuclear weapons provides a good defense and a strong offense against threatening countries.,Anumana,moderate,ibm_reviewed
Researchers publishing in daily life reported a replication failure under stricter preprocessing.,Shabda,,nyaya_synthetic
Field notes from education record visible condensation on the cold line within minutes of startup.,Pratyaksha,,nyaya_synthetic
Master augmentation (politics): synthetic vignette uid master-pad-3; intended label Pratyaksha at moderate strength for evaluation bookkeeping.,Pratyaksha,,nyaya_synthetic
too many people have been imprisoned on guantanamo bay unfairly as they were subsequently released without charge.,Anumana,moderate,ibm_reviewed
Field notes from legal reasoning record visible condensation on the cold line within minutes of startup.,Pratyaksha,,nyaya_synthetic
"According to the education handbook, the device must complete a full calibration cycle before first use.",Shabda,,nyaya_synthetic
the three strikes law does a great deal to inhibit the urge to commit criminal behaviors.,Anumana,moderate,ibm_reviewed
"In science, the feedback loop behaves like a thermostat hunting around a noisy setpoint.",Upamana,,nyaya_synthetic
Master augmentation (medicine): synthetic vignette uid master-pad-17; intended label Upamana at moderate strength for evaluation bookkeeping.,Upamana,,nyaya_synthetic
"the government should fund the deprived for their health care and education, who are the group in real need for the authority's help",Anumana,moderate,aaec_reviewed
we shouldn't abolish intellectual property rights because everyone has the right to be creative with their thoughts,Anumana,moderate,ibm_reviewed
Master augmentation (news analysis): synthetic vignette uid master-pad-39; intended label Shabda at strong strength for evaluation bookkeeping.,Shabda,,nyaya_synthetic
"If we treat the premises charitably, a bottleneck in astrobiology. The downstream metric lags whenever the upstream queue saturates; which supports the view that the system is contention-limited.",Anumana,,nyaya_synthetic
Master augmentation (medicine): synthetic vignette uid master-pad-7; intended label Upamana at weak strength for evaluation bookkeeping.,Upamana,,nyaya_synthetic
capital punishment provides a punishment that is equal to the crime committed. if you kill you should expect to be killed.,Anumana,moderate,ibm_reviewed
"The dashboard in software reliability looked stable at first glance. Yet latency spikes only during failover, which suggests a race in the controller path.",Anumana,,nyaya_synthetic
Master augmentation (education): synthetic vignette uid master-pad-40; intended label Pratyaksha at moderate strength for evaluation bookkeeping.,Pratyaksha,,nyaya_synthetic
making quick decisions leads to probable bad results,Anumana,weak,aaec_reviewed
"In social media discourse, a direct check showed the instrument reading drifting outside tolerance during the run.",Pratyaksha,,nyaya_synthetic
"if a gradate stays in the city after leaving his college and seeks a job with good salary instead of returning his village to do farm work, he could perhaps buy a house or his own car after a short time",Anumana,moderate,aaec_reviewed
subsidizing space exploration is extremely expensive and takes money away from projects that need it now.,Anumana,moderate,ibm_reviewed
"Taken together, the observations suggest a bottleneck in climate modeling. The downstream metric lags whenever the upstream queue saturates; hence the system is contention-limited.",Anumana,,nyaya_synthetic
we should fight urbanization because more populous areas also see an increase in crime.,Anumana,moderate,ibm_reviewed
assisted suicide should be a criminal offence because people shouldn't be able to help murder others,Anumana,moderate,ibm_reviewed
"Taken together, the observations suggest a bottleneck in software reliability. The downstream metric lags whenever the upstream queue saturates; hence the system is contention-limited.",Anumana,,nyaya_synthetic
we shouldn't adopt libertarianism because it means every man for himself for better or worse,Anumana,moderate,ibm_reviewed
there are more important issues like health and safety to to spend our money on than journalism,Shabda,moderate,ibm_reviewed
Master augmentation (politics): synthetic vignette uid master-pad-10; intended label Upamana at strong strength for evaluation bookkeeping.,Upamana,,nyaya_synthetic
"foster parents can take advantage of children, and sometimes they volunteer just to get a paycheck.",Anumana,moderate,ibm_reviewed
The workflow in legal reasoning acts like a pipeline valve: small friction upstream amplifies delays downstream.,Upamana,,nyaya_synthetic
we should not force people out of the workplace if they can continue to offer skills to companies.,Anumana,moderate,ibm_reviewed
"According to the published standard for supply chains, reviewers must document assumptions and cite the controlling source. Experts in the field treat that requirement as a minimum bar for credibility.",Shabda,,nyaya_synthetic
To generate such a vast energy the fundamental resources are falling short,Anumana,moderate,aaec_reviewed
our body and moral health depend to physical activities directly,Anumana,moderate,aaec_reviewed
Researchers publishing in medicine reported a replication failure under stricter preprocessing.,Shabda,,nyaya_synthetic
"In education, the feedback loop behaves like a thermostat hunting around a noisy setpoint.",Upamana,,nyaya_synthetic
we should not ban cosmetic surgery because some people need it done to improve their health and lifestyle,Anumana,moderate,ibm_reviewed
"In medicine, debugging distributed traces is like following colored threads through a woven fabric.",Upamana,,nyaya_synthetic
Adolescents follow not only the make up and attire of their favorite stars but also their behavior,Anumana,moderate,aaec_reviewed
legalization of marijuana will create a huge industry that utilizes people for profit and targets children,Anumana,moderate,ibm_reviewed
"From what we can verify on the record, a bottleneck in urban planning. The downstream metric lags whenever the upstream queue saturates; therefore the system is contention-limited.",Anumana,,nyaya_synthetic
Master augmentation (education): synthetic vignette uid master-pad-32; intended label Shabda at strong strength for evaluation bookkeeping.,Shabda,,nyaya_synthetic
"According to the published standard for journalism ethics, reviewers must document assumptions and cite the controlling source. Experts in the field treat that requirement as a minimum bar for credibility.",Shabda,,nyaya_synthetic
journalism can make enough income to support itself as is seen by the countless successful media outlets,Shabda,moderate,ibm_reviewed
It is a developed country where we can find various opportunities for the development of our lives,Anumana,moderate,ibm_reviewed
high sales are obviously a reflection of the powerful advertisements,Anumana,moderate,aaec_reviewed
"Under ordinary conditions in this domain, a bottleneck in climate modeling. The downstream metric lags whenever the upstream queue saturates; which makes it plausible that the system is contention-limited.",Anumana,,nyaya_synthetic
"in biology class, learning anatomy by operating fog have many benefits",Anumana,moderate,aaec_reviewed
"On balance, the evidence indicates a bottleneck in econometrics. The downstream metric lags whenever the upstream queue saturates; which supports the view that the system is contention-limited.",Anumana,,nyaya_synthetic
in the USA the health system is very expensive and discriminates against the poor population,Anumana,moderate,ibm_reviewed
"On balance, the evidence indicates a bottleneck in supply chains. The downstream metric lags whenever the upstream queue saturates; so the system is contention-limited.",Anumana,,nyaya_synthetic
"In daily life, a direct check showed the instrument reading drifting outside tolerance during the run.",Pratyaksha,,nyaya_synthetic
prostitution should be legalied so women can work in safe spaces rather than be at risk working on the streets,Anumana,moderate,ibm_reviewed
the use of economic sanctions helps the national economy by keeping things state side.,Anumana,moderate,ibm_reviewed
Field notes from social media discourse record visible condensation on the cold line within minutes of startup.,Pratyaksha,,nyaya_synthetic
platforms should be controlled by the government as many conspiracy theories can be made,Shabda,moderate,ibm_reviewed
"Taken together, the observations suggest a bottleneck in clinical triage. The downstream metric lags whenever the upstream queue saturates; so the system is contention-limited.",Anumana,,nyaya_synthetic
"From what we can verify on the record, a bottleneck in history of science. The downstream metric lags whenever the upstream queue saturates; which makes it plausible that the system is contention-limited.",Anumana,,nyaya_synthetic
private military companies do not have to go through governmental red tape to spend money for training and equipment,Anumana,moderate,ibm_reviewed
"Explaining journalism ethics to newcomers is similar to teaching navigation: you start from landmarks people already trust, then map unfamiliar terrain onto those anchors.",Upamana,,nyaya_synthetic
A recent bulletin in news analysis states that the prior guideline was superseded last quarter.,Shabda,,nyaya_synthetic
we should not end racial profiling because it lets would-be criminals know that they are being watched.,Anumana,moderate,ibm_reviewed
racial profiling is efficient and lets the cops focus on those most likely to commit a crime,Anumana,moderate,ibm_reviewed
"The dashboard in constitutional law looked stable at first glance. Yet latency spikes only during failover, which suggests a race in the controller path.",Anumana,,nyaya_synthetic
"Taken together, the observations suggest a bottleneck in econometrics. The downstream metric lags whenever the upstream queue saturates; therefore the system is contention-limited.",Anumana,,nyaya_synthetic
"living in big cities means more exposure to stimulation, like all kinds of information",Upamana,moderate,aaec_reviewed
"For newcomers in social media discourse, a hash table is similar to a set of labeled drawers: fast lookup, occasional collisions.",Upamana,,nyaya_synthetic
i think that we shouldn't abolish intellectual property rights because respect to the author,Anumana,moderate,ibm_reviewed
"From what we can verify on the record, a bottleneck in clinical triage. The downstream metric lags whenever the upstream queue saturates; so the system is contention-limited.",Anumana,,nyaya_synthetic
"Across public debate, the measured curve stayed flat until the threshold, then rose sharply in two trials.",Pratyaksha,,nyaya_synthetic
The workflow in medicine acts like a pipeline valve: small friction upstream amplifies delays downstream.,Upamana,,nyaya_synthetic
"Under ordinary conditions in this domain, a bottleneck in software reliability. The downstream metric lags whenever the upstream queue saturates; which implies the system is contention-limited.",Anumana,,nyaya_synthetic
Master augmentation (social media discourse): synthetic vignette uid master-pad-12; intended label Anumana at strong strength for evaluation bookkeeping.,Anumana,,nyaya_synthetic
"Under ordinary conditions in this domain, a bottleneck in school policy. The downstream metric lags whenever the upstream queue saturates; which implies the system is contention-limited.",Anumana,,nyaya_synthetic
There are the build-up of the concept about healthy eating habits and self-control that really matter,Anumana,moderate,aaec_reviewed
firearms can serve a purpose in rural communities which suffer from pests such as wild bore.,Anumana,moderate,ibm_reviewed
"there is simply no need, there is enough money in journalism and plenty of valuable, objective sources available",Shabda,moderate,ibm_reviewed
"Under ordinary conditions in this domain, a bottleneck in climate modeling. The downstream metric lags whenever the upstream queue saturates; therefore the system is contention-limited.",Anumana,,nyaya_synthetic
algorithmic trading should not be banned as it allows for more trading with fewer errors,Anumana,moderate,ibm_reviewed
"Explaining econometrics to newcomers is similar to teaching navigation: you start from landmarks people already trust, then map unfamiliar terrain onto those anchors.",Upamana,,nyaya_synthetic
"For newcomers in technology, a hash table is similar to a set of labeled drawers: fast lookup, occasional collisions.",Upamana,,nyaya_synthetic
providing professional training can be effective in encouraging further good work,Anumana,moderate,aaec_reviewed
"Explaining astrobiology to newcomers is similar to teaching navigation: you start from landmarks people already trust, then map unfamiliar terrain onto those anchors.",Upamana,,nyaya_synthetic
children could acquire the information regarding how to protect wild animals according to guided tour or volunteers,Shabda,strong,aaec_reviewed
people should be able to select the sex of the children so that they can balance their family the way they wish it to be.,Anumana,moderate,ibm_reviewed
"many children in foster care are not adequately supervised by social services, and thus are often mistreated.",Anumana,moderate,ibm_reviewed
Master augmentation (public debate): synthetic vignette uid master-pad-28; intended label Pratyaksha at weak strength for evaluation bookkeeping.,Pratyaksha,,nyaya_synthetic
we should not ban because it helps people feel good about themselves and improve their confidence.,Anumana,moderate,ibm_reviewed
"In science, debugging distributed traces is like following colored threads through a woven fabric.",Upamana,,nyaya_synthetic
people should be able to make the choice on their own without someone telling them that they can't.,Anumana,moderate,ibm_reviewed
Master augmentation (legal reasoning): synthetic vignette uid master-pad-8; intended label Shabda at moderate strength for evaluation bookkeeping.,Shabda,,nyaya_synthetic
"In astrobiology, the instrument trace shows a repeatable pattern across three runs. The operator log notes the same anomaly at the same timestamp window.",Pratyaksha,,nyaya_synthetic
we should abandon school uniform because everyone has the right to be an individual and express themselves.,Anumana,moderate,ibm_reviewed
this type of surgery has risks associated with it just like other ones except this one is not needed,Upamana,moderate,ibm_reviewed
Master augmentation (medicine): synthetic vignette uid master-pad-7; intended label Upamana at weak strength for evaluation bookkeeping.,Upamana,,nyaya_synthetic
prohibiting women in combat is sexist. women are just as capable of men in combat with proper training.,Upamana,moderate,ibm_reviewed
"Under ordinary conditions in this domain, a bottleneck in history of science. The downstream metric lags whenever the upstream queue saturates; so the system is contention-limited.",Anumana,,nyaya_synthetic
journalism provides information and news so that we can know what is going on outside of our immediate area,Shabda,moderate,ibm_reviewed
Every day comes with new challenges for them like walking,Upamana,moderate,aaec_reviewed
"affirmative action is necessary to rectify the damage done by past injustices, such as slavery.",Anumana,moderate,ibm_reviewed
"It is not uncommon that the teenages are found sleepless for several days playing on-line games at public internet bar, and there are also some media reports regarding the sudden death case of the teenages in the internet bar",Shabda,strong,aaec_reviewed
"On balance, the evidence indicates a bottleneck in journalism ethics. The downstream metric lags whenever the upstream queue saturates; therefore the system is contention-limited.",Anumana,,nyaya_synthetic
"compulsory voting is inconvenient, especially to those with mobility issues or just cannot take time off work to vote.",Anumana,moderate,ibm_reviewed
visiting a museum saves their precious time for making a decision,Anumana,moderate,aaec_reviewed
private military companies are around to make a profit and may do things that are dangerous in order to cut expenses,Anumana,moderate,ibm_reviewed
it houses some of the most dangerous people and those people should be as far from society as possible.,Anumana,moderate,ibm_reviewed
there is a risk of children exploitation by forcing them to act things they wouldn't normally do in life,Anumana,moderate,ibm_reviewed
"Because the control arm improved while the treatment arm flatlined in daily life, the intervention may lack efficacy.",Anumana,,nyaya_synthetic
"According to the published standard for urban planning, reviewers must document assumptions and cite the controlling source. Experts in the field treat that requirement as a minimum bar for credibility.",Shabda,,nyaya_synthetic
"yes, we are too far in debt with no way to pay back even the interest that debt is incurring, without borrowing more money.",Anumana,moderate,ibm_reviewed
Flag burning is a constitutional right and cannot be banned without changing the constitution.,Shabda,moderate,ibm_reviewed
"We measured the artifact directly in history of science. Still, the manual states a different nominal range, so practitioners defer to the handbook when reporting.",Shabda,,nyaya_synthetic
"affirmative action can lead to people who are less qualified getting positions they would otherwise not be able to achieve,",Anumana,strong,ibm_reviewed
"flag burning qualifies as the right to protest, which is a right upheld by the constitution.",Shabda,moderate,ibm_reviewed
"In education, a direct check showed the instrument reading drifting outside tolerance during the run.",Pratyaksha,,nyaya_synthetic
economic sanctions must be retained as it is the only way in which dishonest countries can be made to mend their ways.,Anumana,moderate,ibm_reviewed
Experts in education now recommend documenting provenance for every dataset used in training.,Shabda,,nyaya_synthetic
"Taken together, the observations suggest a bottleneck in climate modeling. The downstream metric lags whenever the upstream queue saturates; therefore the system is contention-limited.",Anumana,,nyaya_synthetic
home schooling provides a safe place to learn without school shooting and bullying dangers,Anumana,moderate,ibm_reviewed
"flag burning qualifies as the right to protest, which is a right upheld by the constitution.",Shabda,moderate,ibm_reviewed
Researchers publishing in medicine reported a replication failure under stricter preprocessing.,Shabda,,nyaya_synthetic
"Across philosophy, the measured curve stayed flat until the threshold, then rose sharply in two trials.",Pratyaksha,,nyaya_synthetic
"Taken together, the observations suggest a bottleneck in urban planning. The downstream metric lags whenever the upstream queue saturates; which makes it plausible that the system is contention-limited.",Anumana,,nyaya_synthetic
Researchers publishing in daily life reported a replication failure under stricter preprocessing.,Shabda,,nyaya_synthetic
the juries should at least know something about the criminals before coming to a conclusion,Anumana,moderate,aaec_reviewed
there are still many other aspects which should be seen as important as income when people choose a job,Anumana,moderate,aaec_reviewed
"In medicine, the feedback loop behaves like a thermostat hunting around a noisy setpoint.",Upamana,,nyaya_synthetic
"students only need to study academic subjects like mathematics, physics",Upamana,moderate,aaec_reviewed
"The social media platform must be regulated by the government, to prevent hateful content, violence among others",Shabda,strong,ibm_reviewed
an austerity regime is bad: the government needs to keep its programs and the people need to keep their money.,Shabda,moderate,ibm_reviewed
"In science, debugging distributed traces is like following colored threads through a woven fabric.",Upamana,,nyaya_synthetic
"For newcomers in daily life, a hash table is similar to a set of labeled drawers: fast lookup, occasional collisions.",Upamana,,nyaya_synthetic
"On balance, the evidence indicates a bottleneck in supply chains. The downstream metric lags whenever the upstream queue saturates; which makes it plausible that the system is contention-limited.",Anumana,,nyaya_synthetic
"In daily life, the leading indicator moved first; therefore the downstream effect is the plausible explanation.",Anumana,,nyaya_synthetic
subsidized student loans provide a lower interest rate and result in less debt for college graduates,Anumana,moderate,ibm_reviewed
journalism should not be subsidized because subsidies could too easily be allotted according to political beliefs.,Shabda,strong,ibm_reviewed
zero tolerance stifles young people from expressing themselves and learning from their mistakes.,Anumana,moderate,ibm_reviewed
Master augmentation (legal reasoning): synthetic vignette uid master-pad-8; intended label Shabda at moderate strength for evaluation bookkeeping.,Shabda,,nyaya_synthetic
Master augmentation (education): synthetic vignette uid master-pad-40; intended label Pratyaksha at moderate strength for evaluation bookkeeping.,Pratyaksha,,nyaya_synthetic
"after a certain age, people physical reflexes and mental acuity are more likely to decline",Anumana,moderate,ibm_reviewed
"In education, a direct check showed the instrument reading drifting outside tolerance during the run.",Pratyaksha,,nyaya_synthetic
Researchers publishing in philosophy reported a replication failure under stricter preprocessing.,Shabda,,nyaya_synthetic
"During the education walkthrough, we could hear intermittent clicking from the enclosure with no load applied.",Pratyaksha,,nyaya_synthetic
"According to the published standard for urban planning, reviewers must document assumptions and cite the controlling source. Experts in the field treat that requirement as a minimum bar for credibility.",Shabda,,nyaya_synthetic
"Across philosophy, the measured curve stayed flat until the threshold, then rose sharply in two trials.",Pratyaksha,,nyaya_synthetic
A recent bulletin in education states that the prior guideline was superseded last quarter.,Shabda,,nyaya_synthetic
Master augmentation (medicine): synthetic vignette uid master-pad-19; intended label Pratyaksha at weak strength for evaluation bookkeeping.,Pratyaksha,,nyaya_synthetic
urbanization has everything nearby some those that can't travel far will have everything they need close to them,Anumana,moderate,ibm_reviewed
"For newcomers in technology, a hash table is similar to a set of labeled drawers: fast lookup, occasional collisions.",Upamana,,nyaya_synthetic
"Under ordinary conditions in this domain, a bottleneck in clinical triage. The downstream metric lags whenever the upstream queue saturates; which supports the view that the system is contention-limited.",Anumana,,nyaya_synthetic
"We measured the artifact directly in clinical triage. Still, the manual states a different nominal range, so practitioners defer to the handbook when reporting.",Shabda,,nyaya_synthetic
some groups of people are more prone to crime than others and this helps police get more criminals off the streets.,Anumana,moderate,ibm_reviewed
"In public debate, the feedback loop behaves like a thermostat hunting around a noisy setpoint.",Upamana,,nyaya_synthetic
"Just like a man that needs a healthy body, all the living creatures as a whole needs a strong planet as well",Upamana,moderate,aaec_reviewed
Experts in daily life now recommend documenting provenance for every dataset used in training.,Shabda,,nyaya_synthetic
atheism should not be adopted because a world without a god is a world headed for destruction,Anumana,moderate,ibm_reviewed
A recent bulletin in technology states that the prior guideline was superseded last quarter.,Shabda,,nyaya_synthetic
it doesn`t have free healthcare and it has a lot of shootings and racist systems in place.,Anumana,moderate,ibm_reviewed
"If we treat the premises charitably, a bottleneck in software reliability. The downstream metric lags whenever the upstream queue saturates; therefore the system is contention-limited.",Anumana,,nyaya_synthetic
Field notes from social media discourse record visible condensation on the cold line within minutes of startup.,Pratyaksha,,nyaya_synthetic
Master augmentation (politics): synthetic vignette uid master-pad-3; intended label Pratyaksha at moderate strength for evaluation bookkeeping.,Pratyaksha,,nyaya_synthetic
Master augmentation (medicine): synthetic vignette uid master-pad-19; intended label Pratyaksha at weak strength for evaluation bookkeeping.,Pratyaksha,,nyaya_synthetic
"From what we can verify on the record, a bottleneck in supply chains. The downstream metric lags whenever the upstream queue saturates; therefore the system is contention-limited.",Anumana,,nyaya_synthetic
"entrapment is unfair and manipulative, they may not ever have committed a crime had they not been manipulated into it",Anumana,moderate,ibm_reviewed
"In technology, the feedback loop behaves like a thermostat hunting around a noisy setpoint.",Upamana,,nyaya_synthetic
Woman in combat can equally do just as much as their male counterparts in combat duty.,Upamana,moderate,ibm_reviewed
people should be free to follow their own faith and it should not be a government decision.,Shabda,moderate,ibm_reviewed
Atheism is likely the correct conclusion with all the horrible things that happen in this world,Anumana,moderate,ibm_reviewed
"Under ordinary conditions in this domain, a bottleneck in history of science. The downstream metric lags whenever the upstream queue saturates; hence the system is contention-limited.",Anumana,,nyaya_synthetic
"According to the social media discourse handbook, the device must complete a full calibration cycle before first use.",Shabda,,nyaya_synthetic
"In science, debugging distributed traces is like following colored threads through a woven fabric.",Upamana,,nyaya_synthetic
The workflow in social media discourse acts like a pipeline valve: small friction upstream amplifies delays downstream.,Upamana,,nyaya_synthetic
"We measured the artifact directly in history of science. Still, the manual states a different nominal range, so practitioners defer to the handbook when reporting.",Shabda,,nyaya_synthetic
space exploration provides the basis for scientific development in many ways and should be subsidized,Anumana,moderate,ibm_reviewed
Flag burning is a constitutional right and cannot be banned without changing the constitution.,Shabda,moderate,ibm_reviewed
"In politics, a direct check showed the instrument reading drifting outside tolerance during the run.",Pratyaksha,,nyaya_synthetic
"in era technology like this age, computer becomes important thing in human life",Upamana,moderate,aaec_reviewed
"With the help of advanced methods, many art masterpiece has been well restorated and well preserved",Anumana,moderate,aaec_reviewed
Master augmentation (education): synthetic vignette uid master-pad-32; intended label Shabda at strong strength for evaluation bookkeeping.,Shabda,,nyaya_synthetic
"From what we can verify on the record, a bottleneck in software reliability. The downstream metric lags whenever the upstream queue saturates; which makes it plausible that the system is contention-limited.",Anumana,,nyaya_synthetic
"According to the technology handbook, the device must complete a full calibration cycle before first use.",Shabda,,nyaya_synthetic
"According to the education handbook, the device must complete a full calibration cycle before first use.",Shabda,,nyaya_synthetic
"In medicine, debugging distributed traces is like following colored threads through a woven fabric.",Upamana,,nyaya_synthetic
"Under ordinary conditions in this domain, a bottleneck in software reliability. The downstream metric lags whenever the upstream queue saturates; which supports the view that the system is contention-limited.",Anumana,,nyaya_synthetic
"In cybersecurity operations, the instrument trace shows a repeatable pattern across three runs. The operator log notes the same anomaly at the same timestamp window.",Pratyaksha,,nyaya_synthetic
Field notes from science record visible condensation on the cold line within minutes of startup.,Pratyaksha,,nyaya_synthetic
A recent bulletin in philosophy states that the prior guideline was superseded last quarter.,Shabda,,nyaya_synthetic
"In science, debugging distributed traces is like following colored threads through a woven fabric.",Upamana,,nyaya_synthetic
"For newcomers in technology, a hash table is similar to a set of labeled drawers: fast lookup, occasional collisions.",Upamana,,nyaya_synthetic
"human cloning will lead to scientific advancements that will save lives and as such, should not be banned",Anumana,moderate,ibm_reviewed
it has many good uses & could be a good tax revenue generator for the states & federal government,Shabda,moderate,ibm_reviewed
better journalism is needed to keep our governments in check and the general population in the know,Shabda,moderate,ibm_reviewed
"Likewise, other animals such as, horses, cattles and donkeys for farming, agriculture and as a mode of transportation",Upamana,moderate,aaec_reviewed
why should evil people be taken care of their whole lives while in prison. killing them saves money.,Anumana,moderate,ibm_reviewed
"In news analysis, the feedback loop behaves like a thermostat hunting around a noisy setpoint.",Upamana,,nyaya_synthetic
"Unlike a professional, parents always support children and give them much social skill so they can communicate well with others and have good habit in life",Upamana,moderate,aaec_reviewed
it's necessary to have children in tv shows and movies and therefore banning them from acting makes no sense.,Anumana,moderate,ibm_reviewed
"Across medicine, the measured curve stayed flat until the threshold, then rose sharply in two trials.",Pratyaksha,,nyaya_synthetic
The workflow in social media discourse acts like a pipeline valve: small friction upstream amplifies delays downstream.,Upamana,,nyaya_synthetic
"In philosophy, a direct check showed the instrument reading drifting outside tolerance during the run.",Pratyaksha,,nyaya_synthetic
Experts in legal reasoning now recommend documenting provenance for every dataset used in training.,Shabda,,nyaya_synthetic
Experts in public debate now recommend documenting provenance for every dataset used in training.,Shabda,,nyaya_synthetic
"From what we can verify on the record, a bottleneck in supply chains. The downstream metric lags whenever the upstream queue saturates; which implies the system is contention-limited.",Anumana,,nyaya_synthetic
This is especially true in sectors like entertainment and sports,Upamana,moderate,aaec_reviewed
we need to do away with intellectual property rights so it doesn't slow down innovation,Anumana,moderate,ibm_reviewed
"Art and music are, of course most accessible tools for modern people to liberate themselves from the extremely stressful life",Anumana,moderate,aaec_reviewed
Child vaccination should be mandatory because it protects this vulnerable population from catastrophic diseases,Anumana,moderate,ibm_reviewed
"According to the daily life handbook, the device must complete a full calibration cycle before first use.",Shabda,,nyaya_synthetic
"In politics, debugging distributed traces is like following colored threads through a woven fabric.",Upamana,,nyaya_synthetic
entrapment convinces people to commit a crime when they normally wouldn't and should not be legal.,Anumana,moderate,ibm_reviewed
"According to the published standard for urban planning, reviewers must document assumptions and cite the controlling source. Experts in the field treat that requirement as a minimum bar for credibility.",Shabda,,nyaya_synthetic
adopting atheism infringes upon people's first amendment right to freedom of religion.,Anumana,moderate,ibm_reviewed
it will be a safer environment for women to make this legitimate choice to sell their companionship and sexual services,Anumana,moderate,ibm_reviewed
married women could go to work in order to enjoy the working life outside the home,Anumana,moderate,aaec_reviewed
"Taken together, the observations suggest a bottleneck in software reliability. The downstream metric lags whenever the upstream queue saturates; which makes it plausible that the system is contention-limited.",Anumana,,nyaya_synthetic
foster care can be horrible for the child when moving from home to home and never settling down in one place.,Anumana,moderate,ibm_reviewed
Master augmentation (daily life): synthetic vignette uid master-pad-13; intended label Anumana at weak strength for evaluation bookkeeping.,Anumana,,nyaya_synthetic
Researchers publishing in education reported a replication failure under stricter preprocessing.,Shabda,,nyaya_synthetic
"During the technology walkthrough, we could hear intermittent clicking from the enclosure with no load applied.",Pratyaksha,,nyaya_synthetic
"In medicine, debugging distributed traces is like following colored threads through a woven fabric.",Upamana,,nyaya_synthetic
"exchange of knowledge in different sectors of research like electronics, medical, astronomy etc would become easier",Upamana,moderate,aaec_reviewed
Master augmentation (news analysis): synthetic vignette uid master-pad-18; intended label Upamana at weak strength for evaluation bookkeeping.,Upamana,,nyaya_synthetic
Experts in technology now recommend documenting provenance for every dataset used in training.,Shabda,,nyaya_synthetic
"Austerity policies can result in lower growth and lower tax revenues, especially in times of recession.",Anumana,moderate,ibm_reviewed
"During the social media discourse walkthrough, we could hear intermittent clicking from the enclosure with no load applied.",Pratyaksha,,nyaya_synthetic
Social media platforms ought to be regulated by the government to stop the crimes of blackmailing.,Shabda,moderate,ibm_reviewed
"Unlike a professional, parents always support children and give them much social skill so they can communicate well with others and have good habit in life",Upamana,moderate,aaec_reviewed
qualification should be the foremost measurement to determine the value of a employer,Anumana,moderate,aaec_reviewed
"During the politics walkthrough, we could hear intermittent clicking from the enclosure with no load applied.",Pratyaksha,,nyaya_synthetic
A recent bulletin in public debate states that the prior guideline was superseded last quarter.,Shabda,,nyaya_synthetic
we should not end mandatory retirement because people need to stop working and enjoy life before they die.,Anumana,moderate,ibm_reviewed
flag burning is basically incitement and should be treated as a criminal offence because it placed societies in danger.,Anumana,moderate,ibm_reviewed
"In daily life, the feedback loop behaves like a thermostat hunting around a noisy setpoint.",Upamana,,nyaya_synthetic
We should abandon marriage as with divorce rates so high it is clear that is has become an outmoded concept.,Anumana,moderate,ibm_reviewed
Master augmentation (philosophy): synthetic vignette uid master-pad-24; intended label Pratyaksha at weak strength for evaluation bookkeeping.,Pratyaksha,,nyaya_synthetic
"Across education, the measured curve stayed flat until the threshold, then rose sharply in two trials.",Pratyaksha,,nyaya_synthetic
"According to the published standard for history of science, reviewers must document assumptions and cite the controlling source. Experts in the field treat that requirement as a minimum bar for credibility.",Shabda,,nyaya_synthetic
Master augmentation (philosophy): synthetic vignette uid master-pad-38; intended label Shabda at moderate strength for evaluation bookkeeping.,Shabda,,nyaya_synthetic
Field notes from daily life record visible condensation on the cold line within minutes of startup.,Pratyaksha,,nyaya_synthetic
"For newcomers in technology, a hash table is similar to a set of labeled drawers: fast lookup, occasional collisions.",Upamana,,nyaya_synthetic
"Because the control arm improved while the treatment arm flatlined in education, the intervention may lack efficacy.",Anumana,,nyaya_synthetic
Researchers publishing in public debate reported a replication failure under stricter preprocessing.,Shabda,,nyaya_synthetic
Field notes from legal reasoning record visible condensation on the cold line within minutes of startup.,Pratyaksha,,nyaya_synthetic
"In news analysis, debugging distributed traces is like following colored threads through a woven fabric.",Upamana,,nyaya_synthetic
"Under ordinary conditions in this domain, a bottleneck in clinical triage. The downstream metric lags whenever the upstream queue saturates; which makes it plausible that the system is contention-limited.",Anumana,,nyaya_synthetic
"On balance, the evidence indicates a bottleneck in school policy. The downstream metric lags whenever the upstream queue saturates; which makes it plausible that the system is contention-limited.",Anumana,,nyaya_synthetic
"In technology, a direct check showed the instrument reading drifting outside tolerance during the run.",Pratyaksha,,nyaya_synthetic
"Since the premise set is ambiguous in medicine, interpreters will default to the narrower reading.",Anumana,,nyaya_synthetic
"By taking up a job, a wife can earn more money to support her family life",Anumana,moderate,aaec_reviewed
Master augmentation (news analysis): synthetic vignette uid master-pad-15; intended label Pratyaksha at moderate strength for evaluation bookkeeping.,Pratyaksha,,nyaya_synthetic
"Across daily life, the measured curve stayed flat until the threshold, then rose sharply in two trials.",Pratyaksha,,nyaya_synthetic
"Taken together, the observations suggest a bottleneck in cybersecurity operations. The downstream metric lags whenever the upstream queue saturates; which makes it plausible that the system is contention-limited.",Anumana,,nyaya_synthetic
Master augmentation (philosophy): synthetic vignette uid master-pad-24; intended label Pratyaksha at weak strength for evaluation bookkeeping.,Pratyaksha,,nyaya_synthetic
"Explaining software reliability to newcomers is similar to teaching navigation: you start from landmarks people already trust, then map unfamiliar terrain onto those anchors.",Upamana,,nyaya_synthetic
we should subsidize student loans because it gives students with low income to get the education they deserve,Anumana,moderate,ibm_reviewed
"During the technology walkthrough, we could hear intermittent clicking from the enclosure with no load applied.",Pratyaksha,,nyaya_synthetic
"In software reliability, the instrument trace shows a repeatable pattern across three runs. The operator log notes the same anomaly at the same timestamp window.",Pratyaksha,,nyaya_synthetic
"Across science, the measured curve stayed flat until the threshold, then rose sharply in two trials.",Pratyaksha,,nyaya_synthetic
"According to the philosophy handbook, the device must complete a full calibration cycle before first use.",Shabda,,nyaya_synthetic
Field notes from philosophy record visible condensation on the cold line within minutes of startup.,Pratyaksha,,nyaya_synthetic
The workflow in legal reasoning acts like a pipeline valve: small friction upstream amplifies delays downstream.,Upamana,,nyaya_synthetic
"In history of science, the instrument trace shows a repeatable pattern across three runs. The operator log notes the same anomaly at the same timestamp window.",Pratyaksha,,nyaya_synthetic
"In legal reasoning, the feedback loop behaves like a thermostat hunting around a noisy setpoint.",Upamana,,nyaya_synthetic
"In journalism ethics, the instrument trace shows a repeatable pattern across three runs. The operator log notes the same anomaly at the same timestamp window.",Pratyaksha,,nyaya_synthetic
Social media platforms should not be regulated by the government because crimes can't be committed on the internet,Shabda,strong,ibm_reviewed
"We measured the artifact directly in journalism ethics. Still, the manual states a different nominal range, so practitioners defer to the handbook when reporting.",Shabda,,nyaya_synthetic
Field notes from social media discourse record visible condensation on the cold line within minutes of startup.,Pratyaksha,,nyaya_synthetic
"Minors have very few rights as it is, why take away their freedom of expression when there are no harms in allowing it?",Anumana,moderate,ibm_reviewed
students will choose a career that they want including the job with high salary include,Anumana,moderate,aaec_reviewed
Field notes from philosophy record visible condensation on the cold line within minutes of startup.,Pratyaksha,,nyaya_synthetic
compulsory voting will cause more people feel like the government has too much power and the country will feel less free,Upamana,strong,ibm_reviewed
"For newcomers in social media discourse, a hash table is similar to a set of labeled drawers: fast lookup, occasional collisions.",Upamana,,nyaya_synthetic
"In urban planning, the instrument trace shows a repeatable pattern across three runs. The operator log notes the same anomaly at the same timestamp window.",Pratyaksha,,nyaya_synthetic
Social media measures can reduce the activities of malicious people who use the networks for selfish purposes.,Anumana,moderate,ibm_reviewed
"From what we can verify on the record, a bottleneck in history of science. The downstream metric lags whenever the upstream queue saturates; which implies the system is contention-limited.",Anumana,,nyaya_synthetic
The workflow in social media discourse acts like a pipeline valve: small friction upstream amplifies delays downstream.,Upamana,,nyaya_synthetic
Researchers publishing in science reported a replication failure under stricter preprocessing.,Shabda,,nyaya_synthetic
"We measured the artifact directly in clinical triage. Still, the manual states a different nominal range, so practitioners defer to the handbook when reporting.",Shabda,,nyaya_synthetic
"In science, the feedback loop behaves like a thermostat hunting around a noisy setpoint.",Upamana,,nyaya_synthetic
"For newcomers in news analysis, a hash table is similar to a set of labeled drawers: fast lookup, occasional collisions.",Upamana,,nyaya_synthetic
"Taken together, the observations suggest a bottleneck in econometrics. The downstream metric lags whenever the upstream queue saturates; which supports the view that the system is contention-limited.",Anumana,,nyaya_synthetic
"If we treat the premises charitably, a bottleneck in econometrics. The downstream metric lags whenever the upstream queue saturates; therefore the system is contention-limited.",Anumana,,nyaya_synthetic
"From what we can verify on the record, a bottleneck in constitutional law. The downstream metric lags whenever the upstream queue saturates; so the system is contention-limited.",Anumana,,nyaya_synthetic
"If we treat the premises charitably, a bottleneck in software reliability. The downstream metric lags whenever the upstream queue saturates; which supports the view that the system is contention-limited.",Anumana,,nyaya_synthetic
"Across politics, the measured curve stayed flat until the threshold, then rose sharply in two trials.",Pratyaksha,,nyaya_synthetic
Master augmentation (news analysis): synthetic vignette uid master-pad-18; intended label Upamana at weak strength for evaluation bookkeeping.,Upamana,,nyaya_synthetic
"On balance, the evidence indicates a bottleneck in school policy. The downstream metric lags whenever the upstream queue saturates; hence the system is contention-limited.",Anumana,,nyaya_synthetic
I personally consider this fact as the harmful thing that television has brought upon us,Anumana,moderate,aaec_reviewed
"Taken together, the observations suggest a bottleneck in history of science. The downstream metric lags whenever the upstream queue saturates; which makes it plausible that the system is contention-limited.",Anumana,,nyaya_synthetic
"Child vaccination should be mandatory, to prevent fatal disease in children, I think it is a very good decision",Anumana,moderate,ibm_reviewed
subsidizing student loans will put many students in debt that they will have trouble paying off.,Anumana,moderate,ibm_reviewed
A recent bulletin in education states that the prior guideline was superseded last quarter.,Shabda,,nyaya_synthetic
entrapment can be a useful tool in proving that someone is guilty of a crime when traditional methods have failed.,Anumana,moderate,ibm_reviewed
"During the philosophy walkthrough, we could hear intermittent clicking from the enclosure with no load applied.",Pratyaksha,,nyaya_synthetic
"three strikes laws have not decreased the number of crimes being committed, so they have no purpose.",Anumana,moderate,ibm_reviewed
"In education, a direct check showed the instrument reading drifting outside tolerance during the run.",Pratyaksha,,nyaya_synthetic
"In science, debugging distributed traces is like following colored threads through a woven fabric.",Upamana,,nyaya_synthetic
Every technology has it’s good and bad effects but I prefer having the technologies with their disadvantages to living like 16 century without any of modern facilities of technology,Upamana,moderate,aaec_reviewed
"They have more opportunities, profits, and authorities",Anumana,weak,aaec_reviewed
Master augmentation (science): synthetic vignette uid master-pad-37; intended label Upamana at moderate strength for evaluation bookkeeping.,Upamana,,nyaya_synthetic
"We measured the artifact directly in school policy. Still, the manual states a different nominal range, so practitioners defer to the handbook when reporting.",Shabda,,nyaya_synthetic
if everyone was to use public defenderd everyone would have an equal chance. money couldn't buy yourself out of trouble.,Anumana,moderate,ibm_reviewed
if we end mandatory retirement many older workers that want to retire after many years of service may be denied that right,Anumana,moderate,ibm_reviewed
"in era technology like this age, computer becomes important thing in human life",Upamana,moderate,aaec_reviewed
entrapment should be legalized because it helps catches criminals and puts them behind bars.,Anumana,moderate,ibm_reviewed
"According to the published standard for astrobiology, reviewers must document assumptions and cite the controlling source. Experts in the field treat that requirement as a minimum bar for credibility.",Shabda,,nyaya_synthetic
"For newcomers in philosophy, a hash table is similar to a set of labeled drawers: fast lookup, occasional collisions.",Upamana,,nyaya_synthetic
Journalism is critical to creating an informed populace. Subsidization will allow it to provide even more information.,Shabda,moderate,ibm_reviewed
this type of surgery has risks associated with it just like other ones except this one is not needed,Upamana,moderate,ibm_reviewed
dancing is an important part of culture,Anumana,weak,aaec_reviewed
Experts in news analysis now recommend documenting provenance for every dataset used in training.,Shabda,,nyaya_synthetic
"From what we can verify on the record, a bottleneck in software reliability. The downstream metric lags whenever the upstream queue saturates; which implies the system is contention-limited.",Anumana,,nyaya_synthetic
"In public debate, debugging distributed traces is like following colored threads through a woven fabric.",Upamana,,nyaya_synthetic
"From what we can verify on the record, a bottleneck in astrobiology. The downstream metric lags whenever the upstream queue saturates; hence the system is contention-limited.",Anumana,,nyaya_synthetic
Master augmentation (philosophy): synthetic vignette uid master-pad-5; intended label Pratyaksha at weak strength for evaluation bookkeeping.,Pratyaksha,,nyaya_synthetic
mandatory retirement opens up jobs for those unemployeed or are starting out in the workplace.,Anumana,moderate,ibm_reviewed
Master augmentation (philosophy): synthetic vignette uid master-pad-5; intended label Pratyaksha at weak strength for evaluation bookkeeping.,Pratyaksha,,nyaya_synthetic
Master augmentation (news analysis): synthetic vignette uid master-pad-18; intended label Upamana at weak strength for evaluation bookkeeping.,Upamana,,nyaya_synthetic
"From what we can verify on the record, a bottleneck in constitutional law. The downstream metric lags whenever the upstream queue saturates; therefore the system is contention-limited.",Anumana,,nyaya_synthetic
Master augmentation (medicine): synthetic vignette uid master-pad-19; intended label Pratyaksha at weak strength for evaluation bookkeeping.,Pratyaksha,,nyaya_synthetic
we need to adopt an austerity regime so the government stops over spending on unnecessary things,Shabda,moderate,ibm_reviewed
"Taken together, the observations suggest a bottleneck in urban planning. The downstream metric lags whenever the upstream queue saturates; which supports the view that the system is contention-limited.",Anumana,,nyaya_synthetic
"In social media discourse, the feedback loop behaves like a thermostat hunting around a noisy setpoint.",Upamana,,nyaya_synthetic
"Across news analysis, the measured curve stayed flat until the threshold, then rose sharply in two trials.",Pratyaksha,,nyaya_synthetic
three strikes laws lack nuance and fail to evaluate circumstances around crimes committed.,Anumana,moderate,ibm_reviewed
"On balance, the evidence indicates a bottleneck in urban planning. The downstream metric lags whenever the upstream queue saturates; which makes it plausible that the system is contention-limited.",Anumana,,nyaya_synthetic
"It is not uncommon that the teenages are found sleepless for several days playing on-line games at public internet bar, and there are also some media reports regarding the sudden death case of the teenages in the internet bar",Shabda,strong,aaec_reviewed
"From what we can verify on the record, a bottleneck in urban planning. The downstream metric lags whenever the upstream queue saturates; which implies the system is contention-limited.",Anumana,,nyaya_synthetic
private military companies are risky businesses that can backfire against government's military forces,Shabda,strong,ibm_reviewed
women are weaker than men and thus would be more of a burden than a help in the battlefield.,Anumana,moderate,ibm_reviewed
"Under ordinary conditions in this domain, a bottleneck in econometrics. The downstream metric lags whenever the upstream queue saturates; which supports the view that the system is contention-limited.",Anumana,,nyaya_synthetic
legalizing cannabis would lead to more car accidents with people driving under the influence,Anumana,moderate,ibm_reviewed
"Taken together, the observations suggest a bottleneck in supply chains. The downstream metric lags whenever the upstream queue saturates; therefore the system is contention-limited.",Anumana,,nyaya_synthetic
"According to the published standard for astrobiology, reviewers must document assumptions and cite the controlling source. Experts in the field treat that requirement as a minimum bar for credibility.",Shabda,,nyaya_synthetic
these cameras can help to provide some form of protection to the workers against the customers,Anumana,moderate,aaec_reviewed
"In climate modeling, the instrument trace shows a repeatable pattern across three runs. The operator log notes the same anomaly at the same timestamp window.",Pratyaksha,,nyaya_synthetic
the selection of sex is a private and personal decision of the parents and must be respected,Anumana,moderate,ibm_reviewed
we should adopt a zero-tolerance policy because it will keep kids disciplined and the schools will be safer,Anumana,moderate,ibm_reviewed
Experts in politics now recommend documenting provenance for every dataset used in training.,Shabda,,nyaya_synthetic
"parents are not trained, qualified teachers and kids need to learn to socialize with other kids",Anumana,moderate,ibm_reviewed
Master augmentation (medicine): synthetic vignette uid master-pad-7; intended label Upamana at weak strength for evaluation bookkeeping.,Upamana,,nyaya_synthetic
compulsory voting would make the opinions of everyone's opinions be taken into account.,Anumana,moderate,ibm_reviewed
they regard the violence as reasonable and justifiable,Anumana,weak,aaec_reviewed
"Across public debate, the measured curve stayed flat until the threshold, then rose sharply in two trials.",Pratyaksha,,nyaya_synthetic
"We measured the artifact directly in history of science. Still, the manual states a different nominal range, so practitioners defer to the handbook when reporting.",Shabda,,nyaya_synthetic
"Taken together, the observations suggest a bottleneck in journalism ethics. The downstream metric lags whenever the upstream queue saturates; so the system is contention-limited.",Anumana,,nyaya_synthetic
Master augmentation (education): synthetic vignette uid master-pad-40; intended label Pratyaksha at moderate strength for evaluation bookkeeping.,Pratyaksha,,nyaya_synthetic
urbanization is not good for peoples mental health and makes them feel isolated due to overcrowding,Anumana,moderate,ibm_reviewed
Having knowledge about other countries and their languages lead to extend the child's vision,Anumana,moderate,aaec_reviewed
"Across legal reasoning, the measured curve stayed flat until the threshold, then rose sharply in two trials.",Pratyaksha,,nyaya_synthetic
"Explaining history of science to newcomers is similar to teaching navigation: you start from landmarks people already trust, then map unfamiliar terrain onto those anchors.",Upamana,,nyaya_synthetic
Experts in legal reasoning now recommend documenting provenance for every dataset used in training.,Shabda,,nyaya_synthetic
Our difficult experiences also make us robust and strong unknowingly,Anumana,moderate,aaec_reviewed
marriage provides a legal contract that provides boundaries if things do not work out.,Anumana,moderate,ibm_reviewed
Researchers publishing in politics reported a replication failure under stricter preprocessing.,Shabda,,nyaya_synthetic
Field notes from public debate record visible condensation on the cold line within minutes of startup.,Pratyaksha,,nyaya_synthetic
"During the science walkthrough, we could hear intermittent clicking from the enclosure with no load applied.",Pratyaksha,,nyaya_synthetic
The workflow in legal reasoning acts like a pipeline valve: small friction upstream amplifies delays downstream.,Upamana,,nyaya_synthetic
"In history of science, the instrument trace shows a repeatable pattern across three runs. The operator log notes the same anomaly at the same timestamp window.",Pratyaksha,,nyaya_synthetic
"According to the daily life handbook, the device must complete a full calibration cycle before first use.",Shabda,,nyaya_synthetic
even some disabled people with serious vertebral injuries can start doing physical activities like walking again thanks to the continuingly efforts of biomechanical engineers and neurologists,Upamana,moderate,aaec_reviewed
"Under ordinary conditions in this domain, a bottleneck in cybersecurity operations. The downstream metric lags whenever the upstream queue saturates; which makes it plausible that the system is contention-limited.",Anumana,,nyaya_synthetic
Master augmentation (science): synthetic vignette uid master-pad-6; intended label Upamana at strong strength for evaluation bookkeeping.,Upamana,,nyaya_synthetic
"We measured the artifact directly in supply chains. Still, the manual states a different nominal range, so practitioners defer to the handbook when reporting.",Shabda,,nyaya_synthetic
"If we treat the premises charitably, a bottleneck in school policy. The downstream metric lags whenever the upstream queue saturates; which supports the view that the system is contention-limited.",Anumana,,nyaya_synthetic
an austerity regime is bad: the government needs to keep its programs and the people need to keep their money.,Shabda,moderate,ibm_reviewed
"In philosophy, a direct check showed the instrument reading drifting outside tolerance during the run.",Pratyaksha,,nyaya_synthetic
people should be free to follow their own faith and it should not be a government decision.,Shabda,moderate,ibm_reviewed
"students only need to study academic subjects like mathematics, physics",Upamana,moderate,aaec_reviewed
the prosperity of tourism can provide benefits for people on a global scale,Anumana,moderate,aaec_reviewed
"Across philosophy, the measured curve stayed flat until the threshold, then rose sharply in two trials.",Pratyaksha,,nyaya_synthetic
"In medicine, a direct check showed the instrument reading drifting outside tolerance during the run.",Pratyaksha,,nyaya_synthetic
Master augmentation (science): synthetic vignette uid master-pad-36; intended label Upamana at weak strength for evaluation bookkeeping.,Upamana,,nyaya_synthetic
"From what we can verify on the record, a bottleneck in history of science. The downstream metric lags whenever the upstream queue saturates; which supports the view that the system is contention-limited.",Anumana,,nyaya_synthetic
"From what we can verify on the record, a bottleneck in clinical triage. The downstream metric lags whenever the upstream queue saturates; which supports the view that the system is contention-limited.",Anumana,,nyaya_synthetic
"Explaining climate modeling to newcomers is similar to teaching navigation: you start from landmarks people already trust, then map unfamiliar terrain onto those anchors.",Upamana,,nyaya_synthetic
"Under ordinary conditions in this domain, a bottleneck in supply chains. The downstream metric lags whenever the upstream queue saturates; which supports the view that the system is contention-limited.",Anumana,,nyaya_synthetic
"In philosophy, debugging distributed traces is like following colored threads through a woven fabric.",Upamana,,nyaya_synthetic
"According to the published standard for software reliability, reviewers must document assumptions and cite the controlling source. Experts in the field treat that requirement as a minimum bar for credibility.",Shabda,,nyaya_synthetic
"when people mess with mother nature by trying to select the sex of their child, only bad things can happen.",Anumana,moderate,ibm_reviewed
quick urbanization usually happens in unscrupulous ways with worker abuse and immense pollution.,Anumana,moderate,ibm_reviewed
"On balance, the evidence indicates a bottleneck in climate modeling. The downstream metric lags whenever the upstream queue saturates; hence the system is contention-limited.",Anumana,,nyaya_synthetic
the adoption of zero tolerance has effective in keeping bullying in check and all sorts of academic misconduct.,Shabda,moderate,ibm_reviewed
"Taken together, the observations suggest a bottleneck in constitutional law. The downstream metric lags whenever the upstream queue saturates; so the system is contention-limited.",Anumana,,nyaya_synthetic
Master augmentation (education): synthetic vignette uid master-pad-26; intended label Anumana at moderate strength for evaluation bookkeeping.,Anumana,,nyaya_synthetic
"Across politics, the measured curve stayed flat until the threshold, then rose sharply in two trials.",Pratyaksha,,nyaya_synthetic
private military companies are risky businesses that can backfire against government's military forces,Shabda,strong,ibm_reviewed
"Under ordinary conditions in this domain, a bottleneck in supply chains. The downstream metric lags whenever the upstream queue saturates; which makes it plausible that the system is contention-limited.",Anumana,,nyaya_synthetic
Master augmentation (news analysis): synthetic vignette uid master-pad-15; intended label Pratyaksha at moderate strength for evaluation bookkeeping.,Pratyaksha,,nyaya_synthetic
"We measured the artifact directly in supply chains. Still, the manual states a different nominal range, so practitioners defer to the handbook when reporting.",Shabda,,nyaya_synthetic
"In constitutional law, the instrument trace shows a repeatable pattern across three runs. The operator log notes the same anomaly at the same timestamp window.",Pratyaksha,,nyaya_synthetic
Experts in social media discourse now recommend documenting provenance for every dataset used in training.,Shabda,,nyaya_synthetic
sex selection would stop people having an abortion when they don't have the gender of child they wanted.,Anumana,moderate,ibm_reviewed
"For newcomers in news analysis, a hash table is similar to a set of labeled drawers: fast lookup, occasional collisions.",Upamana,,nyaya_synthetic
"From what we can verify on the record, a bottleneck in urban planning. The downstream metric lags whenever the upstream queue saturates; hence the system is contention-limited.",Anumana,,nyaya_synthetic
"In science, the feedback loop behaves like a thermostat hunting around a noisy setpoint.",Upamana,,nyaya_synthetic
"In medicine, a direct check showed the instrument reading drifting outside tolerance during the run.",Pratyaksha,,nyaya_synthetic
racial profiling is useful to monitor what is happening in society and so we should keep it.,Anumana,moderate,ibm_reviewed
"During the social media discourse walkthrough, we could hear intermittent clicking from the enclosure with no load applied.",Pratyaksha,,nyaya_synthetic
we can’t always let good people be rewarded in movies or TV programs,Anumana,moderate,aaec_reviewed
Researchers publishing in public debate reported a replication failure under stricter preprocessing.,Shabda,,nyaya_synthetic
"In school policy, the instrument trace shows a repeatable pattern across three runs. The operator log notes the same anomaly at the same timestamp window.",Pratyaksha,,nyaya_synthetic
human cloning can aid in research for medical issues as well as preserving the continuation of humankind.,Anumana,moderate,ibm_reviewed
"If we treat the premises charitably, a bottleneck in astrobiology. The downstream metric lags whenever the upstream queue saturates; which implies the system is contention-limited.",Anumana,,nyaya_synthetic
"During the social media discourse walkthrough, we could hear intermittent clicking from the enclosure with no load applied.",Pratyaksha,,nyaya_synthetic
"This will improve the quality of both universities and students, thus placing people in positions which suit them most",Anumana,strong,aaec_reviewed
