source,topic,stance,text,candidate_pramana,candidate_reason,final_pramana,strength_label,reviewed
IBM_ArgKP,We should abandon marriage,support,marriage in an obsolete institution that legally entangles people and does not let them free without incuring costs.,Anumana,No heuristic cue matched; default to Anumana (inferential argumentative span),Anumana,moderate,yes
IBM_ArgKP,We should abandon marriage,oppose,marriage has important religious groundings and we should not forbid people from following and adhering to their faith.,Anumana,No heuristic cue matched; default to Anumana (inferential argumentative span),Anumana,moderate,yes
IBM_ArgKP,We should abandon marriage,support,marriage is old fashioned and we don't need the state or church telling us how love should go,Anumana,No heuristic cue matched; default to Anumana (inferential argumentative span),Anumana,moderate,yes
IBM_ArgKP,We should abandon marriage,oppose,we should not abandon marriage because many religious people still believe in marriage,Anumana,Matched Anumana cues: because,Anumana,moderate,yes
IBM_ArgKP,We should abandon marriage,support,marriage is no longer necessary to obtain the benefits that have traditionally been associated with it,Anumana,No heuristic cue matched; default to Anumana (inferential argumentative span),Anumana,moderate,yes
IBM_ArgKP,We should abandon marriage,oppose,we should not abandon marriage as there is not much else in our society that can be considered sacred.,Anumana,No heuristic cue matched; default to Anumana (inferential argumentative span),Anumana,moderate,yes
IBM_ArgKP,We should abandon marriage,support,"marriage is an out date institution, and promotes failure in the form of divorce, so we should abandon it.",Anumana,No heuristic cue matched; default to Anumana (inferential argumentative span),Anumana,moderate,yes
IBM_ArgKP,We should abandon marriage,oppose,We should not abandon marriage as people still believe in the sanctity of the marriage vow and wish to declare their unity.,Anumana,No heuristic cue matched; default to Anumana (inferential argumentative span),Anumana,moderate,yes
IBM_ArgKP,We should abandon marriage,support,"marriage is an outdated institution that serves no real purpose, thus should be abandoned",Anumana,Matched Anumana cues: thus,Anumana,moderate,yes
IBM_ArgKP,We should abandon marriage,oppose,marriage is a needed contract that happens when two people decide to combine their lives and all parts of it.,Anumana,No heuristic cue matched; default to Anumana (inferential argumentative span),Anumana,moderate,yes
IBM_ArgKP,We should abandon marriage,support,marriage just isn't necessary any more as male and female roles have changed tremendously.,Anumana,No heuristic cue matched; default to Anumana (inferential argumentative span),Anumana,moderate,yes
IBM_ArgKP,We should abandon marriage,oppose,marriage provides a legal contract that provides boundaries if things do not work out.,Anumana,No heuristic cue matched; default to Anumana (inferential argumentative span),Anumana,moderate,yes
IBM_ArgKP,We should abandon marriage,support,"with divorce rates up so high, we should abandon marriage as an archaic and broken tradition.",Anumana,No heuristic cue matched; default to Anumana (inferential argumentative span),Anumana,moderate,yes
IBM_ArgKP,We should abandon marriage,oppose,committment and stability are important in the lives of children and marriage provides these qualities,Anumana,No heuristic cue matched; default to Anumana (inferential argumentative span),Anumana,moderate,yes
IBM_ArgKP,We should abandon marriage,support,We should abandon marriage as with divorce rates so high it is clear that is has become an outmoded concept.,Anumana,No heuristic cue matched; default to Anumana (inferential argumentative span),Anumana,moderate,yes
IBM_ArgKP,Homeschooling should be banned,oppose,homeschooling can lead to a better learning outcome for many children who struggle in the traditional classroom.,Anumana,No heuristic cue matched; default to Anumana (inferential argumentative span),Anumana,moderate,yes
IBM_ArgKP,Homeschooling should be banned,support,the kids do not get the proper socialization and may have more trouble moving on to college educationally and socially.,Anumana,No heuristic cue matched; default to Anumana (inferential argumentative span),Anumana,moderate,yes
IBM_ArgKP,Homeschooling should be banned,oppose,homeschooling should not be banned because some kids get picked on and a safe home setting is best place to learn.,Anumana,Matched Anumana cues: because,Anumana,strong,yes
IBM_ArgKP,Homeschooling should be banned,support,parents and other home schoolers are not as equipped as regular teachers and schools to educate students.,Anumana,No heuristic cue matched; default to Anumana (inferential argumentative span),Anumana,moderate,yes
IBM_ArgKP,Homeschooling should be banned,oppose,homeschooled kids get a good education and it is the parents right to school them how they see fit,Anumana,No heuristic cue matched; default to Anumana (inferential argumentative span),Anumana,moderate,yes
IBM_ArgKP,Homeschooling should be banned,support,The option of homeschooling a child allows abusive parents to hide their actions from the world.,Anumana,No heuristic cue matched; default to Anumana (inferential argumentative span),Anumana,moderate,yes
IBM_ArgKP,Homeschooling should be banned,oppose,home schooling provides a safe place to learn without school shooting and bullying dangers,Anumana,No heuristic cue matched; default to Anumana (inferential argumentative span),Anumana,moderate,yes
IBM_ArgKP,Homeschooling should be banned,support,"parents are not trained, qualified teachers and kids need to learn to socialize with other kids",Anumana,No heuristic cue matched; default to Anumana (inferential argumentative span),Anumana,moderate,yes
IBM_ArgKP,Homeschooling should be banned,oppose,"if the parents can provide a better education than what their local schools offer, they should be allowed to do so.",Anumana,No heuristic cue matched; default to Anumana (inferential argumentative span),Anumana,moderate,yes
IBM_ArgKP,Homeschooling should be banned,support,homeschooling should be banned because educational institutions still provide a better education.,Anumana,Matched Anumana cues: because,Anumana,moderate,yes
IBM_ArgKP,Homeschooling should be banned,oppose,"homeschooling is a good option for children who are bullied, giving them a safe place to learn",Anumana,No heuristic cue matched; default to Anumana (inferential argumentative span),Anumana,moderate,yes
IBM_ArgKP,Homeschooling should be banned,support,homeschooling can lead to children not forming the social bonds with their peers which they should.,Anumana,No heuristic cue matched; default to Anumana (inferential argumentative span),Anumana,moderate,yes
IBM_ArgKP,Homeschooling should be banned,oppose,we should continue to support homeschooling as it gives children another form of education when other forms do not work.,Anumana,No heuristic cue matched; default to Anumana (inferential argumentative span),Anumana,moderate,yes
IBM_ArgKP,Homeschooling should be banned,support,homeschooling should be banned because it doesn't provide the best learning environment for children,Anumana,Matched Anumana cues: because,Anumana,moderate,yes
IBM_ArgKP,Homeschooling should be banned,oppose,homeschooling lets kids learn on their own level and helps kids improve their learning skills,Anumana,No heuristic cue matched; default to Anumana (inferential argumentative span),Anumana,moderate,yes
IBM_ArgKP,We should abandon the use of school uniform,support,"Minors have very few rights as it is, why take away their freedom of expression when there are no harms in allowing it?",Anumana,No heuristic cue matched; default to Anumana (inferential argumentative span),Anumana,moderate,yes
IBM_ArgKP,We should abandon the use of school uniform,oppose,wearing uniforms decreases discrimination against children who do not have enough money to buy a lot of clothing,Anumana,No heuristic cue matched; default to Anumana (inferential argumentative span),Anumana,moderate,yes
IBM_ArgKP,We should abandon the use of school uniform,support,school uniforms interfere with the individuality of students and force them to conform.,Anumana,No heuristic cue matched; default to Anumana (inferential argumentative span),Anumana,moderate,yes
IBM_ArgKP,We should abandon the use of school uniform,oppose,School uniforms teach children that professional spaces require specific professional dress.,Anumana,No heuristic cue matched; default to Anumana (inferential argumentative span),Anumana,moderate,yes
IBM_ArgKP,We should abandon the use of school uniform,support,"school uniforms enforce conformity, which harms the creative instincts of young people",Anumana,No heuristic cue matched; default to Anumana (inferential argumentative span),Anumana,moderate,yes
IBM_ArgKP,We should abandon the use of school uniform,oppose,"we should not abandon school uniform because, otherwise will be discrimination between poor and rich kids.",Anumana,Matched Anumana cues: because,Anumana,moderate,yes
IBM_ArgKP,We should abandon the use of school uniform,support,school uniforms are expensive and puts an undue burden on the parents of the students.,Anumana,No heuristic cue matched; default to Anumana (inferential argumentative span),Anumana,moderate,yes
IBM_ArgKP,We should abandon the use of school uniform,oppose,"school uniforms help stop bullying because when people are similarly dressed, nobody is made to feel inferior.",Anumana,Matched Anumana cues: because,Anumana,moderate,yes
IBM_ArgKP,We should abandon the use of school uniform,support,we should abandon school uniform because everyone has the right to be an individual and express themselves.,Anumana,Matched Anumana cues: because,Anumana,moderate,yes
IBM_ArgKP,We should abandon the use of school uniform,oppose,We should not abandon the use of school uniform as it helps students feel affinity to their school and eachother.,Anumana,No heuristic cue matched; default to Anumana (inferential argumentative span),Anumana,moderate,yes
IBM_ArgKP,We should abandon the use of school uniform,support,freedom of expression extends to the right to choose one's own clothing and a school uniform prevents this choice.,Anumana,No heuristic cue matched; default to Anumana (inferential argumentative span),Anumana,moderate,yes
IBM_ArgKP,We should abandon the use of school uniform,oppose,School uniforms do not limit self-expression. Students still have weekends and holidays to pick their own outfits.,Anumana,No heuristic cue matched; default to Anumana (inferential argumentative span),Anumana,moderate,yes
IBM_ArgKP,We should abandon the use of school uniform,support,Mandatory school uniforms create an authoritarian atmosphere in the school which is bad for students development.,Anumana,No heuristic cue matched; default to Anumana (inferential argumentative span),Anumana,moderate,yes
IBM_ArgKP,We should abandon the use of school uniform,oppose,they prevent dress code violations and limit pupils indesicivnes in choosing what to wear.,Anumana,No heuristic cue matched; default to Anumana (inferential argumentative span),Anumana,moderate,yes
IBM_ArgKP,We should abandon the use of school uniform,support,School uniforms compromise free public school education by creating an additional cost.,Anumana,No heuristic cue matched; default to Anumana (inferential argumentative span),Anumana,moderate,yes
IBM_ArgKP,We should prohibit women in combat,oppose,Women are just as capable as men in modern warfare so we would lose half of our available fighters by not allowing them.,Anumana,No heuristic cue matched; default to Anumana (inferential argumentative span),Upamana,moderate,yes
IBM_ArgKP,We should prohibit women in combat,support,women are physically weaker than men so it does not make sense to allow women in combat.,Anumana,No heuristic cue matched; default to Anumana (inferential argumentative span),Anumana,moderate,yes
IBM_ArgKP,We should prohibit women in combat,oppose,women have the knowledge and abilities to be able to contribute in any combat situation.,Anumana,No heuristic cue matched; default to Anumana (inferential argumentative span),Anumana,moderate,yes
IBM_ArgKP,We should prohibit women in combat,support,women should be prohibited in combat because i think they are better suited at home and in the community.,Anumana,Matched Anumana cues: because,Anumana,moderate,yes
IBM_ArgKP,We should prohibit women in combat,oppose,Woman in combat can equally do just as much as their male counterparts in combat duty.,Anumana,No heuristic cue matched; default to Anumana (inferential argumentative span),Upamana,moderate,yes
IBM_ArgKP,We should prohibit women in combat,support,men are physically superior to women. we should only have the strongest people in combat,Anumana,No heuristic cue matched; default to Anumana (inferential argumentative span),Anumana,moderate,yes
IBM_ArgKP,We should prohibit women in combat,oppose,"who but a misogynist would doubt their capacity for courage, aggressiveness or grace under fire at this point",Anumana,No heuristic cue matched; default to Anumana (inferential argumentative span),Anumana,moderate,yes
IBM_ArgKP,We should prohibit women in combat,support,women don't belong on the battlefield because there are so many things that can go wrong if they get too emotional,Anumana,Matched Anumana cues: because,Anumana,strong,yes
IBM_ArgKP,We should prohibit women in combat,oppose,There are cases where women have excelled in combat especially as fighter pilots and strategic leadership.,Anumana,No heuristic cue matched; default to Anumana (inferential argumentative span),Anumana,moderate,yes
IBM_ArgKP,We should prohibit women in combat,support,"given the characteristic of sensitivity generally present in the female gender, this could put at risk combat operations",Anumana,No heuristic cue matched; default to Anumana (inferential argumentative span),Anumana,moderate,yes
IBM_ArgKP,We should prohibit women in combat,oppose,women are just as capable of combat as men are and not allowing them in a combat situation is sex discrimination.,Anumana,No heuristic cue matched; default to Anumana (inferential argumentative span),Upamana,moderate,yes
IBM_ArgKP,We should prohibit women in combat,support,"Women are by nature nurturers and protectors of life, as such they have no place in combat.",Anumana,No heuristic cue matched; default to Anumana (inferential argumentative span),Anumana,moderate,yes
IBM_ArgKP,We should prohibit women in combat,oppose,women should have equal right to men and there for should be allowed to go into combat,Anumana,No heuristic cue matched; default to Anumana (inferential argumentative span),Anumana,moderate,yes
IBM_ArgKP,We should prohibit women in combat,support,women are weaker than men and thus would be more of a burden than a help in the battlefield.,Anumana,Matched Anumana cues: thus,Anumana,moderate,yes
IBM_ArgKP,We should prohibit women in combat,oppose,prohibiting women in combat is sexist. women are just as capable of men in combat with proper training.,Anumana,No heuristic cue matched; default to Anumana (inferential argumentative span),Upamana,moderate,yes
IBM_ArgKP,We should end affirmative action,support,It's unfair to the clients of any organization to deal with the beneficiaries of affirmative action.,Anumana,No heuristic cue matched; default to Anumana (inferential argumentative span),Anumana,moderate,yes
IBM_ArgKP,We should end affirmative action,oppose,there is so much prejudice in the world that we need to continue affirmative action to bring balance.,Anumana,No heuristic cue matched; default to Anumana (inferential argumentative span),Anumana,moderate,yes
IBM_ArgKP,We should end affirmative action,support,it is time to judge each person on their skills and talents. all should compete on a level field,Anumana,No heuristic cue matched; default to Anumana (inferential argumentative span),Anumana,moderate,yes
IBM_ArgKP,We should end affirmative action,oppose,affirmative action makes up for years of discrimination in the past; therefore it should be continued.,Anumana,Matched Anumana cues: therefore,Anumana,moderate,yes
IBM_ArgKP,We should end affirmative action,support,"We should end affirmative action because it does not solve systemic biases, it is a bandaid solution.",Anumana,Matched Anumana cues: because,Anumana,moderate,yes
IBM_ArgKP,We should end affirmative action,oppose,affirmative action allows people to pursue a career that they may never have considered without help from the program.,Anumana,No heuristic cue matched; default to Anumana (inferential argumentative span),Anumana,moderate,yes
IBM_ArgKP,We should end affirmative action,support,we should end affirmative action as there should not be a need for that if we are all equal.,Anumana,No heuristic cue matched; default to Anumana (inferential argumentative span),Anumana,moderate,yes
IBM_ArgKP,We should end affirmative action,oppose,"affirmative action is necessary to rectify the damage done by past injustices, such as slavery.",Anumana,No heuristic cue matched; default to Anumana (inferential argumentative span),Anumana,moderate,yes
IBM_ArgKP,We should end affirmative action,support,"affirmative action can lead to people who are less qualified getting positions they would otherwise not be able to achieve,",Anumana,No heuristic cue matched; default to Anumana (inferential argumentative span),Anumana,strong,yes
IBM_ArgKP,We should end affirmative action,oppose,affirmative action should not be ended because discrimination against people from mnority backgrounds still exists,Anumana,Matched Anumana cues: because,Anumana,moderate,yes
IBM_ArgKP,We should end affirmative action,support,"too many people depend on the ""poor me"" card to get ahead. if you want something, work hard for it.",Anumana,No heuristic cue matched; default to Anumana (inferential argumentative span),Anumana,moderate,yes
IBM_ArgKP,We should end affirmative action,oppose,affirmative action is needed to right the wrongs of our past treatment of certain minorities.,Anumana,No heuristic cue matched; default to Anumana (inferential argumentative span),Anumana,moderate,yes
IBM_ArgKP,We should end affirmative action,support,we should end affirmative action because society has came a long way. hard work deserves to be rewarded.,Anumana,Matched Anumana cues: because,Anumana,moderate,yes
IBM_ArgKP,We should end affirmative action,oppose,affirmative action has allowed many people jobs they might not have been able to get otherwise. this is not a bad thing.,Anumana,No heuristic cue matched; default to Anumana (inferential argumentative span),Anumana,moderate,yes
IBM_ArgKP,We should end affirmative action,support,it is reverse discrimination and only benefits certain minorities. asians do not benefit from it.,Anumana,No heuristic cue matched; default to Anumana (inferential argumentative span),Anumana,moderate,yes
IBM_ArgKP,We should close Guantanamo Bay detention camp,oppose,Detaining terrorists at Guantanamo Bay ensures they cannot plan future attacks on America.,Anumana,No heuristic cue matched; default to Anumana (inferential argumentative span),Anumana,moderate,yes
IBM_ArgKP,We should close Guantanamo Bay detention camp,support,"prisoners are being tortured and held without being given a fair trial, which is inhumane.",Anumana,No heuristic cue matched; default to Anumana (inferential argumentative span),Anumana,moderate,yes
IBM_ArgKP,We should close Guantanamo Bay detention camp,oppose,guantanamo bay provides intelligence information that may crack terrorist cells and prevent future attacks.,Anumana,No heuristic cue matched; default to Anumana (inferential argumentative span),Anumana,moderate,yes
IBM_ArgKP,We should close Guantanamo Bay detention camp,support,guantanamo bay is simply a place for the united states to torture prisoners without having to answer to the law.,Anumana,No heuristic cue matched; default to Anumana (inferential argumentative span),Anumana,moderate,yes
IBM_ArgKP,We should close Guantanamo Bay detention camp,oppose,We need Guantanamo Bay to stay open in order to detain and interrogate enemy combatants in support of our war efforts.,Anumana,No heuristic cue matched; default to Anumana (inferential argumentative span),Anumana,moderate,yes
IBM_ArgKP,We should close Guantanamo Bay detention camp,support,guantanamo bay detection camp has violated human rights agreements and should therefore be closed at once.,Anumana,Matched Anumana cues: therefore,Anumana,moderate,yes
IBM_ArgKP,We should close Guantanamo Bay detention camp,oppose,Keeping Guantanamo Bay open shows terrorist groups that we will not back down in the face of terror.,Anumana,No heuristic cue matched; default to Anumana (inferential argumentative span),Anumana,moderate,yes
IBM_ArgKP,We should close Guantanamo Bay detention camp,support,"the horrific conditions and treatment are inhumane, and despite what someone has done they deserve a basic quality of life.",Anumana,No heuristic cue matched; default to Anumana (inferential argumentative span),Anumana,moderate,yes
IBM_ArgKP,We should close Guantanamo Bay detention camp,oppose,it houses some of the most dangerous people and those people should be as far from society as possible.,Anumana,No heuristic cue matched; default to Anumana (inferential argumentative span),Anumana,moderate,yes
IBM_ArgKP,We should close Guantanamo Bay detention camp,support,too many people have been imprisoned on guantanamo bay unfairly as they were subsequently released without charge.,Anumana,No heuristic cue matched; default to Anumana (inferential argumentative span),Anumana,moderate,yes
IBM_ArgKP,We should close Guantanamo Bay detention camp,oppose,"guantanamo bay is a secure location to imprison potential terrorists, who are a threat to us national security.",Anumana,No heuristic cue matched; default to Anumana (inferential argumentative span),Anumana,moderate,yes
IBM_ArgKP,We should close Guantanamo Bay detention camp,support,guantanamo bay is outdated and shouldn't continue to isolate people in the way they do.,Anumana,No heuristic cue matched; default to Anumana (inferential argumentative span),Anumana,moderate,yes
IBM_ArgKP,We should close Guantanamo Bay detention camp,oppose,guantanamo bay houses some of the worlds most dangerous terrorists and in order to keep people safe it must stay open.,Anumana,No heuristic cue matched; default to Anumana (inferential argumentative span),Anumana,moderate,yes
IBM_ArgKP,We should close Guantanamo Bay detention camp,support,guantanamo bay is a stain on the reputation of the usa that has acted to further the cause of terrorists around the world,Anumana,No heuristic cue matched; default to Anumana (inferential argumentative span),Anumana,strong,yes
IBM_ArgKP,We should close Guantanamo Bay detention camp,oppose,guantanamo bay is somewhere safe to house suspected terrorists therefore it is necessary.,Anumana,Matched Anumana cues: therefore,Anumana,moderate,yes
IBM_ArgKP,We should fight urbanization,support,"urbanization leads to a loss of small town identities, unsightly urban skyscrapers, and a mass increase of pollution.",Anumana,No heuristic cue matched; default to Anumana (inferential argumentative span),Anumana,moderate,yes
IBM_ArgKP,We should fight urbanization,oppose,"urbanization allows for more employment opportunities, greater housing options as well as access to employment.",Anumana,No heuristic cue matched; default to Anumana (inferential argumentative span),Anumana,moderate,yes
IBM_ArgKP,We should fight urbanization,support,quick urbanization usually happens in unscrupulous ways with worker abuse and immense pollution.,Anumana,No heuristic cue matched; default to Anumana (inferential argumentative span),Anumana,moderate,yes
IBM_ArgKP,We should fight urbanization,oppose,urbanization is something that should happen because it leads to better sanitary services.,Anumana,Matched Anumana cues: because,Anumana,strong,yes
IBM_ArgKP,We should fight urbanization,support,we should fight urbanization because more populous areas also see an increase in crime.,Anumana,Matched Anumana cues: because,Anumana,moderate,yes
IBM_ArgKP,We should fight urbanization,oppose,we should not fight urbanization as growth only provides more opportunities for a community.,Anumana,No heuristic cue matched; default to Anumana (inferential argumentative span),Anumana,moderate,yes
IBM_ArgKP,We should fight urbanization,support,urbanization is not good for peoples mental health and makes them feel isolated due to overcrowding,Anumana,No heuristic cue matched; default to Anumana (inferential argumentative span),Anumana,moderate,yes
IBM_ArgKP,We should fight urbanization,oppose,urbanization has everything nearby some those that can't travel far will have everything they need close to them,Anumana,No heuristic cue matched; default to Anumana (inferential argumentative span),Anumana,moderate,yes
IBM_ArgKP,We should fight urbanization,support,urbanization leads to deforestation and increased levels of pollution as well as concentration of waste and garbage.,Anumana,No heuristic cue matched; default to Anumana (inferential argumentative span),Anumana,moderate,yes
IBM_ArgKP,We should fight urbanization,oppose,"urbanization gives people more access to public transportation, employment opportunities, and health care services.",Anumana,No heuristic cue matched; default to Anumana (inferential argumentative span),Anumana,moderate,yes
IBM_ArgKP,We should fight urbanization,support,"urbanization should be banned to save on forest destruction, animal extinction, and overall save the environment.",Anumana,No heuristic cue matched; default to Anumana (inferential argumentative span),Anumana,moderate,yes
IBM_ArgKP,We should fight urbanization,oppose,urbanization creates population centers where major companies would establish themselves which makes it easier to get jobs,Anumana,No heuristic cue matched; default to Anumana (inferential argumentative span),Anumana,moderate,yes
IBM_ArgKP,We should fight urbanization,support,We should fight urbanization as it is leeching talent and investment from the countryside and creating inequality.,Anumana,No heuristic cue matched; default to Anumana (inferential argumentative span),Anumana,moderate,yes
IBM_ArgKP,We should fight urbanization,oppose,urbanization allows populations easier access to food and services that improve quality of life.,Anumana,No heuristic cue matched; default to Anumana (inferential argumentative span),Anumana,moderate,yes
IBM_ArgKP,We should fight urbanization,support,we should fight urbanization because it causes more air pollution than there already is,Anumana,"Matched Anumana cues: because, causes",Anumana,strong,yes
IBM_ArgKP,We should abolish capital punishment,oppose,capital punishment provides a punishment that is equal to the crime committed. if you kill you should expect to be killed.,Anumana,No heuristic cue matched; default to Anumana (inferential argumentative span),Anumana,moderate,yes
IBM_ArgKP,We should abolish capital punishment,support,"if someone was found not guilty, they wouldn't be able to bring him back to life after being killed under false accusations",Anumana,No heuristic cue matched; default to Anumana (inferential argumentative span),Anumana,moderate,yes
IBM_ArgKP,We should abolish capital punishment,oppose,capital punishment sends a message to other criminals that if you commit an awful crime you will be severely punished,Anumana,No heuristic cue matched; default to Anumana (inferential argumentative span),Anumana,moderate,yes
IBM_ArgKP,We should abolish capital punishment,support,There is ample evidence showing that capital punishment does not constitute effective deterrence.,Pratyaksha,Matched Pratyaksha cues: evidence,Pratyaksha,strong,yes
IBM_ArgKP,We should abolish capital punishment,oppose,Capital punishment allows for more judicial discretion by providing more possible punishments to choose from.,Anumana,No heuristic cue matched; default to Anumana (inferential argumentative span),Anumana,moderate,yes
IBM_ArgKP,We should abolish capital punishment,support,nobody has the right to take another person's life no matter how evil that person may be.,Anumana,No heuristic cue matched; default to Anumana (inferential argumentative span),Anumana,moderate,yes
IBM_ArgKP,We should abolish capital punishment,oppose,Capital punishment keeps prisons safer by keeping the prison population from being exposed to particularly awful criminals.,Anumana,No heuristic cue matched; default to Anumana (inferential argumentative span),Anumana,moderate,yes
IBM_ArgKP,We should abolish capital punishment,support,Many executions are botched and thus produce excessive and unjustified pain and torture,Anumana,Matched Anumana cues: thus,Anumana,moderate,yes
IBM_ArgKP,We should abolish capital punishment,oppose,why should evil people be taken care of their whole lives while in prison. killing them saves money.,Anumana,No heuristic cue matched; default to Anumana (inferential argumentative span),Anumana,moderate,yes
IBM_ArgKP,We should abolish capital punishment,support,"Capital punishment can be replaced by more ethical but equally punishing alternatives, like life without parole.",Upamana,Matched Upamana cues: like,Anumana,moderate,yes
IBM_ArgKP,We should abolish capital punishment,oppose,"When the death penalty is performed, there is no chance for the individual to escape and commit another crime",Anumana,No heuristic cue matched; default to Anumana (inferential argumentative span),Anumana,moderate,yes
IBM_ArgKP,We should abolish capital punishment,support,many innocents have been killed as a result of capital punishment. even one innocent killed is one too many.,Anumana,No heuristic cue matched; default to Anumana (inferential argumentative span),Anumana,moderate,yes
IBM_ArgKP,We should abolish capital punishment,oppose,Capital punishment is more humane than other extreme punishment like permanent solitary confinement or guard abuse.,Upamana,Matched Upamana cues: like,Anumana,moderate,yes
IBM_ArgKP,We should abolish capital punishment,support,"capital punishment has already led to innocent people being put to death, we should not allow this to happen.",Anumana,No heuristic cue matched; default to Anumana (inferential argumentative span),Anumana,moderate,yes
IBM_ArgKP,We should abolish capital punishment,oppose,taxes shouldn't have to pay for criminals to live comfortably after they've committed horrific crimes.,Anumana,No heuristic cue matched; default to Anumana (inferential argumentative span),Anumana,moderate,yes
IBM_ArgKP,Routine child vaccinations should be mandatory,support,"if it were not mandatory to vaccinate our children, we would cease to exist rapidly ...",Anumana,No heuristic cue matched; default to Anumana (inferential argumentative span),Anumana,moderate,yes
IBM_ArgKP,Routine child vaccinations should be mandatory,oppose,Child vaccination shouldn't be mandatory because the virus isn't effective in children,Anumana,Matched Anumana cues: because,Anumana,moderate,yes
IBM_ArgKP,Routine child vaccinations should be mandatory,support,vaccination in the child population due to the lethality of the new strains is essential,Anumana,No heuristic cue matched; default to Anumana (inferential argumentative span),Anumana,moderate,yes
IBM_ArgKP,Routine child vaccinations should be mandatory,oppose,the government should not regulate what parents do that is already a personal decision of each family,Shabda,Matched Shabda cues: government,Shabda,moderate,yes
IBM_ArgKP,Routine child vaccinations should be mandatory,support,our future is children and we must protect them from any disease that may cause their mortality,Anumana,No heuristic cue matched; default to Anumana (inferential argumentative span),Anumana,moderate,yes
IBM_ArgKP,Routine child vaccinations should be mandatory,oppose,"Vaccination is an option, not everyone thinks they really are important and free will must be respected",Anumana,No heuristic cue matched; default to Anumana (inferential argumentative span),Anumana,moderate,yes
IBM_ArgKP,Routine child vaccinations should be mandatory,support,Child vaccinations should be mandatory to prevent children becoming seriously ill from diseases and spreading infections,Anumana,No heuristic cue matched; default to Anumana (inferential argumentative span),Anumana,moderate,yes
IBM_ArgKP,Routine child vaccinations should be mandatory,oppose,It cannot be mandatory since the first responsible for deciding what is best for their children are the parents,Anumana,No heuristic cue matched; default to Anumana (inferential argumentative span),Anumana,moderate,yes
IBM_ArgKP,Routine child vaccinations should be mandatory,support,Vaccinations are necessary to protect the health of the public as a whole and should be required by law.,Anumana,No heuristic cue matched; default to Anumana (inferential argumentative span),Anumana,moderate,yes
IBM_ArgKP,Routine child vaccinations should be mandatory,oppose,A vaccine that has not been sufficiently tested and without knowledge of side effects is not recommended for children,Anumana,No heuristic cue matched; default to Anumana (inferential argumentative span),Anumana,moderate,yes
IBM_ArgKP,Routine child vaccinations should be mandatory,support,"Child vaccination should be mandatory, to prevent fatal disease in children, I think it is a very good decision",Anumana,No heuristic cue matched; default to Anumana (inferential argumentative span),Anumana,moderate,yes
IBM_ArgKP,Routine child vaccinations should be mandatory,oppose,"As long as vaccines are not free of side effects, it cannot make them mandatory for our children.",Anumana,No heuristic cue matched; default to Anumana (inferential argumentative span),Anumana,moderate,yes
IBM_ArgKP,Routine child vaccinations should be mandatory,support,Child vaccination should be mandatory because it protects this vulnerable population from catastrophic diseases,Anumana,Matched Anumana cues: because,Anumana,moderate,yes
IBM_ArgKP,Routine child vaccinations should be mandatory,oppose,child vaccinations is not mandatory because it may cost the country unnecessary funds.,Anumana,Matched Anumana cues: because,Anumana,moderate,yes
IBM_ArgKP,Routine child vaccinations should be mandatory,support,"Prevents from childhood the diseases that can be avoided, with the placement of vaccines",Anumana,No heuristic cue matched; default to Anumana (inferential argumentative span),Anumana,moderate,yes
IBM_ArgKP,We should legalize cannabis,oppose,we should not legalize cannabis since it is a mood-altering drug that may lead younger people into trying more drugs.,Anumana,No heuristic cue matched; default to Anumana (inferential argumentative span),Anumana,strong,yes
IBM_ArgKP,We should legalize cannabis,support,"For the most part, cannabis is already legal in many states and countries. So it should be a universal legal law.",Anumana,No heuristic cue matched; default to Anumana (inferential argumentative span),Anumana,moderate,yes
IBM_ArgKP,We should legalize cannabis,oppose,legalization of marijuana will create a huge industry that utilizes people for profit and targets children,Anumana,No heuristic cue matched; default to Anumana (inferential argumentative span),Anumana,moderate,yes
IBM_ArgKP,We should legalize cannabis,support,cannabis is no worse than alcohol and should be legal to every adult american citizen.,Anumana,No heuristic cue matched; default to Anumana (inferential argumentative span),Anumana,moderate,yes
IBM_ArgKP,We should legalize cannabis,oppose,"cannabis is know to lead to progressive drug use, leading to addictions to other substances.",Anumana,No heuristic cue matched; default to Anumana (inferential argumentative span),Anumana,moderate,yes
IBM_ArgKP,We should legalize cannabis,support,"cannabis has been proven to alleviate pain, hep with insomnia and decrease stress in a natural method.",Anumana,No heuristic cue matched; default to Anumana (inferential argumentative span),Pratyaksha,strong,yes
IBM_ArgKP,We should legalize cannabis,oppose,legalizing cannabis would lead to more car accidents with people driving under the influence,Anumana,No heuristic cue matched; default to Anumana (inferential argumentative span),Anumana,moderate,yes
IBM_ArgKP,We should legalize cannabis,support,a study has confirmed that marijuana legalization results in reduced marijuana use amongst teenagers,Shabda,Matched Shabda cues: study,Anumana,moderate,yes
IBM_ArgKP,We should legalize cannabis,oppose,availability of legalized marijuana would have a trickle-down impact and the drug would find its way to underage persons,Anumana,No heuristic cue matched; default to Anumana (inferential argumentative span),Anumana,moderate,yes
IBM_ArgKP,We should legalize cannabis,support,it has many good uses & could be a good tax revenue generator for the states & federal government,Shabda,Matched Shabda cues: government,Shabda,moderate,yes
IBM_ArgKP,We should legalize cannabis,oppose,allowing people to use a gateway drug like cannabis is steering them towards a life of addiction.,Upamana,Matched Upamana cues: like,Anumana,moderate,yes
IBM_ArgKP,We should legalize cannabis,support,Legalizing cannabis will make it more easily accessible to those who need it for medical reasons.,Anumana,No heuristic cue matched; default to Anumana (inferential argumentative span),Anumana,moderate,yes
IBM_ArgKP,We should legalize cannabis,oppose,We should not legalize cannabis as it has been proven to have long term mental health and concentration issues.,Anumana,No heuristic cue matched; default to Anumana (inferential argumentative span),Pratyaksha,strong,yes
IBM_ArgKP,We should legalize cannabis,support,"cannabis is no worse than alcohol, which has been legal for years, it's a waste of money to enforce a pointless law.",Anumana,No heuristic cue matched; default to Anumana (inferential argumentative span),Anumana,moderate,yes
IBM_ArgKP,We should legalize cannabis,oppose,"Marijuana is part of drug culture so using it leads to other, much more dangerous drug use.",Anumana,No heuristic cue matched; default to Anumana (inferential argumentative span),Anumana,moderate,yes
IBM_ArgKP,We should ban human cloning,support,we should ban human cloning because such an act creates a lot of moral and ethical issues.,Anumana,Matched Anumana cues: because,Anumana,moderate,yes
IBM_ArgKP,We should ban human cloning,oppose,we should not ban human cloning because the potential scientists can find a cure for a disease,Anumana,Matched Anumana cues: because,Shabda,strong,yes
IBM_ArgKP,We should ban human cloning,support,"I think human clones could be used for nefarious purposes in the wrong hands,like framing others for crimes.",Upamana,Matched Upamana cues: like,Anumana,weak,yes
IBM_ArgKP,We should ban human cloning,oppose,human cloning would allow infertile couples to have children developed from their own cells,Anumana,No heuristic cue matched; default to Anumana (inferential argumentative span),Anumana,moderate,yes
IBM_ArgKP,We should ban human cloning,support,human cloning is a minefield for ethics and will result in a sort of eugenics program with 'designer babies',Anumana,No heuristic cue matched; default to Anumana (inferential argumentative span),Anumana,moderate,yes
IBM_ArgKP,We should ban human cloning,oppose,human cloning can aid in research for medical issues as well as preserving the continuation of humankind.,Anumana,No heuristic cue matched; default to Anumana (inferential argumentative span),Anumana,moderate,yes
IBM_ArgKP,We should ban human cloning,support,cloning humans could devalue human life as a perfected clone could be preferable to a naturally made human.,Anumana,No heuristic cue matched; default to Anumana (inferential argumentative span),Anumana,moderate,yes
IBM_ArgKP,We should ban human cloning,oppose,human cloning gives the chance for individuals to have a child that might not otherwise be able to,Anumana,No heuristic cue matched; default to Anumana (inferential argumentative span),Anumana,moderate,yes
IBM_ArgKP,We should ban human cloning,support,WE SHOuld ban human cloning because it causes huge issues in terms of rights and ownership,Anumana,"Matched Anumana cues: because, causes",Anumana,strong,yes
IBM_ArgKP,We should ban human cloning,oppose,we should not ban human cloning as we need to continue to work to the betterment of the health and welfare of the people.,Anumana,No heuristic cue matched; default to Anumana (inferential argumentative span),Anumana,moderate,yes
IBM_ArgKP,We should ban human cloning,support,"human cloning is still somewhat new, making it dangerous for humans and should be banned",Anumana,No heuristic cue matched; default to Anumana (inferential argumentative span),Anumana,moderate,yes
IBM_ArgKP,We should ban human cloning,oppose,"human cloning will lead to scientific advancements that will save lives and as such, should not be banned",Anumana,No heuristic cue matched; default to Anumana (inferential argumentative span),Anumana,moderate,yes
IBM_ArgKP,We should ban human cloning,support,Cloning could lead to designer humans and we will lose the diversity of the human race,Anumana,No heuristic cue matched; default to Anumana (inferential argumentative span),Anumana,moderate,yes
IBM_ArgKP,We should ban human cloning,oppose,there is a lot we can learn medically from human cloning and we should do it responsibly,Anumana,No heuristic cue matched; default to Anumana (inferential argumentative span),Anumana,moderate,yes
IBM_ArgKP,We should ban human cloning,support,we should ban human cloning because we don't know the effects or consequences of it yet.,Anumana,Matched Anumana cues: because,Anumana,moderate,yes
IBM_ArgKP,We should end the use of economic sanctions,oppose,economic sanctions are often the only way to force countries to comply with international law.,Anumana,No heuristic cue matched; default to Anumana (inferential argumentative span),Anumana,moderate,yes
IBM_ArgKP,We should end the use of economic sanctions,support,economic sanctions raise the prices of goods for many consumers and many can't afford the higher priced goods.,Anumana,No heuristic cue matched; default to Anumana (inferential argumentative span),Anumana,moderate,yes
IBM_ArgKP,We should end the use of economic sanctions,oppose,economic sanction can provide the tangible and psychological equity that are preconditions for restorative justice,Anumana,No heuristic cue matched; default to Anumana (inferential argumentative span),Anumana,moderate,yes
IBM_ArgKP,We should end the use of economic sanctions,support,economic sanctions only hurt the general population of a country and not the people who are running it,Anumana,No heuristic cue matched; default to Anumana (inferential argumentative span),Anumana,moderate,yes
IBM_ArgKP,We should end the use of economic sanctions,oppose,economic sanctions are an effective way to signify that human rights abuses will not be tolerated.,Anumana,No heuristic cue matched; default to Anumana (inferential argumentative span),Anumana,moderate,yes
IBM_ArgKP,We should end the use of economic sanctions,support,economic sanctions always punish the innocent people of the country not the oppressive regimes.,Anumana,No heuristic cue matched; default to Anumana (inferential argumentative span),Anumana,moderate,yes
IBM_ArgKP,We should end the use of economic sanctions,oppose,we should not end the use of economic sanctions because it gives us an edge over an enemy.,Anumana,Matched Anumana cues: because,Anumana,moderate,yes
IBM_ArgKP,We should end the use of economic sanctions,support,economic sanctions hurt a country's ability to grow economically and thereby become democracies.,Anumana,No heuristic cue matched; default to Anumana (inferential argumentative span),Anumana,moderate,yes
IBM_ArgKP,We should end the use of economic sanctions,oppose,economic sanctions are a good way for a government to show disapproval without resorting to violence.,Shabda,Matched Shabda cues: government,Shabda,moderate,yes
IBM_ArgKP,We should end the use of economic sanctions,support,economic sanctions are immoral and hurt the people they are supposed to be protecting.,Anumana,No heuristic cue matched; default to Anumana (inferential argumentative span),Anumana,moderate,yes
IBM_ArgKP,We should end the use of economic sanctions,oppose,the use of economic sanctions helps the national economy by keeping things state side.,Anumana,No heuristic cue matched; default to Anumana (inferential argumentative span),Anumana,moderate,yes
IBM_ArgKP,We should end the use of economic sanctions,support,economic sanctions only hurt the people of the country and never the regime that is being sanctioned.,Anumana,No heuristic cue matched; default to Anumana (inferential argumentative span),Anumana,moderate,yes
IBM_ArgKP,We should end the use of economic sanctions,oppose,economic sanctions are designed to curb human rights violators and their collaborators,Anumana,No heuristic cue matched; default to Anumana (inferential argumentative span),Anumana,moderate,yes
IBM_ArgKP,We should end the use of economic sanctions,support,we should end the use of economic sanctions because they cause stress and hardship on nations,Anumana,Matched Anumana cues: because,Anumana,strong,yes
IBM_ArgKP,We should end the use of economic sanctions,oppose,economic sanctions must be retained as it is the only way in which dishonest countries can be made to mend their ways.,Anumana,No heuristic cue matched; default to Anumana (inferential argumentative span),Anumana,moderate,yes
IBM_ArgKP,We should ban the use of child actors,support,the use of child actors is dangerous for society as it supports the hyper-sexualization of all children in society.,Anumana,No heuristic cue matched; default to Anumana (inferential argumentative span),Anumana,moderate,yes
IBM_ArgKP,We should ban the use of child actors,oppose,Banning child actors would be denying many very talented young individuals from becoming something great from an early age.,Anumana,No heuristic cue matched; default to Anumana (inferential argumentative span),Anumana,moderate,yes
IBM_ArgKP,We should ban the use of child actors,support,"kids whose parents pushed them into acting never had a choice, and worse, they never had the chance to be a kid.",Anumana,No heuristic cue matched; default to Anumana (inferential argumentative span),Anumana,moderate,yes
IBM_ArgKP,We should ban the use of child actors,oppose,use of child actors gives us a lot of great shows we wouldn't have if there were not child actors,Anumana,No heuristic cue matched; default to Anumana (inferential argumentative span),Anumana,moderate,yes
IBM_ArgKP,We should ban the use of child actors,support,child actors become adults far too quickly and should not be allowed to act until they are adults,Anumana,No heuristic cue matched; default to Anumana (inferential argumentative span),Anumana,moderate,yes
IBM_ArgKP,We should ban the use of child actors,oppose,child actors can make a good amount of money for their future doing something they enjoy,Anumana,No heuristic cue matched; default to Anumana (inferential argumentative span),Anumana,moderate,yes
IBM_ArgKP,We should ban the use of child actors,support,"we should ban the use of child actors because it strips them of childhood, let them be children and play and mess around",Anumana,Matched Anumana cues: because,Anumana,strong,yes
IBM_ArgKP,We should ban the use of child actors,oppose,"there are enough rules and policies in place to protect child actors, making it a safe profession",Anumana,No heuristic cue matched; default to Anumana (inferential argumentative span),Anumana,moderate,yes
IBM_ArgKP,We should ban the use of child actors,support,there is a risk of children exploitation by forcing them to act things they wouldn't normally do in life,Anumana,No heuristic cue matched; default to Anumana (inferential argumentative span),Anumana,moderate,yes
IBM_ArgKP,We should ban the use of child actors,oppose,as long as there is proper protection for child actors there is no reason that they should not be able to perform on screen,Anumana,No heuristic cue matched; default to Anumana (inferential argumentative span),Anumana,moderate,yes
IBM_ArgKP,We should ban the use of child actors,support,"we do not allow child labour, child actors are working children, this should also be banned",Anumana,No heuristic cue matched; default to Anumana (inferential argumentative span),Anumana,moderate,yes
IBM_ArgKP,We should ban the use of child actors,oppose,children should be free to do what they want with their consent and their parents consent,Anumana,No heuristic cue matched; default to Anumana (inferential argumentative span),Anumana,moderate,yes
IBM_ArgKP,We should ban the use of child actors,support,child actors miss out on socialization with kids their own age and fall behind in school,Anumana,No heuristic cue matched; default to Anumana (inferential argumentative span),Anumana,moderate,yes
IBM_ArgKP,We should ban the use of child actors,oppose,it's necessary to have children in tv shows and movies and therefore banning them from acting makes no sense.,Anumana,Matched Anumana cues: therefore,Anumana,moderate,yes
IBM_ArgKP,We should ban the use of child actors,support,we should ban the use of child actors because they need to be kids not waste their lifes acting,Anumana,Matched Anumana cues: because,Anumana,moderate,yes
IBM_ArgKP,We should adopt libertarianism,oppose,Libertarianism would lead to the destruction of the environment because there would be no regulation protecting it.,Anumana,Matched Anumana cues: because,Anumana,strong,yes
IBM_ArgKP,We should adopt libertarianism,support,libertarianism is crucial to protect the individual rights and ideals of people of a state.,Anumana,No heuristic cue matched; default to Anumana (inferential argumentative span),Anumana,moderate,yes
IBM_ArgKP,We should adopt libertarianism,oppose,Libertarianism would cause chaos in a large country as there would be no set rules and regulations.,Anumana,No heuristic cue matched; default to Anumana (inferential argumentative span),Anumana,moderate,yes
IBM_ArgKP,We should adopt libertarianism,support,"libertarianism promotes political freedom of choice as its core value, and is the ultimate expression of democracy.",Anumana,No heuristic cue matched; default to Anumana (inferential argumentative span),Anumana,moderate,yes
IBM_ArgKP,We should adopt libertarianism,oppose,we should not adopt libertarianism because the government would have too much control over people,Shabda,Matched Shabda cues: government,Shabda,strong,yes
IBM_ArgKP,We should adopt libertarianism,support,"maximizing freedom is the most legitimate form of society, this is only truly achieved with libertarianism",Anumana,No heuristic cue matched; default to Anumana (inferential argumentative span),Anumana,moderate,yes
IBM_ArgKP,We should adopt libertarianism,oppose,"states needs laws and governing bodies, otherwise there could be anarchy. we should therefore not adopt libertarianism.",Anumana,Matched Anumana cues: therefore,Anumana,moderate,yes
IBM_ArgKP,We should adopt libertarianism,support,"Under libertarianism, governments cannot restrict or coerce individuals into doing something they don't wish to do.",Shabda,Matched Shabda cues: government,Anumana,moderate,yes
IBM_ArgKP,We should adopt libertarianism,oppose,"Under libertarianism, there is no mechanism of social welfare to ensure that citizens are fed, clothed, and housed.",Anumana,No heuristic cue matched; default to Anumana (inferential argumentative span),Anumana,moderate,yes
IBM_ArgKP,We should adopt libertarianism,support,people should be free to do as they choose without government intervention therefore we should adopt libertarianism.,Shabda,Matched Shabda cues: government,Shabda,strong,yes
IBM_ArgKP,We should adopt libertarianism,oppose,Libertarianism provides little to no support for those at the bottom and would not attain equitable outcomes for society.,Anumana,No heuristic cue matched; default to Anumana (inferential argumentative span),Anumana,moderate,yes
IBM_ArgKP,We should adopt libertarianism,support,"this could be highly beneficial in regards to foreign policy, as it would save money and lives.",Anumana,No heuristic cue matched; default to Anumana (inferential argumentative span),Anumana,moderate,yes
IBM_ArgKP,We should adopt libertarianism,oppose,we should not adopt libertarianism because we need the government to help with things like roads and other infrastructure,Shabda,Matched Shabda cues: government,Shabda,strong,yes
IBM_ArgKP,We should adopt libertarianism,support,we should adopt libertarianism because each individual person should be able to decide what politics he wants to follow.,Anumana,Matched Anumana cues: because,Anumana,moderate,yes
IBM_ArgKP,We should adopt libertarianism,oppose,we shouldn't adopt libertarianism because it means every man for himself for better or worse,Anumana,Matched Anumana cues: because,Anumana,moderate,yes
IBM_ArgKP,We should abolish intellectual property rights,support,"intellectual property rights leads to monopolies, which drives up the prices for consumers.",Anumana,No heuristic cue matched; default to Anumana (inferential argumentative span),Anumana,moderate,yes
IBM_ArgKP,We should abolish intellectual property rights,oppose,"people should have a right of ownership to their creations, ideas, and concepts that they created themselves.",Anumana,No heuristic cue matched; default to Anumana (inferential argumentative span),Anumana,moderate,yes
IBM_ArgKP,We should abolish intellectual property rights,support,we should abolish intellectual property rights because we never can truly know that someone came up with something.,Anumana,Matched Anumana cues: because,Anumana,moderate,yes
IBM_ArgKP,We should abolish intellectual property rights,oppose,i think that we shouldn't abolish intellectual property rights because respect to the author,Anumana,Matched Anumana cues: because,Anumana,moderate,yes
IBM_ArgKP,We should abolish intellectual property rights,support,Another person might be able to make a concept work far better than the original person who thought up the idea.,Anumana,No heuristic cue matched; default to Anumana (inferential argumentative span),Anumana,moderate,yes
IBM_ArgKP,We should abolish intellectual property rights,oppose,we shouldn't abolish intellectual property rights because everyone has the right to be creative with their thoughts,Anumana,Matched Anumana cues: because,Anumana,moderate,yes
IBM_ArgKP,We should abolish intellectual property rights,support,intellectual property rights should be abolished since it doesn't allow the sharing of ideas,Anumana,No heuristic cue matched; default to Anumana (inferential argumentative span),Anumana,moderate,yes
IBM_ArgKP,We should abolish intellectual property rights,oppose,intellectual property rights are useful as it helps protect people who have innovative products.,Anumana,No heuristic cue matched; default to Anumana (inferential argumentative span),Anumana,moderate,yes
IBM_ArgKP,We should abolish intellectual property rights,support,we should abolish intellectual property rights because it will make a fairer playing field,Anumana,Matched Anumana cues: because,Anumana,moderate,yes
IBM_ArgKP,We should abolish intellectual property rights,oppose,If you think of something first you don't want another person stealing that idea and profiting out of it.,Anumana,No heuristic cue matched; default to Anumana (inferential argumentative span),Anumana,moderate,yes
IBM_ArgKP,We should abolish intellectual property rights,support,"intellectual property rights are too vague,they include copyrighting words, gestures, etc and should be sbolish",Anumana,No heuristic cue matched; default to Anumana (inferential argumentative span),Anumana,moderate,yes
IBM_ArgKP,We should abolish intellectual property rights,oppose,Intellectual property rights keep people from stealing others' ideas and selling them as their own.,Anumana,No heuristic cue matched; default to Anumana (inferential argumentative span),Anumana,moderate,yes
IBM_ArgKP,We should abolish intellectual property rights,support,we should abolish intellectual property rights so that everyone can share property which increases harmony in society,Anumana,No heuristic cue matched; default to Anumana (inferential argumentative span),Anumana,moderate,yes
IBM_ArgKP,We should abolish intellectual property rights,oppose,without intellection property rights there is no incentive to research and develop new products,Anumana,No heuristic cue matched; default to Anumana (inferential argumentative span),Anumana,moderate,yes
IBM_ArgKP,We should abolish intellectual property rights,support,we need to do away with intellectual property rights so it doesn't slow down innovation,Anumana,No heuristic cue matched; default to Anumana (inferential argumentative span),Anumana,moderate,yes
IBM_ArgKP,We should legalize sex selection,oppose,"when people mess with mother nature by trying to select the sex of their child, only bad things can happen.",Anumana,No heuristic cue matched; default to Anumana (inferential argumentative span),Anumana,moderate,yes
IBM_ArgKP,We should legalize sex selection,support,the right to bodily autonomy permits mothers to have abortions for sex selective purposes,Anumana,No heuristic cue matched; default to Anumana (inferential argumentative span),Anumana,moderate,yes
IBM_ArgKP,We should legalize sex selection,oppose,"legalizing sex selection would be too costly, causing a surplus of one gender in just a couple decades time.",Anumana,No heuristic cue matched; default to Anumana (inferential argumentative span),Anumana,moderate,yes
IBM_ArgKP,We should legalize sex selection,support,this should be left up to the adults to decide since adults can make their own choices,Anumana,No heuristic cue matched; default to Anumana (inferential argumentative span),Anumana,moderate,yes
IBM_ArgKP,We should legalize sex selection,oppose,sex selection should not be legalized as it isnt ethical its going against the natural course of life,Anumana,No heuristic cue matched; default to Anumana (inferential argumentative span),Anumana,moderate,yes
IBM_ArgKP,We should legalize sex selection,support,"sex selection is a choice that should be between the parents, not something the government to be involved in.",Shabda,Matched Shabda cues: government,Shabda,moderate,yes
IBM_ArgKP,We should legalize sex selection,oppose,sex selection is against nature and messes up the biological makings of the child for future harm,Anumana,No heuristic cue matched; default to Anumana (inferential argumentative span),Anumana,moderate,yes
IBM_ArgKP,We should legalize sex selection,support,the selection of sex is a private and personal decision of the parents and must be respected,Anumana,No heuristic cue matched; default to Anumana (inferential argumentative span),Anumana,moderate,yes
IBM_ArgKP,We should legalize sex selection,oppose,We should not legalize sex selection because male and female foetuses deserve equal protection under the law.,Anumana,Matched Anumana cues: because,Anumana,moderate,yes
IBM_ArgKP,We should legalize sex selection,support,"sex selection can be useful for a family to balance out their's; say a family has three boys, and wants a girl.",Anumana,No heuristic cue matched; default to Anumana (inferential argumentative span),Anumana,moderate,yes
IBM_ArgKP,We should legalize sex selection,oppose,allowing sex selection may lead to a gender imbalance in the population causing problems for future generations.,Anumana,No heuristic cue matched; default to Anumana (inferential argumentative span),Anumana,moderate,yes
IBM_ArgKP,We should legalize sex selection,support,sex selection would stop people having an abortion when they don't have the gender of child they wanted.,Anumana,No heuristic cue matched; default to Anumana (inferential argumentative span),Anumana,moderate,yes
IBM_ArgKP,We should legalize sex selection,oppose,we should not legalize sex selection and leave mother nature to doing her job and not try to become god.,Anumana,No heuristic cue matched; default to Anumana (inferential argumentative span),Anumana,moderate,yes
IBM_ArgKP,We should legalize sex selection,support,people should be able to select the sex of the children so that they can balance their family the way they wish it to be.,Anumana,No heuristic cue matched; default to Anumana (inferential argumentative span),Anumana,moderate,yes
IBM_ArgKP,We should legalize sex selection,oppose,sex selection interferes with the natural balance of nature and justifies sexist choices. it should not be allowed.,Anumana,No heuristic cue matched; default to Anumana (inferential argumentative span),Anumana,moderate,yes
IBM_ArgKP,We should prohibit flag burning,support,"flag burning is the biggest way to disrespect your country, it should not be tolerated.",Anumana,No heuristic cue matched; default to Anumana (inferential argumentative span),Anumana,moderate,yes
IBM_ArgKP,We should prohibit flag burning,oppose,"living in democracy, every persona has a choice to to whatever they wants in their privacy and flag burning is one of it.",Anumana,No heuristic cue matched; default to Anumana (inferential argumentative span),Anumana,moderate,yes
IBM_ArgKP,We should prohibit flag burning,support,Flag burning is disrespectful to the country and to those who fought for the freedom the flag represents.,Anumana,No heuristic cue matched; default to Anumana (inferential argumentative span),Anumana,moderate,yes
IBM_ArgKP,We should prohibit flag burning,oppose,a flag is only a symbol and permitting burning it as an expression of anger is free speech,Anumana,No heuristic cue matched; default to Anumana (inferential argumentative span),Anumana,moderate,yes
IBM_ArgKP,We should prohibit flag burning,support,flag burning is basically incitement and should be treated as a criminal offence because it placed societies in danger.,Anumana,Matched Anumana cues: because,Anumana,moderate,yes
IBM_ArgKP,We should prohibit flag burning,oppose,flag burning is a legitimate way of showing outrage at a countries actions and iss therefore a form of free speach,Anumana,Matched Anumana cues: therefore,Anumana,strong,yes
IBM_ArgKP,We should prohibit flag burning,support,we should prohibit flag burning because is esentail and fundamental in countris in war,Anumana,Matched Anumana cues: because,Anumana,moderate,yes
IBM_ArgKP,We should prohibit flag burning,oppose,Flag burning is a constitutional right and cannot be banned without changing the constitution.,Anumana,No heuristic cue matched; default to Anumana (inferential argumentative span),Shabda,moderate,yes
IBM_ArgKP,We should prohibit flag burning,support,"flag burning is disrespectable to america as it represents everything we, as americans hold dear and true.",Anumana,No heuristic cue matched; default to Anumana (inferential argumentative span),Anumana,moderate,yes
IBM_ArgKP,We should prohibit flag burning,oppose,it is a manner of free speech currently protected under the first amendment. banning it would be unconstitutional.,Anumana,No heuristic cue matched; default to Anumana (inferential argumentative span),Anumana,moderate,yes
IBM_ArgKP,We should prohibit flag burning,support,flag burning is a treasonous and traitorous act which should attract severe punishment.,Anumana,No heuristic cue matched; default to Anumana (inferential argumentative span),Anumana,moderate,yes
IBM_ArgKP,We should prohibit flag burning,oppose,"burning a flag is a form of free speech, therefore it forms a constitutional right and should not be banned.",Anumana,Matched Anumana cues: therefore,Shabda,strong,yes
IBM_ArgKP,We should prohibit flag burning,support,flag burning is unpatriotic and promotes discrimination against people from the country who's flag is being burned.,Anumana,No heuristic cue matched; default to Anumana (inferential argumentative span),Anumana,moderate,yes
IBM_ArgKP,We should prohibit flag burning,oppose,"flag burning qualifies as the right to protest, which is a right upheld by the constitution.",Anumana,No heuristic cue matched; default to Anumana (inferential argumentative span),Shabda,moderate,yes
IBM_ArgKP,We should prohibit flag burning,support,"clearly it must be forbidden, the lack of respect for national symbols should not be tolerated",Anumana,No heuristic cue matched; default to Anumana (inferential argumentative span),Anumana,moderate,yes
IBM_ArgKP,We should end mandatory retirement,oppose,we should not end mandatory retirement because people need to stop working and enjoy life before they die.,Anumana,Matched Anumana cues: because,Anumana,moderate,yes
IBM_ArgKP,We should end mandatory retirement,support,people are living longer and we do not have the right to stop them from working if that is what they want to do.,Anumana,No heuristic cue matched; default to Anumana (inferential argumentative span),Anumana,moderate,yes
IBM_ArgKP,We should end mandatory retirement,oppose,mandatory retirement helps younger generations by opening up more positions in the workforce,Anumana,No heuristic cue matched; default to Anumana (inferential argumentative span),Anumana,moderate,yes
IBM_ArgKP,We should end mandatory retirement,support,mandatory retirement is not fair for those who are actually more than capable to carry on with their jobs,Anumana,No heuristic cue matched; default to Anumana (inferential argumentative span),Anumana,moderate,yes
IBM_ArgKP,We should end mandatory retirement,oppose,it is beneficial for companies to bring in fresh faces and ideas so that the company does not get stagnat,Anumana,No heuristic cue matched; default to Anumana (inferential argumentative span),Anumana,moderate,yes
IBM_ArgKP,We should end mandatory retirement,support,Forcing members of a profession to retire at a certain age creates an experience drain.,Anumana,No heuristic cue matched; default to Anumana (inferential argumentative span),Anumana,moderate,yes
IBM_ArgKP,We should end mandatory retirement,oppose,a mandatory retirement age allows employers to be able to bring fresh talent into their workforce,Anumana,No heuristic cue matched; default to Anumana (inferential argumentative span),Anumana,moderate,yes
IBM_ArgKP,We should end mandatory retirement,support,we should not force people out of the workplace if they can continue to offer skills to companies.,Anumana,No heuristic cue matched; default to Anumana (inferential argumentative span),Anumana,moderate,yes
IBM_ArgKP,We should end mandatory retirement,oppose,mandatory retirement leaves openings in the job force for those that are stronger and more capable of doing the jobs.,Anumana,No heuristic cue matched; default to Anumana (inferential argumentative span),Anumana,strong,yes
IBM_ArgKP,We should end mandatory retirement,support,it forces more qualified people out of jobs & replaces them with less qualified people,Anumana,No heuristic cue matched; default to Anumana (inferential argumentative span),Anumana,moderate,yes
IBM_ArgKP,We should end mandatory retirement,oppose,mandatory retirement opens up jobs for those unemployeed or are starting out in the workplace.,Anumana,No heuristic cue matched; default to Anumana (inferential argumentative span),Anumana,moderate,yes
IBM_ArgKP,We should end mandatory retirement,support,Mandatory retirement forces people who are still excellent at their jobs to quit working long before they are ready.,Anumana,No heuristic cue matched; default to Anumana (inferential argumentative span),Anumana,moderate,yes
IBM_ArgKP,We should end mandatory retirement,oppose,if we end mandatory retirement many older workers that want to retire after many years of service may be denied that right,Anumana,No heuristic cue matched; default to Anumana (inferential argumentative span),Anumana,moderate,yes
IBM_ArgKP,We should end mandatory retirement,support,some older workers love their job and would be devastated to be forced to stop working,Anumana,No heuristic cue matched; default to Anumana (inferential argumentative span),Anumana,moderate,yes
IBM_ArgKP,We should end mandatory retirement,oppose,"after a certain age, people physical reflexes and mental acuity are more likely to decline",Anumana,Matched Anumana cues: likely,Anumana,moderate,yes
IBM_ArgKP,We should abolish the right to keep and bear arms,support,the rise in the number of gun deaths makes it clear that we need to abolish the right to bear arms.,Anumana,No heuristic cue matched; default to Anumana (inferential argumentative span),Anumana,strong,yes
IBM_ArgKP,We should abolish the right to keep and bear arms,oppose,firearms can serve a purpose in rural communities which suffer from pests such as wild bore.,Anumana,No heuristic cue matched; default to Anumana (inferential argumentative span),Anumana,moderate,yes
IBM_ArgKP,We should abolish the right to keep and bear arms,support,we have the most guns per capita in the developed world and the highest level of gun violence,Anumana,No heuristic cue matched; default to Anumana (inferential argumentative span),Anumana,moderate,yes
IBM_ArgKP,We should abolish the right to keep and bear arms,oppose,if arms are used for personal protection only they can save somebody's life in case of personal attack,Anumana,No heuristic cue matched; default to Anumana (inferential argumentative span),Anumana,moderate,yes
IBM_ArgKP,We should abolish the right to keep and bear arms,support,we should abolish the right to keep and bear arms as this right has gotten out of hand with too many mass shootings.,Anumana,No heuristic cue matched; default to Anumana (inferential argumentative span),Anumana,moderate,yes
IBM_ArgKP,We should abolish the right to keep and bear arms,oppose,we should not abolish the right because it would leave us vulnerable to personal attacks,Anumana,Matched Anumana cues: because,Anumana,moderate,yes
IBM_ArgKP,We should abolish the right to keep and bear arms,support,we should abolish the right to keep and bear arms as it could endanger innocent people and maybe end up in the wrong hands,Anumana,No heuristic cue matched; default to Anumana (inferential argumentative span),Anumana,weak,yes
IBM_ArgKP,We should abolish the right to keep and bear arms,oppose,it is a constitutional right to bear arms and everyone should be able to defend themselves if the need occurs.,Anumana,No heuristic cue matched; default to Anumana (inferential argumentative span),Shabda,moderate,yes
IBM_ArgKP,We should abolish the right to keep and bear arms,support,The right to bear and keep arms brings about violence in everyday life and should be abolished,Anumana,No heuristic cue matched; default to Anumana (inferential argumentative span),Anumana,moderate,yes
IBM_ArgKP,We should abolish the right to keep and bear arms,oppose,the right to keep and bear arms is what has kept us free for all these years. we cannot allow it to be abolished now.,Anumana,No heuristic cue matched; default to Anumana (inferential argumentative span),Anumana,moderate,yes
IBM_ArgKP,We should abolish the right to keep and bear arms,support,we should abolish the right to keep and bear arms because it creates a dangerous environment for children,Anumana,Matched Anumana cues: because,Anumana,moderate,yes
IBM_ArgKP,We should abolish the right to keep and bear arms,oppose,it is a constitutional right to keep and bear arms for self protection and to participate in firearm sports,Anumana,No heuristic cue matched; default to Anumana (inferential argumentative span),Shabda,moderate,yes
IBM_ArgKP,We should abolish the right to keep and bear arms,support,gun violence is constantly on the rise with many innocent people loosing their lives every day.,Anumana,No heuristic cue matched; default to Anumana (inferential argumentative span),Anumana,moderate,yes
IBM_ArgKP,We should abolish the right to keep and bear arms,oppose,people have a right to defend themselves by keeping arms and using them when necessary,Anumana,No heuristic cue matched; default to Anumana (inferential argumentative span),Anumana,moderate,yes
IBM_ArgKP,We should abolish the right to keep and bear arms,support,the right to bear arms is probably the leading cause of the increase in gun deaths in recent years.,Anumana,No heuristic cue matched; default to Anumana (inferential argumentative span),Anumana,moderate,yes
IBM_ArgKP,We should ban private military companies,oppose,we should not ban private military companies because they can provide great protection in many areas of our country,Anumana,Matched Anumana cues: because,Anumana,moderate,yes
IBM_ArgKP,We should ban private military companies,support,private military companies receive government funds without sufficient government oversight.,Shabda,Matched Shabda cues: government,Shabda,moderate,yes
IBM_ArgKP,We should ban private military companies,oppose,private military allows for less red tape to get things done and should not be banned.,Anumana,No heuristic cue matched; default to Anumana (inferential argumentative span),Anumana,moderate,yes
IBM_ArgKP,We should ban private military companies,support,private military companies are operated for profit rather than for the defence of nations.,Anumana,No heuristic cue matched; default to Anumana (inferential argumentative span),Anumana,moderate,yes
IBM_ArgKP,We should ban private military companies,oppose,private military companies do not have to go through governmental red tape to spend money for training and equipment,Shabda,Matched Shabda cues: government,Anumana,moderate,yes
IBM_ArgKP,We should ban private military companies,support,private military companies are around to make a profit and may do things that are dangerous in order to cut expenses,Anumana,No heuristic cue matched; default to Anumana (inferential argumentative span),Anumana,moderate,yes
IBM_ArgKP,We should ban private military companies,oppose,private military companies are a business like any other and are subject to national and international regulations,Upamana,Matched Upamana cues: like,Anumana,moderate,yes
IBM_ArgKP,We should ban private military companies,support,private military companies are a risk to the general public as they are not regulated and therefore should be banned,Anumana,Matched Anumana cues: therefore,Anumana,strong,yes
IBM_ArgKP,We should ban private military companies,oppose,we need private military companies to keep the field competitive and inspire more creativity in the area.,Anumana,No heuristic cue matched; default to Anumana (inferential argumentative span),Anumana,moderate,yes
IBM_ArgKP,We should ban private military companies,support,private military companies should be banned they often act as mercenaries and cant be regulated,Anumana,No heuristic cue matched; default to Anumana (inferential argumentative span),Anumana,moderate,yes
IBM_ArgKP,We should ban private military companies,oppose,private military companies are needed to provide security when the military can not do the job,Anumana,No heuristic cue matched; default to Anumana (inferential argumentative span),Anumana,moderate,yes
IBM_ArgKP,We should ban private military companies,support,private military companies are risky businesses that can backfire against government's military forces,Shabda,Matched Shabda cues: government,Shabda,strong,yes
IBM_ArgKP,We should ban private military companies,oppose,private military companies help bring down the cost of military action by our government.,Shabda,Matched Shabda cues: government,Shabda,moderate,yes
IBM_ArgKP,We should ban private military companies,support,private military companies have no oversight and thus can commit atrocities with no repercussions.,Anumana,Matched Anumana cues: thus,Anumana,moderate,yes
IBM_ArgKP,We should ban private military companies,oppose,wealthy people and companies may need additional military protection and should be able to use it.,Anumana,No heuristic cue matched; default to Anumana (inferential argumentative span),Anumana,moderate,yes
IBM_ArgKP,We should ban cosmetic surgery,support,this type of surgery has risks associated with it just like other ones except this one is not needed,Upamana,Matched Upamana cues: like,Upamana,moderate,yes
IBM_ArgKP,We should ban cosmetic surgery,oppose,we should not ban cosmetic surgery because some people need it done to improve their health and lifestyle,Anumana,Matched Anumana cues: because,Anumana,moderate,yes
IBM_ArgKP,We should ban cosmetic surgery,support,cosmetic surgery can be addictive and some people trasnform themselves into plastic dolls.,Anumana,No heuristic cue matched; default to Anumana (inferential argumentative span),Anumana,moderate,yes
IBM_ArgKP,We should ban cosmetic surgery,oppose,cosmetic surgery is needed for reconstructive surgery and is a necessary part of the process.,Anumana,No heuristic cue matched; default to Anumana (inferential argumentative span),Anumana,moderate,yes
IBM_ArgKP,We should ban cosmetic surgery,support,it can do more harm than good. people's lives have been ruined by botched procedures that destroyed their looks.,Anumana,No heuristic cue matched; default to Anumana (inferential argumentative span),Anumana,moderate,yes
IBM_ArgKP,We should ban cosmetic surgery,oppose,cosmetic surgery can help people that had facial injuries or birth defects to look more normal,Anumana,No heuristic cue matched; default to Anumana (inferential argumentative span),Anumana,moderate,yes
IBM_ArgKP,We should ban cosmetic surgery,support,cosmetic surgery is only for the wealthy and results in poor people feeling worse about themselves.,Anumana,No heuristic cue matched; default to Anumana (inferential argumentative span),Anumana,moderate,yes
IBM_ArgKP,We should ban cosmetic surgery,oppose,people should be able to make the choice on their own without someone telling them that they can't.,Anumana,No heuristic cue matched; default to Anumana (inferential argumentative span),Anumana,moderate,yes
IBM_ArgKP,We should ban cosmetic surgery,support,cosmetic surgery causes unnecessary risks to the patient for a purely narcissistic procedure.,Anumana,Matched Anumana cues: causes,Anumana,moderate,yes
IBM_ArgKP,We should ban cosmetic surgery,oppose,we should not ban because it helps people feel good about themselves and improve their confidence.,Anumana,Matched Anumana cues: because,Anumana,moderate,yes
IBM_ArgKP,We should ban cosmetic surgery,support,cosmetic surgery should be banned because it is really not a necessary type of surgery.,Anumana,Matched Anumana cues: because,Anumana,moderate,yes
IBM_ArgKP,We should ban cosmetic surgery,oppose,everyone has the right to alter their bodies or appearances in which ever way makes them feel comfortable and at ease.,Anumana,No heuristic cue matched; default to Anumana (inferential argumentative span),Anumana,moderate,yes
IBM_ArgKP,We should ban cosmetic surgery,support,cosmetic surgery is addictive and leads to some people turning their otherwise healthy bodies into sickly silicone wrecks.,Anumana,No heuristic cue matched; default to Anumana (inferential argumentative span),Anumana,moderate,yes
IBM_ArgKP,We should ban cosmetic surgery,oppose,"cosmetic surgery is a decision that a doctor and a patient makes, and we should not infringe on their choice.",Anumana,No heuristic cue matched; default to Anumana (inferential argumentative span),Anumana,moderate,yes
IBM_ArgKP,We should ban cosmetic surgery,support,cosmetic surgery leads to some people becoming disfigured when they are operated on by unskilled surgeons.,Anumana,No heuristic cue matched; default to Anumana (inferential argumentative span),Anumana,moderate,yes
IBM_ArgKP,We should introduce compulsory voting,oppose,compulsory voting would only cause uneducated votes to be cast and not be a real benefit to the country.,Anumana,No heuristic cue matched; default to Anumana (inferential argumentative span),Anumana,moderate,yes
IBM_ArgKP,We should introduce compulsory voting,support,compulsory voting would make the opinions of everyone's opinions be taken into account.,Anumana,No heuristic cue matched; default to Anumana (inferential argumentative span),Anumana,moderate,yes
IBM_ArgKP,We should introduce compulsory voting,oppose,we should not force people to vote. they may not be informed and just randomly mark the ballot.,Anumana,No heuristic cue matched; default to Anumana (inferential argumentative span),Anumana,moderate,yes
IBM_ArgKP,We should introduce compulsory voting,support,"by requiring all citizens to vote, we would be able to elect politicians who more accurately represent the public's will.",Anumana,No heuristic cue matched; default to Anumana (inferential argumentative span),Anumana,moderate,yes
IBM_ArgKP,We should introduce compulsory voting,oppose,compulsory voting could lead to an uninformed public electing unqualified people to office,Anumana,No heuristic cue matched; default to Anumana (inferential argumentative span),Anumana,moderate,yes
IBM_ArgKP,We should introduce compulsory voting,support,compulsory voting would insure that every eligible voting citizen is able to aid in who they want for political offices.,Anumana,No heuristic cue matched; default to Anumana (inferential argumentative span),Anumana,moderate,yes
IBM_ArgKP,We should introduce compulsory voting,oppose,we should not introduce compulsory voting because it can be altered and tampered with.,Anumana,Matched Anumana cues: because,Anumana,moderate,yes
IBM_ArgKP,We should introduce compulsory voting,support,we should introduce compulsory voting as everyone should have a say in who is voted into offices.,Anumana,No heuristic cue matched; default to Anumana (inferential argumentative span),Anumana,moderate,yes
IBM_ArgKP,We should introduce compulsory voting,oppose,"compulsory voting is inconvenient, especially to those with mobility issues or just cannot take time off work to vote.",Anumana,No heuristic cue matched; default to Anumana (inferential argumentative span),Anumana,moderate,yes
IBM_ArgKP,We should introduce compulsory voting,support,voting is such an important part of being part of society and its decision making process that it should be compulsory.,Anumana,No heuristic cue matched; default to Anumana (inferential argumentative span),Anumana,moderate,yes
IBM_ArgKP,We should introduce compulsory voting,oppose,compulsory voting will cause more people feel like the government has too much power and the country will feel less free,Shabda,Matched Shabda cues: government,Upamana,strong,yes
IBM_ArgKP,We should introduce compulsory voting,support,we should do because then it will be more fair when the results come in because everyone has had their say.,Anumana,Matched Anumana cues: because,Anumana,strong,yes
IBM_ArgKP,We should introduce compulsory voting,oppose,compulsory voting does not promote democratic engagement instead in turns voting in to a tick box excercise,Anumana,No heuristic cue matched; default to Anumana (inferential argumentative span),Anumana,moderate,yes
IBM_ArgKP,We should introduce compulsory voting,support,"compulsory voting will cause more people to take an interest in politics which, in turn, will benefit everyone",Anumana,No heuristic cue matched; default to Anumana (inferential argumentative span),Anumana,moderate,yes
IBM_ArgKP,We should introduce compulsory voting,oppose,"you can't force someone to vote,what if they don't like either party, not voting is them expressing this.",Upamana,Matched Upamana cues: like,Anumana,moderate,yes
IBM_ArgKP,We should subsidize journalism,support,we should subsidize journalism to ensure media has the proper means to get the correct answers to the public.,Shabda,Matched Shabda cues: journal,Shabda,strong,yes
IBM_ArgKP,We should subsidize journalism,oppose,"there is simply no need, there is enough money in journalism and plenty of valuable, objective sources available",Shabda,Matched Shabda cues: journal,Shabda,moderate,yes
IBM_ArgKP,We should subsidize journalism,support,investigative journalism is a cornerstone of democracy because it holds politicians accountable.,Shabda,Matched Shabda cues: journal,Shabda,strong,yes
IBM_ArgKP,We should subsidize journalism,oppose,no profession should be unfairly treated better than another & given preferential subsidies,Anumana,No heuristic cue matched; default to Anumana (inferential argumentative span),Anumana,moderate,yes
IBM_ArgKP,We should subsidize journalism,support,"journalism is necessary to a free, democratic society and so we must support it by subsidizing the news.",Shabda,Matched Shabda cues: journal,Shabda,moderate,yes
IBM_ArgKP,We should subsidize journalism,oppose,there are more important issues like health and safety to to spend our money on than journalism,Shabda,Matched Shabda cues: journal,Shabda,moderate,yes
IBM_ArgKP,We should subsidize journalism,support,"high-quality journalism requires time, expertise, and research. all of this requires money.",Shabda,"Matched Shabda cues: expert, journal",Shabda,moderate,yes
IBM_ArgKP,We should subsidize journalism,oppose,"journalism is a dying profession that is increasingly corrupt, so why use tax money towards it?",Shabda,Matched Shabda cues: journal,Shabda,moderate,yes
IBM_ArgKP,We should subsidize journalism,support,journalism provides information and news so that we can know what is going on outside of our immediate area,Shabda,Matched Shabda cues: journal,Shabda,moderate,yes
IBM_ArgKP,We should subsidize journalism,oppose,journalism can make enough income to support itself as is seen by the countless successful media outlets,Shabda,Matched Shabda cues: journal,Shabda,moderate,yes
IBM_ArgKP,We should subsidize journalism,support,journalism is important to ensure that the population is informed about important issues.,Shabda,Matched Shabda cues: journal,Shabda,strong,yes
IBM_ArgKP,We should subsidize journalism,oppose,Even the appearance of control through subsidies destroys the credibility of newspapers.,Anumana,No heuristic cue matched; default to Anumana (inferential argumentative span),Anumana,moderate,yes
IBM_ArgKP,We should subsidize journalism,support,better journalism is needed to keep our governments in check and the general population in the know,Shabda,"Matched Shabda cues: journal, government",Shabda,moderate,yes
IBM_ArgKP,We should subsidize journalism,oppose,journalism should not be subsidized because subsidies could too easily be allotted according to political beliefs.,Shabda,"Matched Shabda cues: according to, journal",Shabda,strong,yes
IBM_ArgKP,We should subsidize journalism,support,Journalism is critical to creating an informed populace. Subsidization will allow it to provide even more information.,Shabda,Matched Shabda cues: journal,Shabda,moderate,yes
IBM_ArgKP,We should fight for the abolition of nuclear weapons,oppose,countries that abolish nuclear weapons will leave themselves defenseless to the countries that refuse to.,Anumana,No heuristic cue matched; default to Anumana (inferential argumentative span),Anumana,moderate,yes
IBM_ArgKP,We should fight for the abolition of nuclear weapons,support,"nuclear weapons are dangerous in the hands of dictators, who could use them to cause mass destruction.",Anumana,No heuristic cue matched; default to Anumana (inferential argumentative span),Anumana,moderate,yes
IBM_ArgKP,We should fight for the abolition of nuclear weapons,oppose,nuclear weapons are important in the fight against those who want to hurt their enemies,Anumana,No heuristic cue matched; default to Anumana (inferential argumentative span),Anumana,moderate,yes
IBM_ArgKP,We should fight for the abolition of nuclear weapons,support,we should fight for the abolition of nuclear weapons because is fundamental for world peace,Anumana,Matched Anumana cues: because,Anumana,moderate,yes
IBM_ArgKP,We should fight for the abolition of nuclear weapons,oppose,having nuclear weapons provides a good defense and a strong offense against threatening countries.,Anumana,No heuristic cue matched; default to Anumana (inferential argumentative span),Anumana,moderate,yes
IBM_ArgKP,We should fight for the abolition of nuclear weapons,support,we should fight for the abolition of nuclear weapons for the peace and envelope of people,Anumana,No heuristic cue matched; default to Anumana (inferential argumentative span),Anumana,moderate,yes
IBM_ArgKP,We should fight for the abolition of nuclear weapons,oppose,"the united states, at least, needs nuclear weapons for protection in order to deter other countries from attacking.",Anumana,No heuristic cue matched; default to Anumana (inferential argumentative span),Anumana,moderate,yes
IBM_ArgKP,We should fight for the abolition of nuclear weapons,support,nuclear weapons are dangerous when possessed by a country that places no value on human life,Anumana,No heuristic cue matched; default to Anumana (inferential argumentative span),Anumana,moderate,yes
IBM_ArgKP,We should fight for the abolition of nuclear weapons,oppose,"the u. s needs nuclear weapons, just having them prevents other countries from attacking us.",Anumana,No heuristic cue matched; default to Anumana (inferential argumentative span),Anumana,moderate,yes
IBM_ArgKP,We should fight for the abolition of nuclear weapons,support,"nuclear weapons are an exhorbitantly costly defence strategy that will never be used, just a deterrant at a huge price.",Anumana,No heuristic cue matched; default to Anumana (inferential argumentative span),Anumana,moderate,yes
IBM_ArgKP,We should fight for the abolition of nuclear weapons,oppose,"nuclear weapons development leads to other non-combative discoveries, such as nuclear energy.",Anumana,No heuristic cue matched; default to Anumana (inferential argumentative span),Anumana,moderate,yes
IBM_ArgKP,We should fight for the abolition of nuclear weapons,support,we need to stop creating and hoarding weapons that can potentially destroy the entire planet,Anumana,No heuristic cue matched; default to Anumana (inferential argumentative span),Anumana,moderate,yes
IBM_ArgKP,We should fight for the abolition of nuclear weapons,oppose,nuclear weapons aid in deterring other countries from attacks and also symbolizes a countries world power.,Anumana,No heuristic cue matched; default to Anumana (inferential argumentative span),Anumana,moderate,yes
IBM_ArgKP,We should fight for the abolition of nuclear weapons,support,nuclear weapons are too dangerous to keep. we must get rid of all of them or face a nuclear winter.,Anumana,No heuristic cue matched; default to Anumana (inferential argumentative span),Anumana,moderate,yes
IBM_ArgKP,We should fight for the abolition of nuclear weapons,oppose,nuclear weapons help to insure that other countries will not attach because they in turn will most certainly be destroyed.,Anumana,Matched Anumana cues: because,Anumana,strong,yes
IBM_ArgKP,We should ban algorithmic trading,support,"algorithmic trading has been responsible for some wild market fluctuations, damaging the confidence of investors.",Anumana,No heuristic cue matched; default to Anumana (inferential argumentative span),Anumana,moderate,yes
IBM_ArgKP,We should ban algorithmic trading,oppose,algorithmic trading should not be banned as it allows for more trading with fewer errors,Anumana,No heuristic cue matched; default to Anumana (inferential argumentative span),Anumana,moderate,yes
IBM_ArgKP,We should ban algorithmic trading,support,"algorithmic trading is not available to everyone, causing an unfair advantage with high economic detriments.",Anumana,No heuristic cue matched; default to Anumana (inferential argumentative span),Anumana,moderate,yes
IBM_ArgKP,We should ban algorithmic trading,oppose,algorithmic trading will generate many jobs for programmers who design the new algorithmic machines.,Anumana,No heuristic cue matched; default to Anumana (inferential argumentative span),Anumana,moderate,yes
IBM_ArgKP,We should ban algorithmic trading,support,we should ban algorithmic trading as it causes unpredictable volatility in the market.,Anumana,Matched Anumana cues: causes,Anumana,moderate,yes
IBM_ArgKP,We should ban algorithmic trading,oppose,"it makes trading more simple to use, it's very beneficial to those who are new to trading.",Anumana,No heuristic cue matched; default to Anumana (inferential argumentative span),Anumana,moderate,yes
IBM_ArgKP,We should ban algorithmic trading,support,"algorithmic trading leaves us vulnerable and fully dependent on technology, which can have issues of its own",Anumana,No heuristic cue matched; default to Anumana (inferential argumentative span),Anumana,moderate,yes
IBM_ArgKP,We should ban algorithmic trading,oppose,algirithmic trading reduces the possibilty of error and just furthers profit for finance companies,Anumana,No heuristic cue matched; default to Anumana (inferential argumentative span),Anumana,moderate,yes
IBM_ArgKP,We should ban algorithmic trading,support,we should ban algorithmic trading because it gives a select few an unfair advantage over others.,Anumana,Matched Anumana cues: because,Anumana,moderate,yes
IBM_ArgKP,We should ban algorithmic trading,oppose,algorithmic trading makes trading easier and faster and keeps the system flowing smoothly.,Anumana,No heuristic cue matched; default to Anumana (inferential argumentative span),Anumana,moderate,yes
IBM_ArgKP,We should ban algorithmic trading,support,algorithmic trading is not available to all and hinders the vitality of all in a level playing field.,Anumana,No heuristic cue matched; default to Anumana (inferential argumentative span),Anumana,moderate,yes
IBM_ArgKP,We should ban algorithmic trading,oppose,"if someone designs an algorithm that they trust to predict market trends, they should be able to employ it.",Anumana,No heuristic cue matched; default to Anumana (inferential argumentative span),Anumana,moderate,yes
IBM_ArgKP,We should ban algorithmic trading,support,algorithmic trading stops people having control over their spending and therefore increases debt,Anumana,Matched Anumana cues: therefore,Anumana,moderate,yes
IBM_ArgKP,We should ban algorithmic trading,oppose,we should not ban algorithmic trading because a lot of the time it helps the poorer countries,Anumana,Matched Anumana cues: because,Anumana,moderate,yes
IBM_ArgKP,We should ban algorithmic trading,support,"algorithmic trading is inherently unfair, only those with the resources to use it can benefit.",Anumana,No heuristic cue matched; default to Anumana (inferential argumentative span),Anumana,moderate,yes
IBM_ArgKP,We should adopt an austerity regime,oppose,an austerity regime is bad: the government needs to keep its programs and the people need to keep their money.,Shabda,Matched Shabda cues: government,Shabda,moderate,yes
IBM_ArgKP,We should adopt an austerity regime,support,"by enacting an austerity regime, we can improve the long-term health of the economy by reducing the national debt.",Anumana,No heuristic cue matched; default to Anumana (inferential argumentative span),Anumana,moderate,yes
IBM_ArgKP,We should adopt an austerity regime,oppose,"Austerity policies can result in lower growth and lower tax revenues, especially in times of recession.",Anumana,No heuristic cue matched; default to Anumana (inferential argumentative span),Anumana,moderate,yes
IBM_ArgKP,We should adopt an austerity regime,support,an austerity regime can help restructure a country's debt without increasing the deficit,Anumana,No heuristic cue matched; default to Anumana (inferential argumentative span),Anumana,moderate,yes
IBM_ArgKP,We should adopt an austerity regime,oppose,an austerity regime unfairly penalises the poor by cutting services to the people who need them most.,Anumana,No heuristic cue matched; default to Anumana (inferential argumentative span),Anumana,moderate,yes
IBM_ArgKP,We should adopt an austerity regime,support,"yes, we are too far in debt with no way to pay back even the interest that debt is incurring, without borrowing more money.",Anumana,No heuristic cue matched; default to Anumana (inferential argumentative span),Anumana,moderate,yes
IBM_ArgKP,We should adopt an austerity regime,oppose,austerity regimes may save a few bucks for the government but always at the expense of regular and vulnerable citizens.,Shabda,Matched Shabda cues: government,Shabda,moderate,yes
IBM_ArgKP,We should adopt an austerity regime,support,we are at a point of no return in terms of increasing debt. there is now clearly now way out of it but to cut back.,Anumana,No heuristic cue matched; default to Anumana (inferential argumentative span),Anumana,strong,yes
IBM_ArgKP,We should adopt an austerity regime,oppose,such a regime would only serve to punish those who are vulnerable and rely on certain programs.,Anumana,No heuristic cue matched; default to Anumana (inferential argumentative span),Anumana,moderate,yes
IBM_ArgKP,We should adopt an austerity regime,support,we should adopt an austerity regime because it helps the countries that import and export items,Anumana,Matched Anumana cues: because,Anumana,moderate,yes
IBM_ArgKP,We should adopt an austerity regime,oppose,ordinary citizens should not have to be deprived because of the actions of politicians,Anumana,Matched Anumana cues: because,Anumana,moderate,yes
IBM_ArgKP,We should adopt an austerity regime,support,we need to adopt an austerity regime so the government stops over spending on unnecessary things,Shabda,Matched Shabda cues: government,Shabda,moderate,yes
IBM_ArgKP,We should adopt an austerity regime,oppose,austerity only suppresses the economy and makes the situation worse and for a longer period of time,Anumana,No heuristic cue matched; default to Anumana (inferential argumentative span),Anumana,moderate,yes
IBM_ArgKP,We should adopt an austerity regime,support,when everything else fails the government should be allowed to curb all superfluous spending within.,Shabda,Matched Shabda cues: government,Shabda,moderate,yes
IBM_ArgKP,We should adopt an austerity regime,oppose,an austerity regime will only cause a small benefit for a small time and should not be utilized at this time,Anumana,No heuristic cue matched; default to Anumana (inferential argumentative span),Anumana,strong,yes
IBM_ArgKP,We should subsidize student loans,support,subsidized student loans provide a lower interest rate and result in less debt for college graduates,Anumana,No heuristic cue matched; default to Anumana (inferential argumentative span),Anumana,moderate,yes
IBM_ArgKP,We should subsidize student loans,oppose,subsidizing student loans will just add to our massive debt which is the last thing america needs at the moment.,Anumana,No heuristic cue matched; default to Anumana (inferential argumentative span),Anumana,moderate,yes
IBM_ArgKP,We should subsidize student loans,support,we should subsidize student loans because it gives students with low income to get the education they deserve,Anumana,Matched Anumana cues: because,Anumana,moderate,yes
IBM_ArgKP,We should subsidize student loans,oppose,if we subsidize student loans we will create corruption mechanisms so that others can take advantage of these subsidies,Anumana,No heuristic cue matched; default to Anumana (inferential argumentative span),Anumana,moderate,yes
IBM_ArgKP,We should subsidize student loans,support,college is getting more and more expensive each year so students should be getting as much help as they need,Anumana,No heuristic cue matched; default to Anumana (inferential argumentative span),Anumana,moderate,yes
IBM_ArgKP,We should subsidize student loans,oppose,if somebody wants to go to university or college they should be responsible for the funding and not somebody else.,Anumana,No heuristic cue matched; default to Anumana (inferential argumentative span),Anumana,moderate,yes
IBM_ArgKP,We should subsidize student loans,support,subsidizing student loans would particularly help the poorest in society and so would help reduce social inequality.,Anumana,No heuristic cue matched; default to Anumana (inferential argumentative span),Anumana,moderate,yes
IBM_ArgKP,We should subsidize student loans,oppose,"subsidizing student loans would be costly to the banks and the government that funds them,",Shabda,Matched Shabda cues: government,Shabda,moderate,yes
IBM_ArgKP,We should subsidize student loans,support,subsidized loans help students get an education and without them they might not be able to go to school,Anumana,No heuristic cue matched; default to Anumana (inferential argumentative span),Anumana,moderate,yes
IBM_ArgKP,We should subsidize student loans,oppose,subsidizing student loans will put many students in debt that they will have trouble paying off.,Anumana,No heuristic cue matched; default to Anumana (inferential argumentative span),Anumana,moderate,yes
IBM_ArgKP,We should subsidize student loans,support,"we should subsidize student loans to ensure all have access to education, not just those with a wealthy family",Anumana,No heuristic cue matched; default to Anumana (inferential argumentative span),Anumana,moderate,yes
IBM_ArgKP,We should subsidize student loans,oppose,we should not subsidize student loans because it was a personal decision and responsibility to accept the loan,Anumana,Matched Anumana cues: because,Anumana,moderate,yes
IBM_ArgKP,We should subsidize student loans,support,student loans enable poor students to continue with their education and graduate from the university,Anumana,No heuristic cue matched; default to Anumana (inferential argumentative span),Anumana,moderate,yes
IBM_ArgKP,We should subsidize student loans,oppose,"higher education is no longer that useful in finding a job, we need to stop funneling money into it.",Anumana,No heuristic cue matched; default to Anumana (inferential argumentative span),Anumana,moderate,yes
IBM_ArgKP,We should legalize prostitution,support,legalized prostitution will increase taxes collected from persons working in the industry,Anumana,No heuristic cue matched; default to Anumana (inferential argumentative span),Anumana,moderate,yes
IBM_ArgKP,We should legalize prostitution,oppose,we should not legalize prostitution because people should only be with one other person in a marriage relationship.,Anumana,Matched Anumana cues: because,Anumana,moderate,yes
IBM_ArgKP,We should legalize prostitution,support,prostitution should be legalied so women can work in safe spaces rather than be at risk working on the streets,Anumana,No heuristic cue matched; default to Anumana (inferential argumentative span),Anumana,moderate,yes
IBM_ArgKP,We should legalize prostitution,oppose,prostitution perpetuates the abuse of the vulnerable and funds should be redirected to help them,Anumana,No heuristic cue matched; default to Anumana (inferential argumentative span),Anumana,moderate,yes
IBM_ArgKP,We should legalize prostitution,support,legalizing prostitution will legitimize it as a profession and allow workers to unionize and collect benefits,Anumana,No heuristic cue matched; default to Anumana (inferential argumentative span),Anumana,moderate,yes
IBM_ArgKP,We should legalize prostitution,oppose,we should not legalize prostitution because it would lead to an increase in human trafficking of young women and girls.,Anumana,Matched Anumana cues: because,Anumana,strong,yes
IBM_ArgKP,We should legalize prostitution,support,We should legalize prostitution so that we can regulate it and make it safer for the prostitutes and the clients.,Anumana,No heuristic cue matched; default to Anumana (inferential argumentative span),Anumana,moderate,yes
IBM_ArgKP,We should legalize prostitution,oppose,prostitution is not a job and we should not allow it because we would not want our daughters to do it.,Anumana,Matched Anumana cues: because,Anumana,strong,yes
IBM_ArgKP,We should legalize prostitution,support,by legalizing prostitution we can regulate medical checkups and thereby help to prevent the spread of disease.,Anumana,No heuristic cue matched; default to Anumana (inferential argumentative span),Anumana,moderate,yes
IBM_ArgKP,We should legalize prostitution,oppose,legalizing prostitution would lead to an increase of child abductions for the sex trade.,Anumana,No heuristic cue matched; default to Anumana (inferential argumentative span),Anumana,moderate,yes
IBM_ArgKP,We should legalize prostitution,support,if we legalize and regulate prostitution then it will be safer for everyone and also generate revenue for the state.,Anumana,Matched Anumana cues: if...then reasoning,Anumana,moderate,yes
IBM_ArgKP,We should legalize prostitution,oppose,Prostitution is degrading and inhuman. it is a way of commodifying people and treating them as no more than merchandise.,Anumana,No heuristic cue matched; default to Anumana (inferential argumentative span),Anumana,moderate,yes
IBM_ArgKP,We should legalize prostitution,support,it will be a safer environment for women to make this legitimate choice to sell their companionship and sexual services,Anumana,No heuristic cue matched; default to Anumana (inferential argumentative span),Anumana,moderate,yes
IBM_ArgKP,We should legalize prostitution,oppose,people would be more able to cheat on their partners if prostitution was more accessible.,Anumana,No heuristic cue matched; default to Anumana (inferential argumentative span),Anumana,moderate,yes
IBM_ArgKP,Foster care brings more harm than good,support,foster care just passes children around like they are a burden instead of finding a home for them.,Upamana,Matched Upamana cues: like,Anumana,moderate,yes
IBM_ArgKP,Foster care brings more harm than good,oppose,foster care gets kids out of dangerous situations and into the homes of people who can better care for them.,Anumana,No heuristic cue matched; default to Anumana (inferential argumentative span),Anumana,moderate,yes
IBM_ArgKP,Foster care brings more harm than good,support,there is a risk of having children with serious behavior problems that could harm healthy families.,Anumana,No heuristic cue matched; default to Anumana (inferential argumentative span),Anumana,moderate,yes
IBM_ArgKP,Foster care brings more harm than good,oppose,some children are in abusive homes and need to be removed from that situation and foster homes are a good alternative,Anumana,No heuristic cue matched; default to Anumana (inferential argumentative span),Anumana,moderate,yes
IBM_ArgKP,Foster care brings more harm than good,support,"foster parents can take advantage of children, and sometimes they volunteer just to get a paycheck.",Anumana,No heuristic cue matched; default to Anumana (inferential argumentative span),Anumana,moderate,yes
IBM_ArgKP,Foster care brings more harm than good,oppose,foster care can help provide a young person a stable environment so they can grow & flourish in a normal home setting,Anumana,No heuristic cue matched; default to Anumana (inferential argumentative span),Anumana,moderate,yes
IBM_ArgKP,Foster care brings more harm than good,support,"many children in foster care are not adequately supervised by social services, and thus are often mistreated.",Anumana,Matched Anumana cues: thus,Anumana,moderate,yes
IBM_ArgKP,Foster care brings more harm than good,oppose,foster care helps many children that have abusive parents and make them live in a better environment.,Anumana,No heuristic cue matched; default to Anumana (inferential argumentative span),Anumana,moderate,yes
IBM_ArgKP,Foster care brings more harm than good,support,foster care can put vulnerable children in contact with other children who have a criminal background.,Anumana,No heuristic cue matched; default to Anumana (inferential argumentative span),Anumana,moderate,yes
IBM_ArgKP,Foster care brings more harm than good,oppose,foster care gives children who do not have a proper home environment a chance to thrive.,Anumana,No heuristic cue matched; default to Anumana (inferential argumentative span),Anumana,moderate,yes
IBM_ArgKP,Foster care brings more harm than good,support,many foster children have behavioral or cognitive problems which foster care parents are not prepared to deal with.,Anumana,No heuristic cue matched; default to Anumana (inferential argumentative span),Anumana,moderate,yes
IBM_ArgKP,Foster care brings more harm than good,oppose,foster care brings love and warmth to children who really need it and to give them a chance to have a normal family,Anumana,No heuristic cue matched; default to Anumana (inferential argumentative span),Anumana,moderate,yes
IBM_ArgKP,Foster care brings more harm than good,support,foster care can be horrible for the child when moving from home to home and never settling down in one place.,Anumana,No heuristic cue matched; default to Anumana (inferential argumentative span),Anumana,moderate,yes
IBM_ArgKP,Foster care brings more harm than good,oppose,foster care ensures that children have a stable home which can not be given with their parents.,Anumana,No heuristic cue matched; default to Anumana (inferential argumentative span),Anumana,moderate,yes
IBM_ArgKP,Assisted suicide should be a criminal offence,support,"suicide has never been legal. it is still killing, even if one is taking ones own life.",Anumana,No heuristic cue matched; default to Anumana (inferential argumentative span),Anumana,moderate,yes
IBM_ArgKP,Assisted suicide should be a criminal offence,oppose,assisted suicide would relieve much suffering by those with a terminal illness that is too much to bear.,Anumana,No heuristic cue matched; default to Anumana (inferential argumentative span),Anumana,moderate,yes
IBM_ArgKP,Assisted suicide should be a criminal offence,support,assisted suicide should be a criminal offence because killing is wrong whether it is willingly or not,Anumana,Matched Anumana cues: because,Anumana,moderate,yes
IBM_ArgKP,Assisted suicide should be a criminal offence,oppose,assisted suicide should not be a criminal offence because a person should be able to decide how and when they want to die.,Anumana,Matched Anumana cues: because,Anumana,strong,yes
IBM_ArgKP,Assisted suicide should be a criminal offence,support,assisted suicide should be a criminal offence because people shouldn't be able to help murder others,Anumana,Matched Anumana cues: because,Anumana,moderate,yes
IBM_ArgKP,Assisted suicide should be a criminal offence,oppose,assisted suicide is a compassionate way to help people choosing to end their life in a nonviolent way.,Anumana,No heuristic cue matched; default to Anumana (inferential argumentative span),Anumana,moderate,yes
IBM_ArgKP,Assisted suicide should be a criminal offence,support,It is a criminal offense to kill someone and that is what someone assisting a person in committing suicide is doing.,Anumana,No heuristic cue matched; default to Anumana (inferential argumentative span),Anumana,moderate,yes
IBM_ArgKP,Assisted suicide should be a criminal offence,oppose,people should be allowed to die with dignity instead of suffering a long painful death.,Anumana,No heuristic cue matched; default to Anumana (inferential argumentative span),Anumana,moderate,yes
IBM_ArgKP,Assisted suicide should be a criminal offence,support,people may easily be manipulated into being a victim of assisted suicide by relatives with alterior motives,Anumana,No heuristic cue matched; default to Anumana (inferential argumentative span),Anumana,moderate,yes
IBM_ArgKP,Assisted suicide should be a criminal offence,oppose,people should be free to help people out of their pain by helping them commit suicide without the fear of prosecution,Anumana,No heuristic cue matched; default to Anumana (inferential argumentative span),Anumana,moderate,yes
IBM_ArgKP,Assisted suicide should be a criminal offence,support,assisted suicide involves murdering someone which is illegal and should be treated as such.,Anumana,No heuristic cue matched; default to Anumana (inferential argumentative span),Anumana,moderate,yes
IBM_ArgKP,Assisted suicide should be a criminal offence,oppose,"if a patient is suffering with cancer or other painful conditions, they should have a right to end their suffering",Anumana,No heuristic cue matched; default to Anumana (inferential argumentative span),Anumana,moderate,yes
IBM_ArgKP,Assisted suicide should be a criminal offence,support,assisted suicide should be a criminal offence because killing someone is wrong even if they want you to do it,Anumana,Matched Anumana cues: because,Anumana,strong,yes
IBM_ArgKP,Assisted suicide should be a criminal offence,oppose,assisted suicide shouldn't be a criminal offence because it allows the patient to have control over their final decisions,Anumana,Matched Anumana cues: because,Anumana,moderate,yes
IBM_ArgKP,We should subsidize space exploration,support,"we must continue to support space exploration economically, we must always have vision to the future and see better things",Anumana,No heuristic cue matched; default to Anumana (inferential argumentative span),Anumana,moderate,yes
IBM_ArgKP,We should subsidize space exploration,oppose,space exploration is not yielding anything useful to society and should not be subsidized.,Anumana,No heuristic cue matched; default to Anumana (inferential argumentative span),Anumana,moderate,yes
IBM_ArgKP,We should subsidize space exploration,support,"space exploration can provide valuable scientific information, and should be subsidized to ensure its continuation",Anumana,No heuristic cue matched; default to Anumana (inferential argumentative span),Anumana,moderate,yes
IBM_ArgKP,We should subsidize space exploration,oppose,"in times of austerity, no government can afford the costly exercise of subsidising space exploration.",Shabda,Matched Shabda cues: government,Shabda,moderate,yes
IBM_ArgKP,We should subsidize space exploration,support,we should subsidize space exploration because maybe there are things in space that could help the world on earth,Anumana,Matched Anumana cues: because,Anumana,moderate,yes
IBM_ArgKP,We should subsidize space exploration,oppose,"space exploration is an expenditure so esoteric, it does not justify its hefty cost to the public.",Anumana,No heuristic cue matched; default to Anumana (inferential argumentative span),Anumana,moderate,yes
IBM_ArgKP,We should subsidize space exploration,support,space exploration provides the basis for scientific development in many ways and should be subsidized,Anumana,No heuristic cue matched; default to Anumana (inferential argumentative span),Anumana,moderate,yes
IBM_ArgKP,We should subsidize space exploration,oppose,subsidizing space exploration is extremely expensive and takes money away from projects that need it now.,Anumana,No heuristic cue matched; default to Anumana (inferential argumentative span),Anumana,moderate,yes
IBM_ArgKP,We should subsidize space exploration,support,space exploration is necessary as we continue to make our earth more and more uninhabitable.,Anumana,No heuristic cue matched; default to Anumana (inferential argumentative span),Anumana,moderate,yes
IBM_ArgKP,We should subsidize space exploration,oppose,subsidize space exploration is waste of money and such a money should be invested in people.,Anumana,No heuristic cue matched; default to Anumana (inferential argumentative span),Anumana,moderate,yes
IBM_ArgKP,We should subsidize space exploration,support,we should subsidize space exploration because they could find things that are needed to make the world a better place,Anumana,Matched Anumana cues: because,Anumana,strong,yes
IBM_ArgKP,We should subsidize space exploration,oppose,space exploration costs too much money that could be spent on better thing such as helping the poor in society.,Anumana,No heuristic cue matched; default to Anumana (inferential argumentative span),Anumana,moderate,yes
IBM_ArgKP,We should subsidize space exploration,support,space exploration should be subsidized as it brings innovation and scientific development,Anumana,No heuristic cue matched; default to Anumana (inferential argumentative span),Anumana,moderate,yes
IBM_ArgKP,We should subsidize space exploration,oppose,space exploration is very costly and the money could be spent elsewhere for something more beneficial for the society,Anumana,No heuristic cue matched; default to Anumana (inferential argumentative span),Anumana,moderate,yes
IBM_ArgKP,We should end racial profiling,support,"too many innocent people are stopped, humiliated and inconvenienced, simply because of their race or ethnicity.",Anumana,Matched Anumana cues: because,Anumana,moderate,yes
IBM_ArgKP,We should end racial profiling,oppose,racial profiling is useful to monitor what is happening in society and so we should keep it.,Anumana,No heuristic cue matched; default to Anumana (inferential argumentative span),Anumana,moderate,yes
IBM_ArgKP,We should end racial profiling,support,racial profiling has been used to target minority groups that are often victims of police brutality and harrassment.,Anumana,No heuristic cue matched; default to Anumana (inferential argumentative span),Anumana,moderate,yes
IBM_ArgKP,We should end racial profiling,oppose,racial profiling is efficient and lets the cops focus on those most likely to commit a crime,Anumana,Matched Anumana cues: likely,Anumana,moderate,yes
IBM_ArgKP,We should end racial profiling,support,we should end racial profiling because all people are created equal no matter the color of their skin,Anumana,Matched Anumana cues: because,Anumana,moderate,yes
IBM_ArgKP,We should end racial profiling,oppose,"certain races and ethnic groups commit more crimes than others, so it makes sense to scrutinize them more closely.",Anumana,No heuristic cue matched; default to Anumana (inferential argumentative span),Anumana,moderate,yes
IBM_ArgKP,We should end racial profiling,support,"racial profiling distracts police from using actual evidence to catch criminals, as they are focused on skin color instead",Pratyaksha,Matched Pratyaksha cues: evidence,Pratyaksha,strong,yes
IBM_ArgKP,We should end racial profiling,oppose,racial profiling has been shown to be an effective tool in crime prevention and therefore we should allow it to continue.,Anumana,Matched Anumana cues: therefore,Anumana,strong,yes
IBM_ArgKP,We should end racial profiling,support,"racial profiling discriminates against people of color based solely on their appearance, not merit",Anumana,No heuristic cue matched; default to Anumana (inferential argumentative span),Anumana,moderate,yes
IBM_ArgKP,We should end racial profiling,oppose,we should not end racial profiling since it is still useful and of course most blacks commit all the crimes.,Anumana,No heuristic cue matched; default to Anumana (inferential argumentative span),Anumana,strong,yes
IBM_ArgKP,We should end racial profiling,support,racial profiling is a preconceived idea of people that views an entire race as criminal,Anumana,No heuristic cue matched; default to Anumana (inferential argumentative span),Anumana,moderate,yes
IBM_ArgKP,We should end racial profiling,oppose,we should not end racial profiling because it lets would-be criminals know that they are being watched.,Anumana,Matched Anumana cues: because,Anumana,moderate,yes
IBM_ArgKP,We should end racial profiling,support,racial profiling is more likely to target innocent people who have the same race as a single guilty person.,Anumana,Matched Anumana cues: likely,Anumana,moderate,yes
IBM_ArgKP,We should end racial profiling,oppose,some groups of people are more prone to crime than others and this helps police get more criminals off the streets.,Anumana,No heuristic cue matched; default to Anumana (inferential argumentative span),Anumana,moderate,yes
IBM_ArgKP,Social media platforms should be regulated by the government,support,"Yes, it is necessary to avoid junk content that causes so much damage to children's minds",Anumana,Matched Anumana cues: causes,Anumana,moderate,yes
IBM_ArgKP,Social media platforms should be regulated by the government,oppose,"With regulation, innovation dries up. But so also does the potential for exploitation.",Anumana,No heuristic cue matched; default to Anumana (inferential argumentative span),Anumana,moderate,yes
IBM_ArgKP,Social media platforms should be regulated by the government,support,Social media platforms should be regulated by the government to make sure everyone's posts meet the community standards.,Shabda,Matched Shabda cues: government,Shabda,moderate,yes
IBM_ArgKP,Social media platforms should be regulated by the government,oppose,"they must stop wanting to regulate everything, there are rights that cannot be violated such as freedom of expression",Anumana,No heuristic cue matched; default to Anumana (inferential argumentative span),Anumana,moderate,yes
IBM_ArgKP,Social media platforms should be regulated by the government,support,platforms should be controlled by the government as many conspiracy theories can be made,Shabda,Matched Shabda cues: government,Shabda,moderate,yes
IBM_ArgKP,Social media platforms should be regulated by the government,oppose,they souldn't be regulated because they just offer a platform for people to communicate and share ideas and thoughts.,Anumana,Matched Anumana cues: because,Anumana,moderate,yes
IBM_ArgKP,Social media platforms should be regulated by the government,support,Social media measures can reduce the activities of malicious people who use the networks for selfish purposes.,Anumana,No heuristic cue matched; default to Anumana (inferential argumentative span),Anumana,moderate,yes
IBM_ArgKP,Social media platforms should be regulated by the government,oppose,Social media platforms should not be regulated by the government because crimes can't be committed on the internet,Shabda,Matched Shabda cues: government,Shabda,strong,yes
IBM_ArgKP,Social media platforms should be regulated by the government,support,Social media platforms ought to be regulated by the government to stop the crimes of blackmailing.,Shabda,Matched Shabda cues: government,Shabda,moderate,yes
IBM_ArgKP,Social media platforms should be regulated by the government,oppose,Social media platforms should not be regulated by the government because everyone has the freedom to express his opinion,Shabda,Matched Shabda cues: government,Shabda,strong,yes
IBM_ArgKP,Social media platforms should be regulated by the government,support,Social media platforms should be regulated by the government to prevent criminals from affecting people minds.,Shabda,Matched Shabda cues: government,Shabda,strong,yes
IBM_ArgKP,Social media platforms should be regulated by the government,oppose,"They should not have any type of control in social networks, everyone is free to express what they want.",Anumana,No heuristic cue matched; default to Anumana (inferential argumentative span),Anumana,moderate,yes
IBM_ArgKP,Social media platforms should be regulated by the government,support,"The social media platform must be regulated by the government, to prevent hateful content, violence among others",Shabda,Matched Shabda cues: government,Shabda,strong,yes
IBM_ArgKP,Social media platforms should be regulated by the government,oppose,Social media platform should not be regulated out of respect for freedom of expression,Anumana,No heuristic cue matched; default to Anumana (inferential argumentative span),Anumana,moderate,yes
IBM_ArgKP,The USA is a good country to live in,support,It is a developed country where we can find various opportunities for the development of our lives,Anumana,No heuristic cue matched; default to Anumana (inferential argumentative span),Anumana,moderate,yes
IBM_ArgKP,The USA is a good country to live in,oppose,it doesn`t have free healthcare and it has a lot of shootings and racist systems in place.,Anumana,No heuristic cue matched; default to Anumana (inferential argumentative span),Anumana,moderate,yes
IBM_ArgKP,The USA is a good country to live in,support,"Yes, it is a country with many possibilities of getting ahead due to all the job opportunities it offers.",Anumana,No heuristic cue matched; default to Anumana (inferential argumentative span),Anumana,moderate,yes
IBM_ArgKP,The USA is a good country to live in,oppose,The USA is a very capitalist country; it does not provide universal health care or education for its citizens.,Anumana,No heuristic cue matched; default to Anumana (inferential argumentative span),Anumana,moderate,yes
IBM_ArgKP,The USA is a good country to live in,support,"Excellent, living in the United States is the goal of many people in the world. Top N ° 1",Anumana,No heuristic cue matched; default to Anumana (inferential argumentative span),Anumana,moderate,yes
IBM_ArgKP,The USA is a good country to live in,oppose,the USA is not a good country to live in because it fails to provide affordable healthcare to all its citizens.,Anumana,Matched Anumana cues: because,Anumana,strong,yes
IBM_ArgKP,The USA is a good country to live in,support,"In fact, the United States is the best part of the world to live since it is the American dream",Anumana,No heuristic cue matched; default to Anumana (inferential argumentative span),Anumana,strong,yes
IBM_ArgKP,The USA is a good country to live in,oppose,"I'm afraid there are some worries, because of the racism there, and that strangers might not get the same good treatment",Anumana,Matched Anumana cues: because,Anumana,strong,yes
IBM_ArgKP,The USA is a good country to live in,support,USA as a world power is still the American dream but this brings many people in need to emigrate.,Anumana,No heuristic cue matched; default to Anumana (inferential argumentative span),Anumana,moderate,yes
IBM_ArgKP,The USA is a good country to live in,oppose,The USA is not a good country to live in because some people don't respect the immigrants,Anumana,Matched Anumana cues: because,Anumana,moderate,yes
IBM_ArgKP,The USA is a good country to live in,support,"The United States is the country with the best economic development in the world, therefore it is the best country to live",Anumana,Matched Anumana cues: therefore,Anumana,strong,yes
IBM_ArgKP,The USA is a good country to live in,oppose,in the USA the health system is very expensive and discriminates against the poor population,Anumana,No heuristic cue matched; default to Anumana (inferential argumentative span),Anumana,moderate,yes
IBM_ArgKP,The USA is a good country to live in,support,USA is the American dream for being the world power where all technologies are at their cusp equal their opportunities,Anumana,No heuristic cue matched; default to Anumana (inferential argumentative span),Anumana,moderate,yes
IBM_ArgKP,The USA is a good country to live in,oppose,still in some states there are many robberies and other crimes that involve innocent people,Anumana,No heuristic cue matched; default to Anumana (inferential argumentative span),Anumana,moderate,yes
IBM_ArgKP,The vow of celibacy should be abandoned,support,"the vow of celibacy is antiquated and obsolete in today's world, therefore it should be abandoned.",Anumana,Matched Anumana cues: therefore,Anumana,moderate,yes
IBM_ArgKP,The vow of celibacy should be abandoned,oppose,"the vow of celibacy symbolizes a priest or nun's commitment to their calling, and is an important show of faith.",Anumana,No heuristic cue matched; default to Anumana (inferential argumentative span),Anumana,moderate,yes
IBM_ArgKP,The vow of celibacy should be abandoned,support,i think the vow of celibacy should abandoned because the group of millenials and beyond is never going to follow it.,Anumana,Matched Anumana cues: because,Anumana,strong,yes
IBM_ArgKP,The vow of celibacy should be abandoned,oppose,the vow of celibacy shouldn't be abandoned because it is sacred to become a priests and it follows the way of the bible,Anumana,Matched Anumana cues: because,Anumana,strong,yes
IBM_ArgKP,The vow of celibacy should be abandoned,support,the vow of celibacy is not necessary in this day and age as it is more widely accepted.,Anumana,No heuristic cue matched; default to Anumana (inferential argumentative span),Anumana,moderate,yes
IBM_ArgKP,The vow of celibacy should be abandoned,oppose,the vow of celibacy should be promoted as it brings the sense of self control and purity to a person's soul.,Anumana,No heuristic cue matched; default to Anumana (inferential argumentative span),Anumana,moderate,yes
IBM_ArgKP,The vow of celibacy should be abandoned,support,"it needs to be brought up to the current time and be abandoned, they have the same desires as everyone else",Anumana,No heuristic cue matched; default to Anumana (inferential argumentative span),Anumana,moderate,yes
IBM_ArgKP,The vow of celibacy should be abandoned,oppose,we should not abandon the vow of celibacy because it is a centuries old custom that is seen as sacred and holy.,Anumana,Matched Anumana cues: because,Anumana,strong,yes
IBM_ArgKP,The vow of celibacy should be abandoned,support,the vow of celibacy does not have any bearing on whether a clergy member will be good at their job or not.,Anumana,No heuristic cue matched; default to Anumana (inferential argumentative span),Anumana,moderate,yes
IBM_ArgKP,The vow of celibacy should be abandoned,oppose,When someone becomes a nun or priest they should wholly devote themselves to God only.,Anumana,No heuristic cue matched; default to Anumana (inferential argumentative span),Anumana,moderate,yes
IBM_ArgKP,The vow of celibacy should be abandoned,support,Celibacy puts undue pressure on priests and leads to secret homosexuality and pedophilia and should be stopped.,Anumana,No heuristic cue matched; default to Anumana (inferential argumentative span),Anumana,moderate,yes
IBM_ArgKP,The vow of celibacy should be abandoned,oppose,"it is a proper choice of each person who chooses celibacy, so i do not think that it should be abandoned by demand",Anumana,No heuristic cue matched; default to Anumana (inferential argumentative span),Anumana,moderate,yes
IBM_ArgKP,The vow of celibacy should be abandoned,support,"with the many number of sexual abuse cases out there, the vow of celibacy has already been broken.",Anumana,No heuristic cue matched; default to Anumana (inferential argumentative span),Anumana,moderate,yes
IBM_ArgKP,The vow of celibacy should be abandoned,oppose,being celibate is a huge sacrifice and so is a good way of measuring how much someone will sacrifice for their faith.,Anumana,No heuristic cue matched; default to Anumana (inferential argumentative span),Anumana,moderate,yes
IBM_ArgKP,We should abolish the three-strikes laws,support,the three-strikes law is unfair to those individuals who did not commit a heinous crime.,Anumana,No heuristic cue matched; default to Anumana (inferential argumentative span),Anumana,moderate,yes
IBM_ArgKP,We should abolish the three-strikes laws,oppose,three-strikes laws can help keep the violent and unruly off of the streets of regular society.,Anumana,No heuristic cue matched; default to Anumana (inferential argumentative span),Anumana,moderate,yes
IBM_ArgKP,We should abolish the three-strikes laws,support,"one effect of mandatory sentencing, and of three-strikes laws in particular, is the rapid growth of the prison population",Anumana,No heuristic cue matched; default to Anumana (inferential argumentative span),Anumana,moderate,yes
IBM_ArgKP,We should abolish the three-strikes laws,oppose,the three strikes law does a great deal to inhibit the urge to commit criminal behaviors.,Anumana,No heuristic cue matched; default to Anumana (inferential argumentative span),Anumana,moderate,yes
IBM_ArgKP,We should abolish the three-strikes laws,support,"three strikes laws have not decreased the number of crimes being committed, so they have no purpose.",Anumana,No heuristic cue matched; default to Anumana (inferential argumentative span),Anumana,moderate,yes
IBM_ArgKP,We should abolish the three-strikes laws,oppose,three strike laws can help lower crimes because they know they will get more jail time for repeated offenses,Anumana,Matched Anumana cues: because,Anumana,moderate,yes
IBM_ArgKP,We should abolish the three-strikes laws,support,three strikes laws lack nuance and fail to evaluate circumstances around crimes committed.,Anumana,No heuristic cue matched; default to Anumana (inferential argumentative span),Anumana,moderate,yes
IBM_ArgKP,We should abolish the three-strikes laws,oppose,the three-strikes law works just the way it should and puts away those that deserve to do time for repeat offenses,Anumana,No heuristic cue matched; default to Anumana (inferential argumentative span),Anumana,moderate,yes
IBM_ArgKP,We should abolish the three-strikes laws,support,sometimes people make mistakes in their life. to put an arbitrary number such as three strikes is not fair.,Anumana,No heuristic cue matched; default to Anumana (inferential argumentative span),Anumana,moderate,yes
IBM_ArgKP,We should abolish the three-strikes laws,oppose,three strikes laws make people less likely to be repeat offenders due to harsher punishments.,Anumana,Matched Anumana cues: likely,Anumana,moderate,yes
IBM_ArgKP,We should abolish the three-strikes laws,support,three strikes laws put people in jail for long periods despite committing only minor offenses.,Anumana,No heuristic cue matched; default to Anumana (inferential argumentative span),Anumana,moderate,yes
IBM_ArgKP,We should abolish the three-strikes laws,oppose,"the three-strike law acts as a very effective deterent to crime, and keeps down the prison population.",Anumana,No heuristic cue matched; default to Anumana (inferential argumentative span),Anumana,moderate,yes
IBM_ArgKP,We should abolish the three-strikes laws,support,this law is unfair to people committing small offenses that do not deserve to be put away for life.,Anumana,No heuristic cue matched; default to Anumana (inferential argumentative span),Anumana,moderate,yes
IBM_ArgKP,We should abolish the three-strikes laws,oppose,"the three strikes law will scare a felon into not committing a second, or third, offense, to avoid a life sentence.",Anumana,No heuristic cue matched; default to Anumana (inferential argumentative span),Anumana,moderate,yes
IBM_ArgKP,We should adopt a zero-tolerance policy in schools,support,zero tolerance will improve educational standards and behaviour leading to better learning outcomes.,Anumana,No heuristic cue matched; default to Anumana (inferential argumentative span),Anumana,moderate,yes
IBM_ArgKP,We should adopt a zero-tolerance policy in schools,oppose,it has been shown that children are at a higher risk of dropping out of school if there is a zero-tolerance policy in place,Anumana,No heuristic cue matched; default to Anumana (inferential argumentative span),Anumana,moderate,yes
IBM_ArgKP,We should adopt a zero-tolerance policy in schools,support,zero tolerance policies enforce fair punishment for everyone by treating all offenses the same way,Anumana,No heuristic cue matched; default to Anumana (inferential argumentative span),Anumana,moderate,yes
IBM_ArgKP,We should adopt a zero-tolerance policy in schools,oppose,students who are suspended will loose out on classes and might fail exams or even drop out of school as a result.,Anumana,No heuristic cue matched; default to Anumana (inferential argumentative span),Anumana,moderate,yes
IBM_ArgKP,We should adopt a zero-tolerance policy in schools,support,we should adopt a zero-tolerance policy because it will keep kids disciplined and the schools will be safer,Anumana,Matched Anumana cues: because,Anumana,moderate,yes
IBM_ArgKP,We should adopt a zero-tolerance policy in schools,oppose,we should not adopt a zero-tolerance policy in schools because some of the teachers would misuse the policy,Anumana,Matched Anumana cues: because,Anumana,moderate,yes
IBM_ArgKP,We should adopt a zero-tolerance policy in schools,support,we should adopt a zero-tolerance policy in schools because it should be a safe haven for children to learn in,Anumana,Matched Anumana cues: because,Anumana,strong,yes
IBM_ArgKP,We should adopt a zero-tolerance policy in schools,oppose,a zero-tolerance policy gives administrators no leeway if a student commits a less than serious crime.,Anumana,No heuristic cue matched; default to Anumana (inferential argumentative span),Anumana,moderate,yes
IBM_ArgKP,We should adopt a zero-tolerance policy in schools,support,zero tolerance policies in schools make them a safer and more disciplined place because disruptive students are removed,Anumana,Matched Anumana cues: because,Anumana,moderate,yes
IBM_ArgKP,We should adopt a zero-tolerance policy in schools,oppose,everyone makes mistakes and should be given a second chance which zero-tolerance policies will not allow.,Anumana,No heuristic cue matched; default to Anumana (inferential argumentative span),Anumana,moderate,yes
IBM_ArgKP,We should adopt a zero-tolerance policy in schools,support,"children are losing their respect for authority at an alarming rate, this is the only way we can halt that decline",Shabda,Matched Shabda cues: authority,Shabda,moderate,yes
IBM_ArgKP,We should adopt a zero-tolerance policy in schools,oppose,zero tolerance stifles young people from expressing themselves and learning from their mistakes.,Anumana,No heuristic cue matched; default to Anumana (inferential argumentative span),Anumana,moderate,yes
IBM_ArgKP,We should adopt a zero-tolerance policy in schools,support,the adoption of zero tolerance has effective in keeping bullying in check and all sorts of academic misconduct.,Anumana,No heuristic cue matched; default to Anumana (inferential argumentative span),Shabda,moderate,yes
IBM_ArgKP,We should adopt a zero-tolerance policy in schools,oppose,"these situations need to be handled on a case by case basis because many times, the culprit is not really a threat.",Anumana,Matched Anumana cues: because,Anumana,strong,yes
IBM_ArgKP,We should adopt atheism,support,atheism is the most rational outcome for our society after too many religions have ruined our lives,Anumana,No heuristic cue matched; default to Anumana (inferential argumentative span),Anumana,moderate,yes
IBM_ArgKP,We should adopt atheism,oppose,Adopting atheism takes away the freedom of worship that people are promised in this country.,Anumana,No heuristic cue matched; default to Anumana (inferential argumentative span),Anumana,moderate,yes
IBM_ArgKP,We should adopt atheism,support,Atheism is likely the correct conclusion with all the horrible things that happen in this world,Anumana,Matched Anumana cues: likely,Anumana,moderate,yes
IBM_ArgKP,We should adopt atheism,oppose,more people believe in god than don't so adopting atheism is not in line with what a majority of people believe.,Anumana,No heuristic cue matched; default to Anumana (inferential argumentative span),Anumana,moderate,yes
IBM_ArgKP,We should adopt atheism,support,"major wars have never fought over atheism, but history is full of bloody battles over religion.",Anumana,No heuristic cue matched; default to Anumana (inferential argumentative span),Anumana,moderate,yes
IBM_ArgKP,We should adopt atheism,oppose,atheism can lead to amoral behavior as there is no code of ethics or religious guidance to live by,Anumana,No heuristic cue matched; default to Anumana (inferential argumentative span),Anumana,moderate,yes
IBM_ArgKP,We should adopt atheism,support,in the interest of world peace we should adopt atheism and would then avoid religious wars,Anumana,No heuristic cue matched; default to Anumana (inferential argumentative span),Anumana,moderate,yes
IBM_ArgKP,We should adopt atheism,oppose,"adopting one religion or another is a free choice of each human being, each person adapts the belief they want and knows",Anumana,No heuristic cue matched; default to Anumana (inferential argumentative span),Anumana,moderate,yes
IBM_ArgKP,We should adopt atheism,support,religion has been the cause of countless wars so adopting atheism would put a stop to religion based conflict.,Anumana,No heuristic cue matched; default to Anumana (inferential argumentative span),Anumana,moderate,yes
IBM_ArgKP,We should adopt atheism,oppose,atheism should not be adopted because a world without a god is a world headed for destruction,Anumana,Matched Anumana cues: because,Anumana,moderate,yes
IBM_ArgKP,We should adopt atheism,support,we should adopt atheism because you can live your life freely without the worry of being judged by god,Anumana,Matched Anumana cues: because,Anumana,moderate,yes
IBM_ArgKP,We should adopt atheism,oppose,people should be free to follow their own faith and it should not be a government decision.,Shabda,Matched Shabda cues: government,Shabda,moderate,yes
IBM_ArgKP,We should adopt atheism,support,religion causes many wars and much conflict. without religion these conflicts could be avoided.,Anumana,Matched Anumana cues: causes,Anumana,moderate,yes
IBM_ArgKP,We should adopt atheism,oppose,adopting atheism infringes upon people's first amendment right to freedom of religion.,Anumana,No heuristic cue matched; default to Anumana (inferential argumentative span),Anumana,moderate,yes
IBM_ArgKP,Entrapment should be legalized,support,entrapment should be considered as legal as giving huge benefit for safe and secure society.,Anumana,No heuristic cue matched; default to Anumana (inferential argumentative span),Anumana,moderate,yes
IBM_ArgKP,Entrapment should be legalized,oppose,"entrapment is in essence encouraging a crime, and as such is surely indirectly a criminal offence in itself.",Anumana,No heuristic cue matched; default to Anumana (inferential argumentative span),Anumana,moderate,yes
IBM_ArgKP,Entrapment should be legalized,support,entrapment should be legalized because it helps catches criminals and puts them behind bars.,Anumana,Matched Anumana cues: because,Anumana,moderate,yes
IBM_ArgKP,Entrapment should be legalized,oppose,entrapment can make a person do something which in other circumstances they may not have done.,Anumana,No heuristic cue matched; default to Anumana (inferential argumentative span),Anumana,moderate,yes
IBM_ArgKP,Entrapment should be legalized,support,entrapment can be a useful tool in proving that someone is guilty of a crime when traditional methods have failed.,Anumana,No heuristic cue matched; default to Anumana (inferential argumentative span),Anumana,moderate,yes
IBM_ArgKP,Entrapment should be legalized,oppose,"entrapment is unfair and manipulative, they may not ever have committed a crime had they not been manipulated into it",Anumana,No heuristic cue matched; default to Anumana (inferential argumentative span),Anumana,moderate,yes
IBM_ArgKP,Entrapment should be legalized,support,entrapment should be legalized because it is arbitrary to ban this one type of evidence.,Anumana,Matched Anumana cues: because,Pratyaksha,strong,yes
IBM_ArgKP,Entrapment should be legalized,oppose,tricking someone into committing a crime that they wouldn't do otherwise is not right.,Anumana,No heuristic cue matched; default to Anumana (inferential argumentative span),Anumana,moderate,yes
IBM_ArgKP,Entrapment should be legalized,support,entrapment should be legalized as it is a useful tool to catch criminals when other strategies have failed.,Anumana,No heuristic cue matched; default to Anumana (inferential argumentative span),Anumana,moderate,yes
IBM_ArgKP,Entrapment should be legalized,oppose,entrapment is wrong and inducing person to do the crime from state agents is just wrong.,Anumana,No heuristic cue matched; default to Anumana (inferential argumentative span),Anumana,moderate,yes
IBM_ArgKP,Entrapment should be legalized,support,it can help to get certain information out of people. it can be easy to twist their words and catch them in a lie.,Anumana,No heuristic cue matched; default to Anumana (inferential argumentative span),Anumana,moderate,yes
IBM_ArgKP,Entrapment should be legalized,oppose,entrapment convinces people to commit a crime when they normally wouldn't and should not be legal.,Anumana,No heuristic cue matched; default to Anumana (inferential argumentative span),Anumana,moderate,yes
IBM_ArgKP,Entrapment should be legalized,support,entrapment enables law enforcement officers to better remove criminals from the streets,Anumana,No heuristic cue matched; default to Anumana (inferential argumentative span),Anumana,moderate,yes
IBM_ArgKP,Entrapment should be legalized,oppose,it should not be legal because it makes some people commit a crime that they normally would not commit,Anumana,Matched Anumana cues: because,Anumana,moderate,yes
IBM_ArgKP,The use of public defenders should be mandatory,support,this would insure that people have a legal representation regardless of the ability to hire a lawyer.,Anumana,No heuristic cue matched; default to Anumana (inferential argumentative span),Anumana,moderate,yes
IBM_ArgKP,The use of public defenders should be mandatory,oppose,being able to choose your own attorney to help determine your fate is vitally important if you have the means to do so.,Anumana,No heuristic cue matched; default to Anumana (inferential argumentative span),Anumana,moderate,yes
IBM_ArgKP,The use of public defenders should be mandatory,support,it allows the poor who don't have the funds to have legal advice to be able to attain legal advice,Anumana,No heuristic cue matched; default to Anumana (inferential argumentative span),Anumana,moderate,yes
IBM_ArgKP,The use of public defenders should be mandatory,oppose,this takes away freedom of choice in terms of hiring a lawyer that suits your own needs.,Anumana,No heuristic cue matched; default to Anumana (inferential argumentative span),Anumana,moderate,yes
IBM_ArgKP,The use of public defenders should be mandatory,support,the use of public defenders should be mandatory in order to create a more equal playing field for all accused.,Anumana,No heuristic cue matched; default to Anumana (inferential argumentative span),Anumana,moderate,yes
IBM_ArgKP,The use of public defenders should be mandatory,oppose,the government should not spend money on people who can afford their own legal representation.,Shabda,Matched Shabda cues: government,Shabda,moderate,yes
IBM_ArgKP,The use of public defenders should be mandatory,support,if everyone was to use public defenderd everyone would have an equal chance. money couldn't buy yourself out of trouble.,Anumana,No heuristic cue matched; default to Anumana (inferential argumentative span),Anumana,moderate,yes
IBM_ArgKP,The use of public defenders should be mandatory,oppose,public defenders are waste of money and should be rigged off as pointless in every means.,Anumana,No heuristic cue matched; default to Anumana (inferential argumentative span),Anumana,moderate,yes
IBM_ArgKP,The use of public defenders should be mandatory,support,public defenders should be mandatory because it puts everybody on the same playing level,Anumana,Matched Anumana cues: because,Anumana,moderate,yes
IBM_ArgKP,The use of public defenders should be mandatory,oppose,public defenders should not be mandatory for people who already plead guilty to crimes they've committed,Anumana,No heuristic cue matched; default to Anumana (inferential argumentative span),Anumana,moderate,yes
IBM_ArgKP,The use of public defenders should be mandatory,support,"this would ensure everyone, regardless of financial means, has the same level of representation, making it a fairer system.",Anumana,No heuristic cue matched; default to Anumana (inferential argumentative span),Anumana,moderate,yes
IBM_ArgKP,The use of public defenders should be mandatory,oppose,"if people can afford it, they should be able to pick which attorney they want to defend them.",Anumana,No heuristic cue matched; default to Anumana (inferential argumentative span),Anumana,moderate,yes
IBM_ArgKP,The use of public defenders should be mandatory,support,the use of public defenders would lower the rate of incarceration and alleviate overcrowding in prisons.,Anumana,No heuristic cue matched; default to Anumana (inferential argumentative span),Anumana,moderate,yes
IBM_ArgKP,The use of public defenders should be mandatory,oppose,you should prohibit the use of public defenders since they often do not provide good service,Anumana,No heuristic cue matched; default to Anumana (inferential argumentative span),Anumana,moderate,yes
IBM_ArgKP,We should subsidize vocational education,support,subsidizing vocational education will improve economy growth and will make people more successful.,Anumana,No heuristic cue matched; default to Anumana (inferential argumentative span),Anumana,moderate,yes
IBM_ArgKP,We should subsidize vocational education,oppose,"vocational education can be subsidized by private companies, we should not assume that expense",Anumana,No heuristic cue matched; default to Anumana (inferential argumentative span),Anumana,moderate,yes
IBM_ArgKP,We should subsidize vocational education,support,subsidies for vocational education would help solve the problem of skills shortages in many trades,Anumana,No heuristic cue matched; default to Anumana (inferential argumentative span),Anumana,moderate,yes
IBM_ArgKP,We should subsidize vocational education,oppose,vocational education is outdated and keeps training people in industries that keep shutting down,Anumana,No heuristic cue matched; default to Anumana (inferential argumentative span),Anumana,moderate,yes
IBM_ArgKP,We should subsidize vocational education,support,we should subsidize vocational education because there is a real need for certain trades.,Anumana,Matched Anumana cues: because,Anumana,moderate,yes
IBM_ArgKP,We should subsidize vocational education,oppose,if we subsidize vocational education it would be unfair to those who wish to enter other fields.,Anumana,No heuristic cue matched; default to Anumana (inferential argumentative span),Anumana,moderate,yes
IBM_ArgKP,We should subsidize vocational education,support,the importance of the education of our professionals must be taken into consideration in our society,Anumana,No heuristic cue matched; default to Anumana (inferential argumentative span),Anumana,moderate,yes
IBM_ArgKP,We should subsidize vocational education,oppose,subsidizing vocational education is unnecessary as those who have learnt trades can end up making a lot of money.,Anumana,No heuristic cue matched; default to Anumana (inferential argumentative span),Anumana,moderate,yes
IBM_ArgKP,We should subsidize vocational education,support,There is a national shortage of tradesmen and subsidizing vocational education would help reduce that shortage.,Anumana,No heuristic cue matched; default to Anumana (inferential argumentative span),Anumana,moderate,yes
IBM_ArgKP,We should subsidize vocational education,oppose,we should not subsidize vocational education the same way we should not subsidize higher education for everybody.,Anumana,No heuristic cue matched; default to Anumana (inferential argumentative span),Anumana,moderate,yes
IBM_ArgKP,We should subsidize vocational education,support,we should subsidize vocational education because it helps people gain knowledge for things they are passionate about,Anumana,Matched Anumana cues: because,Anumana,moderate,yes
IBM_ArgKP,We should subsidize vocational education,oppose,vocational education trains people with the types of skills that are becoming obsolete due to robotics and ai,Anumana,No heuristic cue matched; default to Anumana (inferential argumentative span),Anumana,moderate,yes
IBM_ArgKP,We should subsidize vocational education,support,too few people choose a trade. subsizing it would make it more appealing to people in a time when they are most needed.,Anumana,No heuristic cue matched; default to Anumana (inferential argumentative span),Anumana,moderate,yes
IBM_ArgKP,We should subsidize vocational education,oppose,the cost of vocational education far outweighs the benefits in terms of earnings capacity.,Anumana,No heuristic cue matched; default to Anumana (inferential argumentative span),Anumana,moderate,yes
